0
SECTION
2
HEADER
9
$ACADVER
1
AC1009
9
$INSUNITS
70
6
9
$MEASUREMENT
70
1
0
ENDSEC
0
SECTION
2
TABLES
0
TABLE
2
LAYER
70
10
0
LAYER
2
0
70
0
62
7
6
CONTINUOUS
0
LAYER
2
01_BE_PIN
70
0
62
4
6
CONTINUOUS
0
LAYER
2
02_DAY_NEO_BO
70
0
62
3
6
CONTINUOUS
0
LAYER
2
03_DAY_NEO_DAY
70
0
62
1
6
CONTINUOUS
0
LAYER
2
04_COC_KHOAN_NHOI_BO
70
0
62
2
6
CONTINUOUS
0
LAYER
2
05_DE_NEO_VIT_XOAN
70
0
62
6
6
CONTINUOUS
0
LAYER
2
06_TOA_DO_TEXT
70
0
62
7
6
CONTINUOUS
0
LAYER
2
07_BANG_THONG_KE_COC_BO
70
0
62
7
6
CONTINUOUS
0
LAYER
2
08_BANG_THONG_KE_DE_NEO
70
0
62
7
6
CONTINUOUS
0
LAYER
2
09_CHI_TIET_DE_NEO
70
0
62
2
6
CONTINUOUS
0
ENDTAB
0
TABLE
2
STYLE
70
1
0
STYLE
2
VN
70
0
40
0
41
1
50
0
71
0
42
1
3
arial.ttf
4

0
ENDTAB
0
ENDSEC
0
SECTION
2
ENTITIES
0
LINE
8
01_BE_PIN
10
-228.933
20
86.256
30
0.0
11
-152.609
21
30.803
31
0.0
0
LINE
8
01_BE_PIN
10
-152.609
20
30.803
30
0.0
11
-129.097
21
63.164
31
0.0
0
LINE
8
01_BE_PIN
10
-129.097
20
63.164
30
0.0
11
-144.958
21
74.687
31
0.0
0
LINE
8
01_BE_PIN
10
-144.958
20
74.687
30
0.0
11
-141.431
21
79.541
31
0.0
0
LINE
8
01_BE_PIN
10
-141.431
20
79.541
30
0.0
11
-201.895
21
123.47
31
0.0
0
LINE
8
01_BE_PIN
10
-201.895
20
123.47
30
0.0
11
-228.933
21
86.256
31
0.0
0
TEXT
8
01_BE_PIN
10
-166.487
20
76.32
30
0.0
40
3
1
B\U+00C8 1
7
VN
0
LINE
8
01_BE_PIN
10
-139.377
20
12.539
30
0.0
11
-110.681
21
-10.933
31
0.0
0
LINE
8
01_BE_PIN
10
-110.681
20
-10.933
30
0.0
11
-103.087
21
-1.648
31
0.0
0
LINE
8
01_BE_PIN
10
-103.087
20
-1.648
30
0.0
11
-60.763
21
-36.265
31
0.0
0
LINE
8
01_BE_PIN
10
-60.763
20
-36.265
30
0.0
11
-35.436
21
-5.302
31
0.0
0
LINE
8
01_BE_PIN
10
-35.436
20
-5.302
30
0.0
11
-106.453
21
52.789
31
0.0
0
LINE
8
01_BE_PIN
10
-106.453
20
52.789
30
0.0
11
-139.377
21
12.539
31
0.0
0
TEXT
8
01_BE_PIN
10
-92.633
20
1.863
30
0.0
40
3
1
B\U+00C8 2
7
VN
0
LINE
8
01_BE_PIN
10
12.886
20
-37.296
30
0.0
11
-1.842
21
-43.548
31
0.0
0
LINE
8
01_BE_PIN
10
-1.842
20
-43.548
30
0.0
11
-9.473
21
-25.571
31
0.0
0
LINE
8
01_BE_PIN
10
-9.473
20
-25.571
30
0.0
11
-53.658
21
-44.326
31
0.0
0
LINE
8
01_BE_PIN
10
-53.658
20
-44.326
30
0.0
11
-17.712
21
-129.008
31
0.0
0
LINE
8
01_BE_PIN
10
-17.712
20
-129.008
30
0.0
11
41.2
21
-104.001
31
0.0
0
LINE
8
01_BE_PIN
10
41.2
20
-104.001
30
0.0
11
12.886
21
-37.296
31
0.0
0
TEXT
8
01_BE_PIN
10
-4.767
20
-63.958
30
0.0
40
3
1
B\U+00C8 3
7
VN
0
LINE
8
01_BE_PIN
10
104.939
20
-93.041
30
0.0
11
104.939
21
-131.025
31
0.0
0
LINE
8
01_BE_PIN
10
104.939
20
-131.025
30
0.0
11
12.644
21
-131.025
31
0.0
0
LINE
8
01_BE_PIN
10
12.644
20
-131.025
30
0.0
11
12.644
21
-195.043
31
0.0
0
LINE
8
01_BE_PIN
10
12.644
20
-195.043
30
0.0
11
32.159
21
-195.043
31
0.0
0
LINE
8
01_BE_PIN
10
32.159
20
-195.043
30
0.0
11
32.159
21
-217.041
31
0.0
0
LINE
8
01_BE_PIN
10
32.159
20
-217.041
30
0.0
11
67.299
21
-217.041
31
0.0
0
LINE
8
01_BE_PIN
10
67.299
20
-217.041
30
0.0
11
67.299
21
-241.041
31
0.0
0
LINE
8
01_BE_PIN
10
67.299
20
-241.041
30
0.0
11
177.171
21
-241.041
31
0.0
0
LINE
8
01_BE_PIN
10
177.171
20
-241.041
30
0.0
11
177.171
21
-93.041
31
0.0
0
LINE
8
01_BE_PIN
10
177.171
20
-93.041
30
0.0
11
104.939
21
-93.041
31
0.0
0
TEXT
8
01_BE_PIN
10
78.842
20
-175.438
30
0.0
40
3
1
B\U+00C8 3A
7
VN
0
LINE
8
01_BE_PIN
10
401.135
20
-138.915
30
0.0
11
401.135
21
-94.915
31
0.0
0
LINE
8
01_BE_PIN
10
401.135
20
-94.915
30
0.0
11
219.028
21
-94.915
31
0.0
0
LINE
8
01_BE_PIN
10
219.028
20
-94.915
30
0.0
11
219.028
21
-242.914
31
0.0
0
LINE
8
01_BE_PIN
10
219.028
20
-242.914
30
0.0
11
363.495
21
-242.914
31
0.0
0
LINE
8
01_BE_PIN
10
363.495
20
-242.914
30
0.0
11
363.495
21
-138.915
31
0.0
0
LINE
8
01_BE_PIN
10
363.495
20
-138.915
30
0.0
11
401.135
21
-138.915
31
0.0
0
TEXT
8
01_BE_PIN
10
327.886
20
-158.915
30
0.0
40
3
1
B\U+00C8 5A
7
VN
0
LINE
8
01_BE_PIN
10
325.159
20
50.235
30
0.0
11
356.031
21
-57.427
31
0.0
0
LINE
8
01_BE_PIN
10
356.031
20
-57.427
30
0.0
11
461.121
21
-27.293
31
0.0
0
LINE
8
01_BE_PIN
10
461.121
20
-27.293
30
0.0
11
450.095
21
11.158
31
0.0
0
LINE
8
01_BE_PIN
10
450.095
20
11.158
30
0.0
11
416.307
21
1.469
31
0.0
0
LINE
8
01_BE_PIN
10
416.307
20
1.469
30
0.0
11
396.461
21
70.68
31
0.0
0
LINE
8
01_BE_PIN
10
396.461
20
70.68
30
0.0
11
325.159
21
50.235
31
0.0
0
TEXT
8
01_BE_PIN
10
400.862
20
8.137
30
0.0
40
3
1
B\U+00C8 6
7
VN
0
LINE
8
01_BE_PIN
10
178.855
20
-40.811
30
0.0
11
159.885
21
-40.811
31
0.0
0
LINE
8
01_BE_PIN
10
159.885
20
-40.811
30
0.0
11
159.885
21
79.189
31
0.0
0
LINE
8
01_BE_PIN
10
159.885
20
79.189
30
0.0
11
85.665
21
79.189
31
0.0
0
LINE
8
01_BE_PIN
10
85.665
20
79.189
30
0.0
11
85.665
21
-64.811
31
0.0
0
LINE
8
01_BE_PIN
10
85.665
20
-64.811
30
0.0
11
178.855
21
-64.811
31
0.0
0
LINE
8
01_BE_PIN
10
178.855
20
-64.811
30
0.0
11
178.855
21
-40.811
31
0.0
0
TEXT
8
01_BE_PIN
10
141.468
20
-8.811
30
0.0
40
3
1
B\U+00C8 7
7
VN
0
LINE
8
01_BE_PIN
10
61.923
20
281.789
30
0.0
11
61.923
21
101.789
31
0.0
0
LINE
8
01_BE_PIN
10
61.923
20
101.789
30
0.0
11
134.151
21
101.789
31
0.0
0
LINE
8
01_BE_PIN
10
134.151
20
101.789
30
0.0
11
134.151
21
167.784
31
0.0
0
LINE
8
01_BE_PIN
10
134.151
20
167.784
30
0.0
11
168.724
21
167.784
31
0.0
0
LINE
8
01_BE_PIN
10
168.724
20
167.784
30
0.0
11
168.724
21
224.031
31
0.0
0
LINE
8
01_BE_PIN
10
168.724
20
224.031
30
0.0
11
134.151
21
224.031
31
0.0
0
LINE
8
01_BE_PIN
10
134.151
20
224.031
30
0.0
11
134.151
21
281.789
31
0.0
0
LINE
8
01_BE_PIN
10
134.151
20
281.789
30
0.0
11
61.923
21
281.789
31
0.0
0
TEXT
8
01_BE_PIN
10
124.737
20
193.848
30
0.0
40
3
1
B\U+00C8 8
7
VN
0
LINE
8
01_BE_PIN
10
154.758
20
411.743
30
0.0
11
106.541
21
312.885
31
0.0
0
LINE
8
01_BE_PIN
10
106.541
20
312.885
30
0.0
11
139.376
21
296.87
31
0.0
0
LINE
8
01_BE_PIN
10
139.376
20
296.87
30
0.0
11
187.593
21
395.728
31
0.0
0
LINE
8
01_BE_PIN
10
187.593
20
395.728
30
0.0
11
154.758
21
411.743
31
0.0
0
TEXT
8
01_BE_PIN
10
147.067
20
354.307
30
0.0
40
3
1
B\U+00C8 9
7
VN
0
LINE
8
02_DAY_NEO_BO
10
-142.42
20
80.26
30
0.0
11
-134.99
21
90.48
31
0.0
0
CIRCLE
8
04_COC_KHOAN_NHOI_BO
10
-134.99
20
90.48
30
0.0
40
0.175
0
CIRCLE
8
04_COC_KHOAN_NHOI_BO
10
-134.99
20
90.48
30
0.0
40
0.5
0
POINT
8
04_COC_KHOAN_NHOI_BO
10
-134.99
20
90.48
30
0.0
0
TEXT
8
06_TOA_DO_TEXT
10
-134.09
20
91.38
30
0.0
40
1.2
1
HV-P001 (B1-D01) D350
7
VN
0
LINE
8
02_DAY_NEO_BO
10
-148.1
20
84.39
30
0.0
11
-140.05
21
95.47
31
0.0
0
CIRCLE
8
04_COC_KHOAN_NHOI_BO
10
-140.05
20
95.47
30
0.0
40
0.175
0
CIRCLE
8
04_COC_KHOAN_NHOI_BO
10
-140.05
20
95.47
30
0.0
40
0.5
0
POINT
8
04_COC_KHOAN_NHOI_BO
10
-140.05
20
95.47
30
0.0
0
TEXT
8
06_TOA_DO_TEXT
10
-139.15
20
96.37
30
0.0
40
1.2
1
HV-P002 (B1-D02) D350
7
VN
0
LINE
8
02_DAY_NEO_BO
10
-150.92
20
86.44
30
0.0
11
-141.23
21
99.78
31
0.0
0
CIRCLE
8
04_COC_KHOAN_NHOI_BO
10
-141.23
20
99.78
30
0.0
40
0.175
0
CIRCLE
8
04_COC_KHOAN_NHOI_BO
10
-141.23
20
99.78
30
0.0
40
0.5
0
POINT
8
04_COC_KHOAN_NHOI_BO
10
-141.23
20
99.78
30
0.0
0
TEXT
8
06_TOA_DO_TEXT
10
-140.33
20
100.68
30
0.0
40
1.2
1
HV-P003 (B1-D03) D350
7
VN
0
LINE
8
02_DAY_NEO_BO
10
-181.48
20
108.64
30
0.0
11
-162.49
21
134.77
31
0.0
0
CIRCLE
8
04_COC_KHOAN_NHOI_BO
10
-162.49
20
134.77
30
0.0
40
0.175
0
CIRCLE
8
04_COC_KHOAN_NHOI_BO
10
-162.49
20
134.77
30
0.0
40
0.5
0
POINT
8
04_COC_KHOAN_NHOI_BO
10
-162.49
20
134.77
30
0.0
0
TEXT
8
06_TOA_DO_TEXT
10
-161.59
20
135.67
30
0.0
40
1.2
1
HV-P004 (B1-D04) D350
7
VN
0
LINE
8
02_DAY_NEO_BO
10
-189.61
20
114.55
30
0.0
11
-170.74
21
140.52
31
0.0
0
CIRCLE
8
04_COC_KHOAN_NHOI_BO
10
-170.74
20
140.52
30
0.0
40
0.175
0
CIRCLE
8
04_COC_KHOAN_NHOI_BO
10
-170.74
20
140.52
30
0.0
40
0.5
0
POINT
8
04_COC_KHOAN_NHOI_BO
10
-170.74
20
140.52
30
0.0
0
TEXT
8
06_TOA_DO_TEXT
10
-169.84
20
141.42
30
0.0
40
1.2
1
HV-P005 (B1-D05) D350
7
VN
0
LINE
8
02_DAY_NEO_BO
10
-196.97
20
119.89
30
0.0
11
-177.5
21
146.69
31
0.0
0
CIRCLE
8
04_COC_KHOAN_NHOI_BO
10
-177.5
20
146.69
30
0.0
40
0.175
0
CIRCLE
8
04_COC_KHOAN_NHOI_BO
10
-177.5
20
146.69
30
0.0
40
0.5
0
POINT
8
04_COC_KHOAN_NHOI_BO
10
-177.5
20
146.69
30
0.0
0
TEXT
8
06_TOA_DO_TEXT
10
-176.6
20
147.59
30
0.0
40
1.2
1
HV-P006 (B1-D06) D350
7
VN
0
LINE
8
02_DAY_NEO_BO
10
-217.37
20
77.86
30
0.0
11
-224.88
21
67.52
31
0.0
0
CIRCLE
8
04_COC_KHOAN_NHOI_BO
10
-224.88
20
67.52
30
0.0
40
0.175
0
CIRCLE
8
04_COC_KHOAN_NHOI_BO
10
-224.88
20
67.52
30
0.0
40
0.5
0
POINT
8
04_COC_KHOAN_NHOI_BO
10
-224.88
20
67.52
30
0.0
0
TEXT
8
06_TOA_DO_TEXT
10
-223.98
20
68.42
30
0.0
40
1.2
1
HV-P007 (B1-D07) D350
7
VN
0
LINE
8
02_DAY_NEO_BO
10
-208.05
20
71.09
30
0.0
11
-216.19
21
59.89
31
0.0
0
CIRCLE
8
04_COC_KHOAN_NHOI_BO
10
-216.19
20
59.89
30
0.0
40
0.175
0
CIRCLE
8
04_COC_KHOAN_NHOI_BO
10
-216.19
20
59.89
30
0.0
40
0.5
0
POINT
8
04_COC_KHOAN_NHOI_BO
10
-216.19
20
59.89
30
0.0
0
TEXT
8
06_TOA_DO_TEXT
10
-215.29
20
60.79
30
0.0
40
1.2
1
HV-P008 (B1-D08) D350
7
VN
0
LINE
8
02_DAY_NEO_BO
10
-190.1
20
58.04
30
0.0
11
-195.7
21
50.34
31
0.0
0
CIRCLE
8
04_COC_KHOAN_NHOI_BO
10
-195.7
20
50.34
30
0.0
40
0.175
0
CIRCLE
8
04_COC_KHOAN_NHOI_BO
10
-195.7
20
50.34
30
0.0
40
0.5
0
POINT
8
04_COC_KHOAN_NHOI_BO
10
-195.7
20
50.34
30
0.0
0
TEXT
8
06_TOA_DO_TEXT
10
-194.8
20
51.24
30
0.0
40
1.2
1
HV-P009 (B1-D09) D350
7
VN
0
LINE
8
02_DAY_NEO_BO
10
-181.01
20
51.43
30
0.0
11
-185.52
21
45.22
31
0.0
0
CIRCLE
8
04_COC_KHOAN_NHOI_BO
10
-185.52
20
45.22
30
0.0
40
0.175
0
CIRCLE
8
04_COC_KHOAN_NHOI_BO
10
-185.52
20
45.22
30
0.0
40
0.5
0
POINT
8
04_COC_KHOAN_NHOI_BO
10
-185.52
20
45.22
30
0.0
0
TEXT
8
06_TOA_DO_TEXT
10
-184.62
20
46.12
30
0.0
40
1.2
1
HV-P010 (B1-D10) D350
7
VN
0
LINE
8
02_DAY_NEO_BO
10
-170.05
20
43.48
30
0.0
11
-174.02
21
38.02
31
0.0
0
CIRCLE
8
04_COC_KHOAN_NHOI_BO
10
-174.02
20
38.02
30
0.0
40
0.175
0
CIRCLE
8
04_COC_KHOAN_NHOI_BO
10
-174.02
20
38.02
30
0.0
40
0.5
0
POINT
8
04_COC_KHOAN_NHOI_BO
10
-174.02
20
38.02
30
0.0
0
TEXT
8
06_TOA_DO_TEXT
10
-173.12
20
38.92
30
0.0
40
1.2
1
HV-P011 (B1-D11) D350
7
VN
0
LINE
8
02_DAY_NEO_BO
10
-158.6
20
35.15
30
0.0
11
-161.95
21
30.54
31
0.0
0
CIRCLE
8
04_COC_KHOAN_NHOI_BO
10
-161.95
20
30.54
30
0.0
40
0.175
0
CIRCLE
8
04_COC_KHOAN_NHOI_BO
10
-161.95
20
30.54
30
0.0
40
0.5
0
POINT
8
04_COC_KHOAN_NHOI_BO
10
-161.95
20
30.54
30
0.0
0
TEXT
8
06_TOA_DO_TEXT
10
-161.05
20
31.44
30
0.0
40
1.2
1
HV-P012 (B1-D12) D350
7
VN
0
LINE
8
02_DAY_NEO_BO
10
-228.29
20
85.79
30
0.0
11
-236.81
21
75.64
31
0.0
0
CIRCLE
8
04_COC_KHOAN_NHOI_BO
10
-236.81
20
75.64
30
0.0
40
0.175
0
CIRCLE
8
04_COC_KHOAN_NHOI_BO
10
-236.81
20
75.64
30
0.0
40
0.5
0
POINT
8
04_COC_KHOAN_NHOI_BO
10
-236.81
20
75.64
30
0.0
0
TEXT
8
06_TOA_DO_TEXT
10
-235.91
20
76.54
30
0.0
40
1.2
1
HV-P013 (B1-D13) D350
7
VN
0
LINE
8
02_DAY_NEO_BO
10
-207.39
20
115.91
30
0.0
11
-242.11
21
141.14
31
0.0
0
CIRCLE
8
04_COC_KHOAN_NHOI_BO
10
-242.11
20
141.14
30
0.0
40
0.175
0
CIRCLE
8
04_COC_KHOAN_NHOI_BO
10
-242.11
20
141.14
30
0.0
40
0.5
0
POINT
8
04_COC_KHOAN_NHOI_BO
10
-242.11
20
141.14
30
0.0
0
TEXT
8
06_TOA_DO_TEXT
10
-241.21
20
142.04
30
0.0
40
1.2
1
HV-P014 (B1-D14) D350
7
VN
0
LINE
8
02_DAY_NEO_BO
10
-218.54
20
100.56
30
0.0
11
-249.1
21
132.21
31
0.0
0
CIRCLE
8
04_COC_KHOAN_NHOI_BO
10
-249.1
20
132.21
30
0.0
40
0.175
0
CIRCLE
8
04_COC_KHOAN_NHOI_BO
10
-249.1
20
132.21
30
0.0
40
0.5
0
POINT
8
04_COC_KHOAN_NHOI_BO
10
-249.1
20
132.21
30
0.0
0
TEXT
8
06_TOA_DO_TEXT
10
-248.2
20
133.11
30
0.0
40
1.2
1
HV-P016 (B1-D16) D350
7
VN
0
LINE
8
02_DAY_NEO_BO
10
-166.55
20
97.79
30
0.0
11
-143.06
21
104.76
31
0.0
0
CIRCLE
8
04_COC_KHOAN_NHOI_BO
10
-143.06
20
104.76
30
0.0
40
0.175
0
CIRCLE
8
04_COC_KHOAN_NHOI_BO
10
-143.06
20
104.76
30
0.0
40
0.5
0
POINT
8
04_COC_KHOAN_NHOI_BO
10
-143.06
20
104.76
30
0.0
0
TEXT
8
06_TOA_DO_TEXT
10
-142.16
20
105.66
30
0.0
40
1.2
1
HV-P017 (B1-D17) D350
7
VN
0
LINE
8
02_DAY_NEO_BO
10
-136.1
20
68.25
30
0.0
11
-126.11
21
82.01
31
0.0
0
CIRCLE
8
04_COC_KHOAN_NHOI_BO
10
-126.11
20
82.01
30
0.0
40
0.175
0
CIRCLE
8
04_COC_KHOAN_NHOI_BO
10
-126.11
20
82.01
30
0.0
40
0.5
0
POINT
8
04_COC_KHOAN_NHOI_BO
10
-126.11
20
82.01
30
0.0
0
TEXT
8
06_TOA_DO_TEXT
10
-125.21
20
82.91
30
0.0
40
1.2
1
HV-P018 (B1-D18) D350
7
VN
0
LINE
8
02_DAY_NEO_BO
10
-106.45
20
52.79
30
0.0
11
-101.87
21
64.92
31
0.0
0
CIRCLE
8
04_COC_KHOAN_NHOI_BO
10
-101.87
20
64.92
30
0.0
40
0.175
0
CIRCLE
8
04_COC_KHOAN_NHOI_BO
10
-101.87
20
64.92
30
0.0
40
0.5
0
POINT
8
04_COC_KHOAN_NHOI_BO
10
-101.87
20
64.92
30
0.0
0
TEXT
8
06_TOA_DO_TEXT
10
-100.97
20
65.82
30
0.0
40
1.2
1
HV-P020 (B2-D01) D350
7
VN
0
LINE
8
02_DAY_NEO_BO
10
-44.08
20
1.77
30
0.0
11
-20.75
21
30.29
31
0.0
0
CIRCLE
8
04_COC_KHOAN_NHOI_BO
10
-20.75
20
30.29
30
0.0
40
0.175
0
CIRCLE
8
04_COC_KHOAN_NHOI_BO
10
-20.75
20
30.29
30
0.0
40
0.5
0
POINT
8
04_COC_KHOAN_NHOI_BO
10
-20.75
20
30.29
30
0.0
0
TEXT
8
06_TOA_DO_TEXT
10
-19.85
20
31.19
30
0.0
40
1.2
1
HV-P021 (B2-D02) D350
7
VN
0
LINE
8
02_DAY_NEO_BO
10
-49.63
20
6.31
30
0.0
11
-25.24
21
36.13
31
0.0
0
CIRCLE
8
04_COC_KHOAN_NHOI_BO
10
-25.24
20
36.13
30
0.0
40
0.175
0
CIRCLE
8
04_COC_KHOAN_NHOI_BO
10
-25.24
20
36.13
30
0.0
40
0.5
0
POINT
8
04_COC_KHOAN_NHOI_BO
10
-25.24
20
36.13
30
0.0
0
TEXT
8
06_TOA_DO_TEXT
10
-24.34
20
37.03
30
0.0
40
1.2
1
HV-P022 (B2-D03) D350
7
VN
0
LINE
8
02_DAY_NEO_BO
10
-71.07
20
23.85
30
0.0
11
-44.58
21
56.23
31
0.0
0
CIRCLE
8
04_COC_KHOAN_NHOI_BO
10
-44.58
20
56.23
30
0.0
40
0.175
0
CIRCLE
8
04_COC_KHOAN_NHOI_BO
10
-44.58
20
56.23
30
0.0
40
0.5
0
POINT
8
04_COC_KHOAN_NHOI_BO
10
-44.58
20
56.23
30
0.0
0
TEXT
8
06_TOA_DO_TEXT
10
-43.68
20
57.13
30
0.0
40
1.2
1
HV-P023 (B2-D04) D350
7
VN
0
LINE
8
02_DAY_NEO_BO
10
-100.61
20
48.01
30
0.0
11
-86.21
21
65.61
31
0.0
0
CIRCLE
8
04_COC_KHOAN_NHOI_BO
10
-86.21
20
65.61
30
0.0
40
0.175
0
CIRCLE
8
04_COC_KHOAN_NHOI_BO
10
-86.21
20
65.61
30
0.0
40
0.5
0
POINT
8
04_COC_KHOAN_NHOI_BO
10
-86.21
20
65.61
30
0.0
0
TEXT
8
06_TOA_DO_TEXT
10
-85.31
20
66.51
30
0.0
40
1.2
1
HV-P024 (B2-D05) D350
7
VN
0
LINE
8
02_DAY_NEO_BO
10
-102.9
20
49.88
30
0.0
11
-90.73
21
64.76
31
0.0
0
CIRCLE
8
04_COC_KHOAN_NHOI_BO
10
-90.73
20
64.76
30
0.0
40
0.175
0
CIRCLE
8
04_COC_KHOAN_NHOI_BO
10
-90.73
20
64.76
30
0.0
40
0.5
0
POINT
8
04_COC_KHOAN_NHOI_BO
10
-90.73
20
64.76
30
0.0
0
TEXT
8
06_TOA_DO_TEXT
10
-89.83
20
65.66
30
0.0
40
1.2
1
HV-P025 (B2-D06) D350
7
VN
0
LINE
8
02_DAY_NEO_BO
10
-84.74
20
-16.66
30
0.0
11
-92.95
21
-26.7
31
0.0
0
CIRCLE
8
04_COC_KHOAN_NHOI_BO
10
-92.95
20
-26.7
30
0.0
40
0.175
0
CIRCLE
8
04_COC_KHOAN_NHOI_BO
10
-92.95
20
-26.7
30
0.0
40
0.5
0
POINT
8
04_COC_KHOAN_NHOI_BO
10
-92.95
20
-26.7
30
0.0
0
TEXT
8
06_TOA_DO_TEXT
10
-92.05
20
-25.8
30
0.0
40
1.2
1
HV-P026 (B2-D07) D350
7
VN
0
LINE
8
02_DAY_NEO_BO
10
-78.11
20
-22.08
30
0.0
11
-86.78
21
-32.68
31
0.0
0
CIRCLE
8
04_COC_KHOAN_NHOI_BO
10
-86.78
20
-32.68
30
0.0
40
0.175
0
CIRCLE
8
04_COC_KHOAN_NHOI_BO
10
-86.78
20
-32.68
30
0.0
40
0.5
0
POINT
8
04_COC_KHOAN_NHOI_BO
10
-86.78
20
-32.68
30
0.0
0
TEXT
8
06_TOA_DO_TEXT
10
-85.88
20
-31.78
30
0.0
40
1.2
1
HV-P027 (B2-D08) D350
7
VN
0
LINE
8
02_DAY_NEO_BO
10
-67.82
20
-30.5
30
0.0
11
-75.9
21
-40.38
31
0.0
0
CIRCLE
8
04_COC_KHOAN_NHOI_BO
10
-75.9
20
-40.38
30
0.0
40
0.175
0
CIRCLE
8
04_COC_KHOAN_NHOI_BO
10
-75.9
20
-40.38
30
0.0
40
0.5
0
POINT
8
04_COC_KHOAN_NHOI_BO
10
-75.9
20
-40.38
30
0.0
0
TEXT
8
06_TOA_DO_TEXT
10
-75
20
-39.48
30
0.0
40
1.2
1
HV-P028 (B2-D09) D350
7
VN
0
LINE
8
02_DAY_NEO_BO
10
-139.38
20
12.54
30
0.0
11
-154.43
21
14.11
31
0.0
0
CIRCLE
8
04_COC_KHOAN_NHOI_BO
10
-154.43
20
14.11
30
0.0
40
0.175
0
CIRCLE
8
04_COC_KHOAN_NHOI_BO
10
-154.43
20
14.11
30
0.0
40
0.5
0
POINT
8
04_COC_KHOAN_NHOI_BO
10
-154.43
20
14.11
30
0.0
0
TEXT
8
06_TOA_DO_TEXT
10
-153.53
20
15.01
30
0.0
40
1.2
1
HV-P029 (B2-D10) D350
7
VN
0
LINE
8
02_DAY_NEO_BO
10
-111.51
20
-10.25
30
0.0
11
-110.01
21
-25.18
31
0.0
0
CIRCLE
8
04_COC_KHOAN_NHOI_BO
10
-110.01
20
-25.18
30
0.0
40
0.175
0
CIRCLE
8
04_COC_KHOAN_NHOI_BO
10
-110.01
20
-25.18
30
0.0
40
0.5
0
POINT
8
04_COC_KHOAN_NHOI_BO
10
-110.01
20
-25.18
30
0.0
0
TEXT
8
06_TOA_DO_TEXT
10
-109.11
20
-24.28
30
0.0
40
1.2
1
HV-P030 (B2-D11) D350
7
VN
0
LINE
8
02_DAY_NEO_BO
10
-85.94
20
36.01
30
0.0
11
-81.11
21
65.62
31
0.0
0
CIRCLE
8
04_COC_KHOAN_NHOI_BO
10
-81.11
20
65.62
30
0.0
40
0.175
0
CIRCLE
8
04_COC_KHOAN_NHOI_BO
10
-81.11
20
65.62
30
0.0
40
0.5
0
POINT
8
04_COC_KHOAN_NHOI_BO
10
-81.11
20
65.62
30
0.0
0
TEXT
8
06_TOA_DO_TEXT
10
-80.21
20
66.52
30
0.0
40
1.2
1
HV-P033 (B2-D14) D350
7
VN
0
LINE
8
02_DAY_NEO_BO
10
-99.27
20
-4.77
30
0.0
11
-102.01
21
-21.55
31
0.0
0
CIRCLE
8
04_COC_KHOAN_NHOI_BO
10
-102.01
20
-21.55
30
0.0
40
0.175
0
CIRCLE
8
04_COC_KHOAN_NHOI_BO
10
-102.01
20
-21.55
30
0.0
40
0.5
0
POINT
8
04_COC_KHOAN_NHOI_BO
10
-102.01
20
-21.55
30
0.0
0
TEXT
8
06_TOA_DO_TEXT
10
-101.11
20
-20.65
30
0.0
40
1.2
1
HV-P034 (B2-D15) D350
7
VN
0
LINE
8
02_DAY_NEO_BO
10
-125.44
20
1.14
30
0.0
11
-161.76
21
-2.49
31
0.0
0
CIRCLE
8
04_COC_KHOAN_NHOI_BO
10
-161.76
20
-2.49
30
0.0
40
0.175
0
CIRCLE
8
04_COC_KHOAN_NHOI_BO
10
-161.76
20
-2.49
30
0.0
40
0.5
0
POINT
8
04_COC_KHOAN_NHOI_BO
10
-161.76
20
-2.49
30
0.0
0
TEXT
8
06_TOA_DO_TEXT
10
-160.86
20
-1.59
30
0.0
40
1.2
1
HV-P035 (B2-D16) D350
7
VN
0
LINE
8
02_DAY_NEO_BO
10
-60.4
20
15.12
30
0.0
11
-35.07
21
46.08
31
0.0
0
CIRCLE
8
04_COC_KHOAN_NHOI_BO
10
-35.07
20
46.08
30
0.0
40
0.175
0
CIRCLE
8
04_COC_KHOAN_NHOI_BO
10
-35.07
20
46.08
30
0.0
40
0.5
0
POINT
8
04_COC_KHOAN_NHOI_BO
10
-35.07
20
46.08
30
0.0
0
TEXT
8
06_TOA_DO_TEXT
10
-34.17
20
46.98
30
0.0
40
1.2
1
HV-P038 (B2-D19) D350
7
VN
0
LINE
8
02_DAY_NEO_BO
10
12.88
20
-37.3
30
0.0
11
24.14
21
-13.54
31
0.0
0
CIRCLE
8
04_COC_KHOAN_NHOI_BO
10
24.14
20
-13.54
30
0.0
40
0.175
0
CIRCLE
8
04_COC_KHOAN_NHOI_BO
10
24.14
20
-13.54
30
0.0
40
0.5
0
POINT
8
04_COC_KHOAN_NHOI_BO
10
24.14
20
-13.54
30
0.0
0
TEXT
8
06_TOA_DO_TEXT
10
25.04
20
-12.64
30
0.0
40
1.2
1
HV-P040 (B3-D01) D350
7
VN
0
LINE
8
02_DAY_NEO_BO
10
35.52
20
-90.62
30
0.0
11
50.13
21
-84.42
31
0.0
0
CIRCLE
8
04_COC_KHOAN_NHOI_BO
10
50.13
20
-84.42
30
0.0
40
0.175
0
CIRCLE
8
04_COC_KHOAN_NHOI_BO
10
50.13
20
-84.42
30
0.0
40
0.5
0
POINT
8
04_COC_KHOAN_NHOI_BO
10
50.13
20
-84.42
30
0.0
0
TEXT
8
06_TOA_DO_TEXT
10
51.03
20
-83.52
30
0.0
40
1.2
1
HV-P041 (B3-D02) D350
7
VN
0
LINE
8
02_DAY_NEO_BO
10
29.85
20
-77.27
30
0.0
11
45.42
21
-70.66
31
0.0
0
CIRCLE
8
04_COC_KHOAN_NHOI_BO
10
45.42
20
-70.66
30
0.0
40
0.175
0
CIRCLE
8
04_COC_KHOAN_NHOI_BO
10
45.42
20
-70.66
30
0.0
40
0.5
0
POINT
8
04_COC_KHOAN_NHOI_BO
10
45.42
20
-70.66
30
0.0
0
TEXT
8
06_TOA_DO_TEXT
10
46.32
20
-69.76
30
0.0
40
1.2
1
HV-P042 (B3-D03) D350
7
VN
0
LINE
8
02_DAY_NEO_BO
10
23.74
20
-62.88
30
0.0
11
40.02
21
-55.97
31
0.0
0
CIRCLE
8
04_COC_KHOAN_NHOI_BO
10
40.02
20
-55.97
30
0.0
40
0.175
0
CIRCLE
8
04_COC_KHOAN_NHOI_BO
10
40.02
20
-55.97
30
0.0
40
0.5
0
POINT
8
04_COC_KHOAN_NHOI_BO
10
40.02
20
-55.97
30
0.0
0
TEXT
8
06_TOA_DO_TEXT
10
40.92
20
-55.07
30
0.0
40
1.2
1
HV-P043 (B3-D04) D350
7
VN
0
LINE
8
02_DAY_NEO_BO
10
17.7
20
-48.63
30
0.0
11
36.15
21
-40.8
31
0.0
0
CIRCLE
8
04_COC_KHOAN_NHOI_BO
10
36.15
20
-40.8
30
0.0
40
0.175
0
CIRCLE
8
04_COC_KHOAN_NHOI_BO
10
36.15
20
-40.8
30
0.0
40
0.5
0
POINT
8
04_COC_KHOAN_NHOI_BO
10
36.15
20
-40.8
30
0.0
0
TEXT
8
06_TOA_DO_TEXT
10
37.05
20
-39.9
30
0.0
40
1.2
1
HV-P044 (B3-D05) D350
7
VN
0
LINE
8
02_DAY_NEO_BO
10
18.93
20
-51.54
30
0.0
11
36.91
21
-43.91
31
0.0
0
CIRCLE
8
04_COC_KHOAN_NHOI_BO
10
36.91
20
-43.91
30
0.0
40
0.175
0
CIRCLE
8
04_COC_KHOAN_NHOI_BO
10
36.91
20
-43.91
30
0.0
40
0.5
0
POINT
8
04_COC_KHOAN_NHOI_BO
10
36.91
20
-43.91
30
0.0
0
TEXT
8
06_TOA_DO_TEXT
10
37.81
20
-43.01
30
0.0
40
1.2
1
HV-P045 (B3-D06) D350
7
VN
0
LINE
8
02_DAY_NEO_BO
10
-50.69
20
-51.32
30
0.0
11
-67.33
21
-58.38
31
0.0
0
CIRCLE
8
04_COC_KHOAN_NHOI_BO
10
-67.33
20
-58.38
30
0.0
40
0.175
0
CIRCLE
8
04_COC_KHOAN_NHOI_BO
10
-67.33
20
-58.38
30
0.0
40
0.5
0
POINT
8
04_COC_KHOAN_NHOI_BO
10
-67.33
20
-58.38
30
0.0
0
TEXT
8
06_TOA_DO_TEXT
10
-66.43
20
-57.48
30
0.0
40
1.2
1
HV-P046 (B3-D07) D350
7
VN
0
LINE
8
02_DAY_NEO_BO
10
-40.36
20
-75.67
30
0.0
11
-59.73
21
-83.89
31
0.0
0
CIRCLE
8
04_COC_KHOAN_NHOI_BO
10
-59.73
20
-83.89
30
0.0
40
0.175
0
CIRCLE
8
04_COC_KHOAN_NHOI_BO
10
-59.73
20
-83.89
30
0.0
40
0.5
0
POINT
8
04_COC_KHOAN_NHOI_BO
10
-59.73
20
-83.89
30
0.0
0
TEXT
8
06_TOA_DO_TEXT
10
-58.83
20
-82.99
30
0.0
40
1.2
1
HV-P047 (B3-D08) D350
7
VN
0
LINE
8
02_DAY_NEO_BO
10
-36.44
20
-84.9
30
0.0
11
-56.16
21
-93.27
31
0.0
0
CIRCLE
8
04_COC_KHOAN_NHOI_BO
10
-56.16
20
-93.27
30
0.0
40
0.175
0
CIRCLE
8
04_COC_KHOAN_NHOI_BO
10
-56.16
20
-93.27
30
0.0
40
0.5
0
POINT
8
04_COC_KHOAN_NHOI_BO
10
-56.16
20
-93.27
30
0.0
0
TEXT
8
06_TOA_DO_TEXT
10
-55.26
20
-92.37
30
0.0
40
1.2
1
HV-P048 (B3-D09) D350
7
VN
0
LINE
8
02_DAY_NEO_BO
10
-33.48
20
-91.86
30
0.0
11
-54.6
21
-100.83
31
0.0
0
CIRCLE
8
04_COC_KHOAN_NHOI_BO
10
-54.6
20
-100.83
30
0.0
40
0.175
0
CIRCLE
8
04_COC_KHOAN_NHOI_BO
10
-54.6
20
-100.83
30
0.0
40
0.5
0
POINT
8
04_COC_KHOAN_NHOI_BO
10
-54.6
20
-100.83
30
0.0
0
TEXT
8
06_TOA_DO_TEXT
10
-53.7
20
-99.93
30
0.0
40
1.2
1
HV-P049 (B3-D10) D350
7
VN
0
LINE
8
02_DAY_NEO_BO
10
-24.42
20
-113.2
30
0.0
11
-46.25
21
-122.46
31
0.0
0
CIRCLE
8
04_COC_KHOAN_NHOI_BO
10
-46.25
20
-122.46
30
0.0
40
0.175
0
CIRCLE
8
04_COC_KHOAN_NHOI_BO
10
-46.25
20
-122.46
30
0.0
40
0.5
0
POINT
8
04_COC_KHOAN_NHOI_BO
10
-46.25
20
-122.46
30
0.0
0
TEXT
8
06_TOA_DO_TEXT
10
-45.35
20
-121.56
30
0.0
40
1.2
1
HV-P050 (B3-D11) D350
7
VN
0
LINE
8
02_DAY_NEO_BO
10
-11.75
20
-126.48
30
0.0
11
-35.8
21
-179.26
31
0.0
0
CIRCLE
8
04_COC_KHOAN_NHOI_BO
10
-35.8
20
-179.26
30
0.0
40
0.175
0
CIRCLE
8
04_COC_KHOAN_NHOI_BO
10
-35.8
20
-179.26
30
0.0
40
0.5
0
POINT
8
04_COC_KHOAN_NHOI_BO
10
-35.8
20
-179.26
30
0.0
0
TEXT
8
06_TOA_DO_TEXT
10
-34.9
20
-178.36
30
0.0
40
1.2
1
HV-P054 (B3-D15) D350
7
VN
0
LINE
8
02_DAY_NEO_BO
10
-4.58
20
-37.1
30
0.0
11
21.83
21
-16.49
31
0.0
0
CIRCLE
8
04_COC_KHOAN_NHOI_BO
10
21.83
20
-16.49
30
0.0
40
0.175
0
CIRCLE
8
04_COC_KHOAN_NHOI_BO
10
21.83
20
-16.49
30
0.0
40
0.5
0
POINT
8
04_COC_KHOAN_NHOI_BO
10
21.83
20
-16.49
30
0.0
0
TEXT
8
06_TOA_DO_TEXT
10
22.73
20
-15.59
30
0.0
40
1.2
1
HV-P055 (B3-D16) D350
7
VN
0
LINE
8
02_DAY_NEO_BO
10
-45.66
20
-63.17
30
0.0
11
-65.16
21
-69.51
31
0.0
0
CIRCLE
8
04_COC_KHOAN_NHOI_BO
10
-65.16
20
-69.51
30
0.0
40
0.175
0
CIRCLE
8
04_COC_KHOAN_NHOI_BO
10
-65.16
20
-69.51
30
0.0
40
0.5
0
POINT
8
04_COC_KHOAN_NHOI_BO
10
-65.16
20
-69.51
30
0.0
0
TEXT
8
06_TOA_DO_TEXT
10
-64.26
20
-68.61
30
0.0
40
1.2
1
HV-P057 (B3-D18) D350
7
VN
0
LINE
8
02_DAY_NEO_BO
10
40.23
20
-101.72
30
0.0
11
54.04
21
-95.87
31
0.0
0
CIRCLE
8
04_COC_KHOAN_NHOI_BO
10
54.04
20
-95.87
30
0.0
40
0.175
0
CIRCLE
8
04_COC_KHOAN_NHOI_BO
10
54.04
20
-95.87
30
0.0
40
0.5
0
POINT
8
04_COC_KHOAN_NHOI_BO
10
54.04
20
-95.87
30
0.0
0
TEXT
8
06_TOA_DO_TEXT
10
54.94
20
-94.97
30
0.0
40
1.2
1
HV-P058 (B3-D19) D350
7
VN
0
LINE
8
02_DAY_NEO_BO
10
71.3
20
-131.02
30
0.0
11
71.3
21
-113.98
31
0.0
0
CIRCLE
8
04_COC_KHOAN_NHOI_BO
10
71.3
20
-113.98
30
0.0
40
0.175
0
CIRCLE
8
04_COC_KHOAN_NHOI_BO
10
71.3
20
-113.98
30
0.0
40
0.5
0
POINT
8
04_COC_KHOAN_NHOI_BO
10
71.3
20
-113.98
30
0.0
0
TEXT
8
06_TOA_DO_TEXT
10
72.2
20
-113.08
30
0.0
40
1.2
1
HV-P062 (B3A-D01) D350
7
VN
0
LINE
8
02_DAY_NEO_BO
10
67.1
20
-131.02
30
0.0
11
67.1
21
-112.47
31
0.0
0
CIRCLE
8
04_COC_KHOAN_NHOI_BO
10
67.1
20
-112.47
30
0.0
40
0.175
0
CIRCLE
8
04_COC_KHOAN_NHOI_BO
10
67.1
20
-112.47
30
0.0
40
0.5
0
POINT
8
04_COC_KHOAN_NHOI_BO
10
67.1
20
-112.47
30
0.0
0
TEXT
8
06_TOA_DO_TEXT
10
68
20
-111.57
30
0.0
40
1.2
1
HV-P063 (B3A-D02) D350
7
VN
0
LINE
8
02_DAY_NEO_BO
10
12.64
20
-195.04
30
0.0
11
-1.29
21
-216.94
31
0.0
0
CIRCLE
8
04_COC_KHOAN_NHOI_BO
10
-1.29
20
-216.94
30
0.0
40
0.175
0
CIRCLE
8
04_COC_KHOAN_NHOI_BO
10
-1.29
20
-216.94
30
0.0
40
0.5
0
POINT
8
04_COC_KHOAN_NHOI_BO
10
-1.29
20
-216.94
30
0.0
0
TEXT
8
06_TOA_DO_TEXT
10
-0.39
20
-216.04
30
0.0
40
1.2
1
HV-P064 (B3A-D03) D350
7
VN
0
LINE
8
02_DAY_NEO_BO
10
12.64
20
-195.04
30
0.0
11
-11.5
21
-205.54
31
0.0
0
CIRCLE
8
04_COC_KHOAN_NHOI_BO
10
-11.5
20
-205.54
30
0.0
40
0.175
0
CIRCLE
8
04_COC_KHOAN_NHOI_BO
10
-11.5
20
-205.54
30
0.0
40
0.5
0
POINT
8
04_COC_KHOAN_NHOI_BO
10
-11.5
20
-205.54
30
0.0
0
TEXT
8
06_TOA_DO_TEXT
10
-10.6
20
-204.64
30
0.0
40
1.2
1
HV-P065 (B3A-D04) D350
7
VN
0
LINE
8
02_DAY_NEO_BO
10
67.3
20
-239.68
30
0.0
11
35.26
21
-244.13
31
0.0
0
CIRCLE
8
04_COC_KHOAN_NHOI_BO
10
35.26
20
-244.13
30
0.0
40
0.175
0
CIRCLE
8
04_COC_KHOAN_NHOI_BO
10
35.26
20
-244.13
30
0.0
40
0.5
0
POINT
8
04_COC_KHOAN_NHOI_BO
10
35.26
20
-244.13
30
0.0
0
TEXT
8
06_TOA_DO_TEXT
10
36.16
20
-243.23
30
0.0
40
1.2
1
HV-P066 (B3A-D05) D350
7
VN
0
LINE
8
02_DAY_NEO_BO
10
12.64
20
-195.04
30
0.0
11
-16.15
21
-195.46
31
0.0
0
CIRCLE
8
04_COC_KHOAN_NHOI_BO
10
-16.15
20
-195.46
30
0.0
40
0.175
0
CIRCLE
8
04_COC_KHOAN_NHOI_BO
10
-16.15
20
-195.46
30
0.0
40
0.5
0
POINT
8
04_COC_KHOAN_NHOI_BO
10
-16.15
20
-195.46
30
0.0
0
TEXT
8
06_TOA_DO_TEXT
10
-15.25
20
-194.56
30
0.0
40
1.2
1
HV-P067 (B3A-D06) D350
7
VN
0
LINE
8
02_DAY_NEO_BO
10
109.27
20
-241.04
30
0.0
11
109.27
21
-287.5
31
0.0
0
CIRCLE
8
04_COC_KHOAN_NHOI_BO
10
109.27
20
-287.5
30
0.0
40
0.175
0
CIRCLE
8
04_COC_KHOAN_NHOI_BO
10
109.27
20
-287.5
30
0.0
40
0.5
0
POINT
8
04_COC_KHOAN_NHOI_BO
10
109.27
20
-287.5
30
0.0
0
TEXT
8
06_TOA_DO_TEXT
10
110.17
20
-286.6
30
0.0
40
1.2
1
HV-P068 (B3A-D07) D350
7
VN
0
LINE
8
02_DAY_NEO_BO
10
120.26
20
-241.04
30
0.0
11
120.26
21
-287.94
31
0.0
0
CIRCLE
8
04_COC_KHOAN_NHOI_BO
10
120.26
20
-287.94
30
0.0
40
0.175
0
CIRCLE
8
04_COC_KHOAN_NHOI_BO
10
120.26
20
-287.94
30
0.0
40
0.5
0
POINT
8
04_COC_KHOAN_NHOI_BO
10
120.26
20
-287.94
30
0.0
0
TEXT
8
06_TOA_DO_TEXT
10
121.16
20
-287.04
30
0.0
40
1.2
1
HV-P069 (B3A-D08) D350
7
VN
0
LINE
8
02_DAY_NEO_BO
10
132.99
20
-241.04
30
0.0
11
132.99
21
-288.76
31
0.0
0
CIRCLE
8
04_COC_KHOAN_NHOI_BO
10
132.99
20
-288.76
30
0.0
40
0.175
0
CIRCLE
8
04_COC_KHOAN_NHOI_BO
10
132.99
20
-288.76
30
0.0
40
0.5
0
POINT
8
04_COC_KHOAN_NHOI_BO
10
132.99
20
-288.76
30
0.0
0
TEXT
8
06_TOA_DO_TEXT
10
133.89
20
-287.86
30
0.0
40
1.2
1
HV-P070 (B3A-D09) D350
7
VN
0
LINE
8
02_DAY_NEO_BO
10
142.42
20
-241.04
30
0.0
11
142.42
21
-288.94
31
0.0
0
CIRCLE
8
04_COC_KHOAN_NHOI_BO
10
142.42
20
-288.94
30
0.0
40
0.175
0
CIRCLE
8
04_COC_KHOAN_NHOI_BO
10
142.42
20
-288.94
30
0.0
40
0.5
0
POINT
8
04_COC_KHOAN_NHOI_BO
10
142.42
20
-288.94
30
0.0
0
TEXT
8
06_TOA_DO_TEXT
10
143.32
20
-288.04
30
0.0
40
1.2
1
HV-P071 (B3A-D10) D350
7
VN
0
LINE
8
02_DAY_NEO_BO
10
152.41
20
-241.04
30
0.0
11
152.41
21
-289.34
31
0.0
0
CIRCLE
8
04_COC_KHOAN_NHOI_BO
10
152.41
20
-289.34
30
0.0
40
0.175
0
CIRCLE
8
04_COC_KHOAN_NHOI_BO
10
152.41
20
-289.34
30
0.0
40
0.5
0
POINT
8
04_COC_KHOAN_NHOI_BO
10
152.41
20
-289.34
30
0.0
0
TEXT
8
06_TOA_DO_TEXT
10
153.31
20
-288.44
30
0.0
40
1.2
1
HV-P072 (B3A-D11) D350
7
VN
0
LINE
8
02_DAY_NEO_BO
10
164.26
20
-241.04
30
0.0
11
164.26
21
-289.8
31
0.0
0
CIRCLE
8
04_COC_KHOAN_NHOI_BO
10
164.26
20
-289.8
30
0.0
40
0.175
0
CIRCLE
8
04_COC_KHOAN_NHOI_BO
10
164.26
20
-289.8
30
0.0
40
0.5
0
POINT
8
04_COC_KHOAN_NHOI_BO
10
164.26
20
-289.8
30
0.0
0
TEXT
8
06_TOA_DO_TEXT
10
165.16
20
-288.9
30
0.0
40
1.2
1
HV-P073 (B3A-D12) D350
7
VN
0
LINE
8
02_DAY_NEO_BO
10
177.17
20
-241.04
30
0.0
11
177.85
21
-290.39
31
0.0
0
CIRCLE
8
04_COC_KHOAN_NHOI_BO
10
177.85
20
-290.39
30
0.0
40
0.175
0
CIRCLE
8
04_COC_KHOAN_NHOI_BO
10
177.85
20
-290.39
30
0.0
40
0.5
0
POINT
8
04_COC_KHOAN_NHOI_BO
10
177.85
20
-290.39
30
0.0
0
TEXT
8
06_TOA_DO_TEXT
10
178.75
20
-289.49
30
0.0
40
1.2
1
HV-P074 (B3A-D13) D350
7
VN
0
LINE
8
02_DAY_NEO_BO
10
177.17
20
-241.04
30
0.0
11
186.56
21
-290.82
31
0.0
0
CIRCLE
8
04_COC_KHOAN_NHOI_BO
10
186.56
20
-290.82
30
0.0
40
0.175
0
CIRCLE
8
04_COC_KHOAN_NHOI_BO
10
186.56
20
-290.82
30
0.0
40
0.5
0
POINT
8
04_COC_KHOAN_NHOI_BO
10
186.56
20
-290.82
30
0.0
0
TEXT
8
06_TOA_DO_TEXT
10
187.46
20
-289.92
30
0.0
40
1.2
1
HV-P075 (B3A-D14) D350
7
VN
0
LINE
8
02_DAY_NEO_BO
10
177.17
20
-241.04
30
0.0
11
197.5
21
-291.25
31
0.0
0
CIRCLE
8
04_COC_KHOAN_NHOI_BO
10
197.5
20
-291.25
30
0.0
40
0.175
0
CIRCLE
8
04_COC_KHOAN_NHOI_BO
10
197.5
20
-291.25
30
0.0
40
0.5
0
POINT
8
04_COC_KHOAN_NHOI_BO
10
197.5
20
-291.25
30
0.0
0
TEXT
8
06_TOA_DO_TEXT
10
198.4
20
-290.35
30
0.0
40
1.2
1
HV-P076 (B3A-D15) D350
7
VN
0
LINE
8
02_DAY_NEO_BO
10
104.94
20
-101.35
30
0.0
11
82.12
21
-101.35
31
0.0
0
CIRCLE
8
04_COC_KHOAN_NHOI_BO
10
82.12
20
-101.35
30
0.0
40
0.175
0
CIRCLE
8
04_COC_KHOAN_NHOI_BO
10
82.12
20
-101.35
30
0.0
40
0.5
0
POINT
8
04_COC_KHOAN_NHOI_BO
10
82.12
20
-101.35
30
0.0
0
TEXT
8
06_TOA_DO_TEXT
10
83.02
20
-100.45
30
0.0
40
1.2
1
HV-P077 (B3A-D16) D350
7
VN
0
LINE
8
02_DAY_NEO_BO
10
104.94
20
-106.44
30
0.0
11
82.15
21
-106.44
31
0.0
0
CIRCLE
8
04_COC_KHOAN_NHOI_BO
10
82.15
20
-106.44
30
0.0
40
0.175
0
CIRCLE
8
04_COC_KHOAN_NHOI_BO
10
82.15
20
-106.44
30
0.0
40
0.5
0
POINT
8
04_COC_KHOAN_NHOI_BO
10
82.15
20
-106.44
30
0.0
0
TEXT
8
06_TOA_DO_TEXT
10
83.05
20
-105.54
30
0.0
40
1.2
1
HV-P078 (B3A-D17) D350
7
VN
0
LINE
8
02_DAY_NEO_BO
10
104.94
20
-120.94
30
0.0
11
81.83
21
-110.16
31
0.0
0
CIRCLE
8
04_COC_KHOAN_NHOI_BO
10
81.83
20
-110.16
30
0.0
40
0.175
0
CIRCLE
8
04_COC_KHOAN_NHOI_BO
10
81.83
20
-110.16
30
0.0
40
0.5
0
POINT
8
04_COC_KHOAN_NHOI_BO
10
81.83
20
-110.16
30
0.0
0
TEXT
8
06_TOA_DO_TEXT
10
82.73
20
-109.26
30
0.0
40
1.2
1
HV-P079 (B3A-D18) D350
7
VN
0
LINE
8
02_DAY_NEO_BO
10
100.52
20
-131.02
30
0.0
11
77.16
21
-111.41
31
0.0
0
CIRCLE
8
04_COC_KHOAN_NHOI_BO
10
77.16
20
-111.41
30
0.0
40
0.175
0
CIRCLE
8
04_COC_KHOAN_NHOI_BO
10
77.16
20
-111.41
30
0.0
40
0.5
0
POINT
8
04_COC_KHOAN_NHOI_BO
10
77.16
20
-111.41
30
0.0
0
TEXT
8
06_TOA_DO_TEXT
10
78.06
20
-110.51
30
0.0
40
1.2
1
HV-P080 (B3A-D19) D350
7
VN
0
LINE
8
02_DAY_NEO_BO
10
86.02
20
-131.02
30
0.0
11
79.69
21
-113.64
31
0.0
0
CIRCLE
8
04_COC_KHOAN_NHOI_BO
10
79.69
20
-113.64
30
0.0
40
0.175
0
CIRCLE
8
04_COC_KHOAN_NHOI_BO
10
79.69
20
-113.64
30
0.0
40
0.5
0
POINT
8
04_COC_KHOAN_NHOI_BO
10
79.69
20
-113.64
30
0.0
0
TEXT
8
06_TOA_DO_TEXT
10
80.59
20
-112.74
30
0.0
40
1.2
1
HV-P081 (B3A-D20) D350
7
VN
0
LINE
8
02_DAY_NEO_BO
10
12.64
20
-150.32
30
0.0
11
-33.69
21
-177.07
31
0.0
0
CIRCLE
8
04_COC_KHOAN_NHOI_BO
10
-33.69
20
-177.07
30
0.0
40
0.175
0
CIRCLE
8
04_COC_KHOAN_NHOI_BO
10
-33.69
20
-177.07
30
0.0
40
0.5
0
POINT
8
04_COC_KHOAN_NHOI_BO
10
-33.69
20
-177.07
30
0.0
0
TEXT
8
06_TOA_DO_TEXT
10
-32.79
20
-176.17
30
0.0
40
1.2
1
HV-P086 (B3A-D25) D350
7
VN
0
LINE
8
02_DAY_NEO_BO
10
12.64
20
-165.32
30
0.0
11
-19.89
21
-190.28
31
0.0
0
CIRCLE
8
04_COC_KHOAN_NHOI_BO
10
-19.89
20
-190.28
30
0.0
40
0.175
0
CIRCLE
8
04_COC_KHOAN_NHOI_BO
10
-19.89
20
-190.28
30
0.0
40
0.5
0
POINT
8
04_COC_KHOAN_NHOI_BO
10
-19.89
20
-190.28
30
0.0
0
TEXT
8
06_TOA_DO_TEXT
10
-18.99
20
-189.38
30
0.0
40
1.2
1
HV-P087 (B3A-D26) D350
7
VN
0
LINE
8
02_DAY_NEO_BO
10
12.64
20
-180.07
30
0.0
11
-19.53
21
-195.07
31
0.0
0
CIRCLE
8
04_COC_KHOAN_NHOI_BO
10
-19.53
20
-195.07
30
0.0
40
0.175
0
CIRCLE
8
04_COC_KHOAN_NHOI_BO
10
-19.53
20
-195.07
30
0.0
40
0.5
0
POINT
8
04_COC_KHOAN_NHOI_BO
10
-19.53
20
-195.07
30
0.0
0
TEXT
8
06_TOA_DO_TEXT
10
-18.63
20
-194.17
30
0.0
40
1.2
1
HV-P088 (B3A-D27) D350
7
VN
0
LINE
8
02_DAY_NEO_BO
10
26.89
20
-195.04
30
0.0
11
4.62
21
-217.31
31
0.0
0
CIRCLE
8
04_COC_KHOAN_NHOI_BO
10
4.62
20
-217.31
30
0.0
40
0.175
0
CIRCLE
8
04_COC_KHOAN_NHOI_BO
10
4.62
20
-217.31
30
0.0
40
0.5
0
POINT
8
04_COC_KHOAN_NHOI_BO
10
4.62
20
-217.31
30
0.0
0
TEXT
8
06_TOA_DO_TEXT
10
5.52
20
-216.41
30
0.0
40
1.2
1
HV-P089 (B3A-D28) D350
7
VN
0
LINE
8
02_DAY_NEO_BO
10
32.16
20
-204.02
30
0.0
11
14.16
21
-225.47
31
0.0
0
CIRCLE
8
04_COC_KHOAN_NHOI_BO
10
14.16
20
-225.47
30
0.0
40
0.175
0
CIRCLE
8
04_COC_KHOAN_NHOI_BO
10
14.16
20
-225.47
30
0.0
40
0.5
0
POINT
8
04_COC_KHOAN_NHOI_BO
10
14.16
20
-225.47
30
0.0
0
TEXT
8
06_TOA_DO_TEXT
10
15.06
20
-224.57
30
0.0
40
1.2
1
HV-P090 (B3A-D29) D350
7
VN
0
LINE
8
02_DAY_NEO_BO
10
33.39
20
-217.04
30
0.0
11
25.36
21
-234.26
31
0.0
0
CIRCLE
8
04_COC_KHOAN_NHOI_BO
10
25.36
20
-234.26
30
0.0
40
0.175
0
CIRCLE
8
04_COC_KHOAN_NHOI_BO
10
25.36
20
-234.26
30
0.0
40
0.5
0
POINT
8
04_COC_KHOAN_NHOI_BO
10
25.36
20
-234.26
30
0.0
0
TEXT
8
06_TOA_DO_TEXT
10
26.26
20
-233.36
30
0.0
40
1.2
1
HV-P091 (B3A-D30) D350
7
VN
0
LINE
8
02_DAY_NEO_BO
10
47.64
20
-217.04
30
0.0
11
28.19
21
-236.49
31
0.0
0
CIRCLE
8
04_COC_KHOAN_NHOI_BO
10
28.19
20
-236.49
30
0.0
40
0.175
0
CIRCLE
8
04_COC_KHOAN_NHOI_BO
10
28.19
20
-236.49
30
0.0
40
0.5
0
POINT
8
04_COC_KHOAN_NHOI_BO
10
28.19
20
-236.49
30
0.0
0
TEXT
8
06_TOA_DO_TEXT
10
29.09
20
-235.59
30
0.0
40
1.2
1
HV-P092 (B3A-D31) D350
7
VN
0
LINE
8
02_DAY_NEO_BO
10
61.64
20
-217.04
30
0.0
11
28.05
21
-240.56
31
0.0
0
CIRCLE
8
04_COC_KHOAN_NHOI_BO
10
28.05
20
-240.56
30
0.0
40
0.175
0
CIRCLE
8
04_COC_KHOAN_NHOI_BO
10
28.05
20
-240.56
30
0.0
40
0.5
0
POINT
8
04_COC_KHOAN_NHOI_BO
10
28.05
20
-240.56
30
0.0
0
TEXT
8
06_TOA_DO_TEXT
10
28.95
20
-239.66
30
0.0
40
1.2
1
HV-P093 (B3A-D32) D350
7
VN
0
LINE
8
02_DAY_NEO_BO
10
67.3
20
-225.63
30
0.0
11
31.09
21
-239.68
31
0.0
0
CIRCLE
8
04_COC_KHOAN_NHOI_BO
10
31.09
20
-239.68
30
0.0
40
0.175
0
CIRCLE
8
04_COC_KHOAN_NHOI_BO
10
31.09
20
-239.68
30
0.0
40
0.5
0
POINT
8
04_COC_KHOAN_NHOI_BO
10
31.09
20
-239.68
30
0.0
0
TEXT
8
06_TOA_DO_TEXT
10
31.99
20
-238.78
30
0.0
40
1.2
1
HV-P094 (B3A-D33) D350
7
VN
0
LINE
8
02_DAY_NEO_BO
10
80.44
20
-241.04
30
0.0
11
80.44
21
-284.54
31
0.0
0
CIRCLE
8
04_COC_KHOAN_NHOI_BO
10
80.44
20
-284.54
30
0.0
40
0.175
0
CIRCLE
8
04_COC_KHOAN_NHOI_BO
10
80.44
20
-284.54
30
0.0
40
0.5
0
POINT
8
04_COC_KHOAN_NHOI_BO
10
80.44
20
-284.54
30
0.0
0
TEXT
8
06_TOA_DO_TEXT
10
81.34
20
-283.64
30
0.0
40
1.2
1
HV-P095 (B3A-D34) D350
7
VN
0
LINE
8
02_DAY_NEO_BO
10
94.94
20
-241.04
30
0.0
11
94.94
21
-285.54
31
0.0
0
CIRCLE
8
04_COC_KHOAN_NHOI_BO
10
94.94
20
-285.54
30
0.0
40
0.175
0
CIRCLE
8
04_COC_KHOAN_NHOI_BO
10
94.94
20
-285.54
30
0.0
40
0.5
0
POINT
8
04_COC_KHOAN_NHOI_BO
10
94.94
20
-285.54
30
0.0
0
TEXT
8
06_TOA_DO_TEXT
10
95.84
20
-284.64
30
0.0
40
1.2
1
HV-P096 (B3A-D35) D350
7
VN
0
LINE
8
02_DAY_NEO_BO
10
219.03
20
-242.91
30
0.0
11
219.74
21
-292.14
31
0.0
0
CIRCLE
8
04_COC_KHOAN_NHOI_BO
10
219.74
20
-292.14
30
0.0
40
0.175
0
CIRCLE
8
04_COC_KHOAN_NHOI_BO
10
219.74
20
-292.14
30
0.0
40
0.5
0
POINT
8
04_COC_KHOAN_NHOI_BO
10
219.74
20
-292.14
30
0.0
0
TEXT
8
06_TOA_DO_TEXT
10
220.64
20
-291.24
30
0.0
40
1.2
1
HV-P112 (B5A-D01) D350
7
VN
0
LINE
8
02_DAY_NEO_BO
10
363.5
20
-230.56
30
0.0
11
405.89
21
-230.56
31
0.0
0
CIRCLE
8
04_COC_KHOAN_NHOI_BO
10
405.89
20
-230.56
30
0.0
40
0.175
0
CIRCLE
8
04_COC_KHOAN_NHOI_BO
10
405.89
20
-230.56
30
0.0
40
0.5
0
POINT
8
04_COC_KHOAN_NHOI_BO
10
405.89
20
-230.56
30
0.0
0
TEXT
8
06_TOA_DO_TEXT
10
406.79
20
-229.66
30
0.0
40
1.2
1
HV-P113 (B5A-D02) D350
7
VN
0
LINE
8
02_DAY_NEO_BO
10
363.5
20
-241.47
30
0.0
11
392.37
21
-246.48
31
0.0
0
CIRCLE
8
04_COC_KHOAN_NHOI_BO
10
392.37
20
-246.48
30
0.0
40
0.175
0
CIRCLE
8
04_COC_KHOAN_NHOI_BO
10
392.37
20
-246.48
30
0.0
40
0.5
0
POINT
8
04_COC_KHOAN_NHOI_BO
10
392.37
20
-246.48
30
0.0
0
TEXT
8
06_TOA_DO_TEXT
10
393.27
20
-245.58
30
0.0
40
1.2
1
HV-P114 (B5A-D03) D350
7
VN
0
LINE
8
02_DAY_NEO_BO
10
363.5
20
-241.47
30
0.0
11
385.01
21
-253.64
31
0.0
0
CIRCLE
8
04_COC_KHOAN_NHOI_BO
10
385.01
20
-253.64
30
0.0
40
0.175
0
CIRCLE
8
04_COC_KHOAN_NHOI_BO
10
385.01
20
-253.64
30
0.0
40
0.5
0
POINT
8
04_COC_KHOAN_NHOI_BO
10
385.01
20
-253.64
30
0.0
0
TEXT
8
06_TOA_DO_TEXT
10
385.91
20
-252.74
30
0.0
40
1.2
1
HV-P115 (B5A-D04) D350
7
VN
0
LINE
8
02_DAY_NEO_BO
10
363.5
20
-241.47
30
0.0
11
379.04
21
-259.57
31
0.0
0
CIRCLE
8
04_COC_KHOAN_NHOI_BO
10
379.04
20
-259.57
30
0.0
40
0.175
0
CIRCLE
8
04_COC_KHOAN_NHOI_BO
10
379.04
20
-259.57
30
0.0
40
0.5
0
POINT
8
04_COC_KHOAN_NHOI_BO
10
379.04
20
-259.57
30
0.0
0
TEXT
8
06_TOA_DO_TEXT
10
379.94
20
-258.67
30
0.0
40
1.2
1
HV-P116 (B5A-D05) D350
7
VN
0
LINE
8
02_DAY_NEO_BO
10
401.14
20
-132.72
30
0.0
11
421.97
21
-132.72
31
0.0
0
CIRCLE
8
04_COC_KHOAN_NHOI_BO
10
421.97
20
-132.72
30
0.0
40
0.175
0
CIRCLE
8
04_COC_KHOAN_NHOI_BO
10
421.97
20
-132.72
30
0.0
40
0.5
0
POINT
8
04_COC_KHOAN_NHOI_BO
10
421.97
20
-132.72
30
0.0
0
TEXT
8
06_TOA_DO_TEXT
10
422.87
20
-131.82
30
0.0
40
1.2
1
HV-P117 (B5A-D06) D350
7
VN
0
LINE
8
02_DAY_NEO_BO
10
401.14
20
-119
30
0.0
11
419.64
21
-119
31
0.0
0
CIRCLE
8
04_COC_KHOAN_NHOI_BO
10
419.64
20
-119
30
0.0
40
0.175
0
CIRCLE
8
04_COC_KHOAN_NHOI_BO
10
419.64
20
-119
30
0.0
40
0.5
0
POINT
8
04_COC_KHOAN_NHOI_BO
10
419.64
20
-119
30
0.0
0
TEXT
8
06_TOA_DO_TEXT
10
420.54
20
-118.1
30
0.0
40
1.2
1
HV-P118 (B5A-D07) D350
7
VN
0
LINE
8
02_DAY_NEO_BO
10
401.14
20
-138.91
30
0.0
11
422.16
21
-143.26
31
0.0
0
CIRCLE
8
04_COC_KHOAN_NHOI_BO
10
422.16
20
-143.26
30
0.0
40
0.175
0
CIRCLE
8
04_COC_KHOAN_NHOI_BO
10
422.16
20
-143.26
30
0.0
40
0.5
0
POINT
8
04_COC_KHOAN_NHOI_BO
10
422.16
20
-143.26
30
0.0
0
TEXT
8
06_TOA_DO_TEXT
10
423.06
20
-142.36
30
0.0
40
1.2
1
HV-P119 (B5A-D08) D350
7
VN
0
LINE
8
02_DAY_NEO_BO
10
401.14
20
-138.91
30
0.0
11
419.97
21
-145.88
31
0.0
0
CIRCLE
8
04_COC_KHOAN_NHOI_BO
10
419.97
20
-145.88
30
0.0
40
0.175
0
CIRCLE
8
04_COC_KHOAN_NHOI_BO
10
419.97
20
-145.88
30
0.0
40
0.5
0
POINT
8
04_COC_KHOAN_NHOI_BO
10
419.97
20
-145.88
30
0.0
0
TEXT
8
06_TOA_DO_TEXT
10
420.87
20
-144.98
30
0.0
40
1.2
1
HV-P120 (B5A-D09) D350
7
VN
0
LINE
8
02_DAY_NEO_BO
10
401.14
20
-104.25
30
0.0
11
415.42
21
-101.73
31
0.0
0
CIRCLE
8
04_COC_KHOAN_NHOI_BO
10
415.42
20
-101.73
30
0.0
40
0.175
0
CIRCLE
8
04_COC_KHOAN_NHOI_BO
10
415.42
20
-101.73
30
0.0
40
0.5
0
POINT
8
04_COC_KHOAN_NHOI_BO
10
415.42
20
-101.73
30
0.0
0
TEXT
8
06_TOA_DO_TEXT
10
416.32
20
-100.83
30
0.0
40
1.2
1
HV-P121 (B5A-D10) D350
7
VN
0
LINE
8
02_DAY_NEO_BO
10
395.72
20
-94.91
30
0.0
11
412.34
21
-78.29
31
0.0
0
CIRCLE
8
04_COC_KHOAN_NHOI_BO
10
412.34
20
-78.29
30
0.0
40
0.175
0
CIRCLE
8
04_COC_KHOAN_NHOI_BO
10
412.34
20
-78.29
30
0.0
40
0.5
0
POINT
8
04_COC_KHOAN_NHOI_BO
10
412.34
20
-78.29
30
0.0
0
TEXT
8
06_TOA_DO_TEXT
10
413.24
20
-77.39
30
0.0
40
1.2
1
HV-P122 (B5A-D11) D350
7
VN
0
LINE
8
02_DAY_NEO_BO
10
380.97
20
-94.91
30
0.0
11
416.91
21
-74.16
31
0.0
0
CIRCLE
8
04_COC_KHOAN_NHOI_BO
10
416.91
20
-74.16
30
0.0
40
0.175
0
CIRCLE
8
04_COC_KHOAN_NHOI_BO
10
416.91
20
-74.16
30
0.0
40
0.5
0
POINT
8
04_COC_KHOAN_NHOI_BO
10
416.91
20
-74.16
30
0.0
0
TEXT
8
06_TOA_DO_TEXT
10
417.81
20
-73.26
30
0.0
40
1.2
1
HV-P123 (B5A-D12) D350
7
VN
0
LINE
8
02_DAY_NEO_BO
10
321.97
20
-94.91
30
0.0
11
287.57
21
-50.09
31
0.0
0
CIRCLE
8
04_COC_KHOAN_NHOI_BO
10
287.57
20
-50.09
30
0.0
40
0.175
0
CIRCLE
8
04_COC_KHOAN_NHOI_BO
10
287.57
20
-50.09
30
0.0
40
0.5
0
POINT
8
04_COC_KHOAN_NHOI_BO
10
287.57
20
-50.09
30
0.0
0
TEXT
8
06_TOA_DO_TEXT
10
288.47
20
-49.19
30
0.0
40
1.2
1
HV-P127 (B5A-D16) D350
7
VN
0
LINE
8
02_DAY_NEO_BO
10
307.22
20
-94.91
30
0.0
11
280.43
21
-60
31
0.0
0
CIRCLE
8
04_COC_KHOAN_NHOI_BO
10
280.43
20
-60
30
0.0
40
0.175
0
CIRCLE
8
04_COC_KHOAN_NHOI_BO
10
280.43
20
-60
30
0.0
40
0.5
0
POINT
8
04_COC_KHOAN_NHOI_BO
10
280.43
20
-60
30
0.0
0
TEXT
8
06_TOA_DO_TEXT
10
281.33
20
-59.1
30
0.0
40
1.2
1
HV-P128 (B5A-D17) D350
7
VN
0
LINE
8
02_DAY_NEO_BO
10
292.47
20
-94.91
30
0.0
11
273.29
21
-69.92
31
0.0
0
CIRCLE
8
04_COC_KHOAN_NHOI_BO
10
273.29
20
-69.92
30
0.0
40
0.175
0
CIRCLE
8
04_COC_KHOAN_NHOI_BO
10
273.29
20
-69.92
30
0.0
40
0.5
0
POINT
8
04_COC_KHOAN_NHOI_BO
10
273.29
20
-69.92
30
0.0
0
TEXT
8
06_TOA_DO_TEXT
10
274.19
20
-69.02
30
0.0
40
1.2
1
HV-P129 (B5A-D18) D350
7
VN
0
LINE
8
02_DAY_NEO_BO
10
277.72
20
-94.91
30
0.0
11
270.6
21
-68.35
31
0.0
0
CIRCLE
8
04_COC_KHOAN_NHOI_BO
10
270.6
20
-68.35
30
0.0
40
0.175
0
CIRCLE
8
04_COC_KHOAN_NHOI_BO
10
270.6
20
-68.35
30
0.0
40
0.5
0
POINT
8
04_COC_KHOAN_NHOI_BO
10
270.6
20
-68.35
30
0.0
0
TEXT
8
06_TOA_DO_TEXT
10
271.5
20
-67.45
30
0.0
40
1.2
1
HV-P130 (B5A-D19) D350
7
VN
0
LINE
8
02_DAY_NEO_BO
10
262.97
20
-94.91
30
0.0
11
262.97
21
-68.91
31
0.0
0
CIRCLE
8
04_COC_KHOAN_NHOI_BO
10
262.97
20
-68.91
30
0.0
40
0.175
0
CIRCLE
8
04_COC_KHOAN_NHOI_BO
10
262.97
20
-68.91
30
0.0
40
0.5
0
POINT
8
04_COC_KHOAN_NHOI_BO
10
262.97
20
-68.91
30
0.0
0
TEXT
8
06_TOA_DO_TEXT
10
263.87
20
-68.01
30
0.0
40
1.2
1
HV-P131 (B5A-D20) D350
7
VN
0
LINE
8
02_DAY_NEO_BO
10
248.22
20
-94.91
30
0.0
11
253.08
21
-67.34
31
0.0
0
CIRCLE
8
04_COC_KHOAN_NHOI_BO
10
253.08
20
-67.34
30
0.0
40
0.175
0
CIRCLE
8
04_COC_KHOAN_NHOI_BO
10
253.08
20
-67.34
30
0.0
40
0.5
0
POINT
8
04_COC_KHOAN_NHOI_BO
10
253.08
20
-67.34
30
0.0
0
TEXT
8
06_TOA_DO_TEXT
10
253.98
20
-66.44
30
0.0
40
1.2
1
HV-P132 (B5A-D21) D350
7
VN
0
LINE
8
02_DAY_NEO_BO
10
233.47
20
-94.91
30
0.0
11
247.84
21
-64.1
31
0.0
0
CIRCLE
8
04_COC_KHOAN_NHOI_BO
10
247.84
20
-64.1
30
0.0
40
0.175
0
CIRCLE
8
04_COC_KHOAN_NHOI_BO
10
247.84
20
-64.1
30
0.0
40
0.5
0
POINT
8
04_COC_KHOAN_NHOI_BO
10
247.84
20
-64.1
30
0.0
0
TEXT
8
06_TOA_DO_TEXT
10
248.74
20
-63.2
30
0.0
40
1.2
1
HV-P133 (B5A-D22) D350
7
VN
0
LINE
8
02_DAY_NEO_BO
10
233.52
20
-242.91
30
0.0
11
229.29
21
-291.23
31
0.0
0
CIRCLE
8
04_COC_KHOAN_NHOI_BO
10
229.29
20
-291.23
30
0.0
40
0.175
0
CIRCLE
8
04_COC_KHOAN_NHOI_BO
10
229.29
20
-291.23
30
0.0
40
0.5
0
POINT
8
04_COC_KHOAN_NHOI_BO
10
229.29
20
-291.23
30
0.0
0
TEXT
8
06_TOA_DO_TEXT
10
230.19
20
-290.33
30
0.0
40
1.2
1
HV-P144 (B5A-D33) D350
7
VN
0
LINE
8
02_DAY_NEO_BO
10
248.02
20
-242.91
30
0.0
11
248.02
21
-291.91
31
0.0
0
CIRCLE
8
04_COC_KHOAN_NHOI_BO
10
248.02
20
-291.91
30
0.0
40
0.175
0
CIRCLE
8
04_COC_KHOAN_NHOI_BO
10
248.02
20
-291.91
30
0.0
40
0.5
0
POINT
8
04_COC_KHOAN_NHOI_BO
10
248.02
20
-291.91
30
0.0
0
TEXT
8
06_TOA_DO_TEXT
10
248.92
20
-291.01
30
0.0
40
1.2
1
HV-P145 (B5A-D34) D350
7
VN
0
LINE
8
02_DAY_NEO_BO
10
262.52
20
-242.91
30
0.0
11
262.52
21
-292.41
31
0.0
0
CIRCLE
8
04_COC_KHOAN_NHOI_BO
10
262.52
20
-292.41
30
0.0
40
0.175
0
CIRCLE
8
04_COC_KHOAN_NHOI_BO
10
262.52
20
-292.41
30
0.0
40
0.5
0
POINT
8
04_COC_KHOAN_NHOI_BO
10
262.52
20
-292.41
30
0.0
0
TEXT
8
06_TOA_DO_TEXT
10
263.42
20
-291.51
30
0.0
40
1.2
1
HV-P146 (B5A-D35) D350
7
VN
0
LINE
8
02_DAY_NEO_BO
10
277.27
20
-242.91
30
0.0
11
277.27
21
-292.91
31
0.0
0
CIRCLE
8
04_COC_KHOAN_NHOI_BO
10
277.27
20
-292.91
30
0.0
40
0.175
0
CIRCLE
8
04_COC_KHOAN_NHOI_BO
10
277.27
20
-292.91
30
0.0
40
0.5
0
POINT
8
04_COC_KHOAN_NHOI_BO
10
277.27
20
-292.91
30
0.0
0
TEXT
8
06_TOA_DO_TEXT
10
278.17
20
-292.01
30
0.0
40
1.2
1
HV-P147 (B5A-D36) D350
7
VN
0
LINE
8
02_DAY_NEO_BO
10
291.77
20
-242.91
30
0.0
11
291.77
21
-293.41
31
0.0
0
CIRCLE
8
04_COC_KHOAN_NHOI_BO
10
291.77
20
-293.41
30
0.0
40
0.175
0
CIRCLE
8
04_COC_KHOAN_NHOI_BO
10
291.77
20
-293.41
30
0.0
40
0.5
0
POINT
8
04_COC_KHOAN_NHOI_BO
10
291.77
20
-293.41
30
0.0
0
TEXT
8
06_TOA_DO_TEXT
10
292.67
20
-292.51
30
0.0
40
1.2
1
HV-P148 (B5A-D37) D350
7
VN
0
LINE
8
02_DAY_NEO_BO
10
306.52
20
-242.91
30
0.0
11
306.52
21
-293.41
31
0.0
0
CIRCLE
8
04_COC_KHOAN_NHOI_BO
10
306.52
20
-293.41
30
0.0
40
0.175
0
CIRCLE
8
04_COC_KHOAN_NHOI_BO
10
306.52
20
-293.41
30
0.0
40
0.5
0
POINT
8
04_COC_KHOAN_NHOI_BO
10
306.52
20
-293.41
30
0.0
0
TEXT
8
06_TOA_DO_TEXT
10
307.42
20
-292.51
30
0.0
40
1.2
1
HV-P149 (B5A-D38) D350
7
VN
0
LINE
8
02_DAY_NEO_BO
10
321.02
20
-242.91
30
0.0
11
321.02
21
-293.91
31
0.0
0
CIRCLE
8
04_COC_KHOAN_NHOI_BO
10
321.02
20
-293.91
30
0.0
40
0.175
0
CIRCLE
8
04_COC_KHOAN_NHOI_BO
10
321.02
20
-293.91
30
0.0
40
0.5
0
POINT
8
04_COC_KHOAN_NHOI_BO
10
321.02
20
-293.91
30
0.0
0
TEXT
8
06_TOA_DO_TEXT
10
321.92
20
-293.01
30
0.0
40
1.2
1
HV-P150 (B5A-D39) D350
7
VN
0
LINE
8
02_DAY_NEO_BO
10
335.77
20
-242.91
30
0.0
11
361.34
21
-276.23
31
0.0
0
CIRCLE
8
04_COC_KHOAN_NHOI_BO
10
361.34
20
-276.23
30
0.0
40
0.175
0
CIRCLE
8
04_COC_KHOAN_NHOI_BO
10
361.34
20
-276.23
30
0.0
40
0.5
0
POINT
8
04_COC_KHOAN_NHOI_BO
10
361.34
20
-276.23
30
0.0
0
TEXT
8
06_TOA_DO_TEXT
10
362.24
20
-275.33
30
0.0
40
1.2
1
HV-P151 (B5A-D40) D350
7
VN
0
LINE
8
02_DAY_NEO_BO
10
350.27
20
-242.91
30
0.0
11
372.19
21
-264.83
31
0.0
0
CIRCLE
8
04_COC_KHOAN_NHOI_BO
10
372.19
20
-264.83
30
0.0
40
0.175
0
CIRCLE
8
04_COC_KHOAN_NHOI_BO
10
372.19
20
-264.83
30
0.0
40
0.5
0
POINT
8
04_COC_KHOAN_NHOI_BO
10
372.19
20
-264.83
30
0.0
0
TEXT
8
06_TOA_DO_TEXT
10
373.09
20
-263.93
30
0.0
40
1.2
1
HV-P152 (B5A-D41) D350
7
VN
0
LINE
8
02_DAY_NEO_BO
10
363.5
20
-216.31
30
0.0
11
408.31
21
-224.21
31
0.0
0
CIRCLE
8
04_COC_KHOAN_NHOI_BO
10
408.31
20
-224.21
30
0.0
40
0.175
0
CIRCLE
8
04_COC_KHOAN_NHOI_BO
10
408.31
20
-224.21
30
0.0
40
0.5
0
POINT
8
04_COC_KHOAN_NHOI_BO
10
408.31
20
-224.21
30
0.0
0
TEXT
8
06_TOA_DO_TEXT
10
409.21
20
-223.31
30
0.0
40
1.2
1
HV-P153 (B5A-D42) D350
7
VN
0
LINE
8
02_DAY_NEO_BO
10
363.5
20
-201.81
30
0.0
11
412.31
21
-206.08
31
0.0
0
CIRCLE
8
04_COC_KHOAN_NHOI_BO
10
412.31
20
-206.08
30
0.0
40
0.175
0
CIRCLE
8
04_COC_KHOAN_NHOI_BO
10
412.31
20
-206.08
30
0.0
40
0.5
0
POINT
8
04_COC_KHOAN_NHOI_BO
10
412.31
20
-206.08
30
0.0
0
TEXT
8
06_TOA_DO_TEXT
10
413.21
20
-205.18
30
0.0
40
1.2
1
HV-P154 (B5A-D43) D350
7
VN
0
LINE
8
02_DAY_NEO_BO
10
363.5
20
-187.56
30
0.0
11
414.5
21
-187.56
31
0.0
0
CIRCLE
8
04_COC_KHOAN_NHOI_BO
10
414.5
20
-187.56
30
0.0
40
0.175
0
CIRCLE
8
04_COC_KHOAN_NHOI_BO
10
414.5
20
-187.56
30
0.0
40
0.5
0
POINT
8
04_COC_KHOAN_NHOI_BO
10
414.5
20
-187.56
30
0.0
0
TEXT
8
06_TOA_DO_TEXT
10
415.4
20
-186.66
30
0.0
40
1.2
1
HV-P155 (B5A-D44) D350
7
VN
0
LINE
8
02_DAY_NEO_BO
10
363.5
20
-173.06
30
0.0
11
416
21
-173.06
31
0.0
0
CIRCLE
8
04_COC_KHOAN_NHOI_BO
10
416
20
-173.06
30
0.0
40
0.175
0
CIRCLE
8
04_COC_KHOAN_NHOI_BO
10
416
20
-173.06
30
0.0
40
0.5
0
POINT
8
04_COC_KHOAN_NHOI_BO
10
416
20
-173.06
30
0.0
0
TEXT
8
06_TOA_DO_TEXT
10
416.9
20
-172.16
30
0.0
40
1.2
1
HV-P156 (B5A-D45) D350
7
VN
0
LINE
8
02_DAY_NEO_BO
10
363.5
20
-158.81
30
0.0
11
419.63
21
-168.71
31
0.0
0
CIRCLE
8
04_COC_KHOAN_NHOI_BO
10
419.63
20
-168.71
30
0.0
40
0.175
0
CIRCLE
8
04_COC_KHOAN_NHOI_BO
10
419.63
20
-168.71
30
0.0
40
0.5
0
POINT
8
04_COC_KHOAN_NHOI_BO
10
419.63
20
-168.71
30
0.0
0
TEXT
8
06_TOA_DO_TEXT
10
420.53
20
-167.81
30
0.0
40
1.2
1
HV-P157 (B5A-D46) D350
7
VN
0
LINE
8
02_DAY_NEO_BO
10
363.5
20
-144.31
30
0.0
11
417.4
21
-166.67
31
0.0
0
CIRCLE
8
04_COC_KHOAN_NHOI_BO
10
417.4
20
-166.67
30
0.0
40
0.175
0
CIRCLE
8
04_COC_KHOAN_NHOI_BO
10
417.4
20
-166.67
30
0.0
40
0.5
0
POINT
8
04_COC_KHOAN_NHOI_BO
10
417.4
20
-166.67
30
0.0
0
TEXT
8
06_TOA_DO_TEXT
10
418.3
20
-165.77
30
0.0
40
1.2
1
HV-P158 (B5A-D47) D350
7
VN
0
LINE
8
02_DAY_NEO_BO
10
372.35
20
-138.91
30
0.0
11
423.01
21
-168.16
31
0.0
0
CIRCLE
8
04_COC_KHOAN_NHOI_BO
10
423.01
20
-168.16
30
0.0
40
0.175
0
CIRCLE
8
04_COC_KHOAN_NHOI_BO
10
423.01
20
-168.16
30
0.0
40
0.5
0
POINT
8
04_COC_KHOAN_NHOI_BO
10
423.01
20
-168.16
30
0.0
0
TEXT
8
06_TOA_DO_TEXT
10
423.91
20
-167.26
30
0.0
40
1.2
1
HV-P159 (B5A-D48) D350
7
VN
0
LINE
8
02_DAY_NEO_BO
10
386.85
20
-138.91
30
0.0
11
418.19
21
-162.96
31
0.0
0
CIRCLE
8
04_COC_KHOAN_NHOI_BO
10
418.19
20
-162.96
30
0.0
40
0.175
0
CIRCLE
8
04_COC_KHOAN_NHOI_BO
10
418.19
20
-162.96
30
0.0
40
0.5
0
POINT
8
04_COC_KHOAN_NHOI_BO
10
418.19
20
-162.96
30
0.0
0
TEXT
8
06_TOA_DO_TEXT
10
419.09
20
-162.06
30
0.0
40
1.2
1
HV-P160 (B5A-D49) D350
7
VN
0
LINE
8
02_DAY_NEO_BO
10
449.55
20
11
30
0.0
11
449.49
21
23.16
31
0.0
0
CIRCLE
8
04_COC_KHOAN_NHOI_BO
10
449.49
20
23.16
30
0.0
40
0.175
0
CIRCLE
8
04_COC_KHOAN_NHOI_BO
10
449.49
20
23.16
30
0.0
40
0.5
0
POINT
8
04_COC_KHOAN_NHOI_BO
10
449.49
20
23.16
30
0.0
0
TEXT
8
06_TOA_DO_TEXT
10
450.39
20
24.06
30
0.0
40
1.2
1
HV-P161 (B6-D01) D350
7
VN
0
LINE
8
02_DAY_NEO_BO
10
403.39
20
46.53
30
0.0
11
410.55
21
48.58
31
0.0
0
CIRCLE
8
04_COC_KHOAN_NHOI_BO
10
410.55
20
48.58
30
0.0
40
0.175
0
CIRCLE
8
04_COC_KHOAN_NHOI_BO
10
410.55
20
48.58
30
0.0
40
0.5
0
POINT
8
04_COC_KHOAN_NHOI_BO
10
410.55
20
48.58
30
0.0
0
TEXT
8
06_TOA_DO_TEXT
10
411.45
20
49.48
30
0.0
40
1.2
1
HV-P162 (B6-D02) D350
7
VN
0
LINE
8
02_DAY_NEO_BO
10
400.06
20
58.14
30
0.0
11
409.94
21
60.97
31
0.0
0
CIRCLE
8
04_COC_KHOAN_NHOI_BO
10
409.94
20
60.97
30
0.0
40
0.175
0
CIRCLE
8
04_COC_KHOAN_NHOI_BO
10
409.94
20
60.97
30
0.0
40
0.5
0
POINT
8
04_COC_KHOAN_NHOI_BO
10
409.94
20
60.97
30
0.0
0
TEXT
8
06_TOA_DO_TEXT
10
410.84
20
61.87
30
0.0
40
1.2
1
HV-P163 (B6-D03) D350
7
VN
0
LINE
8
02_DAY_NEO_BO
10
460.79
20
-26.14
30
0.0
11
462.77
21
-25.58
31
0.0
0
CIRCLE
8
04_COC_KHOAN_NHOI_BO
10
462.77
20
-25.58
30
0.0
40
0.175
0
CIRCLE
8
04_COC_KHOAN_NHOI_BO
10
462.77
20
-25.58
30
0.0
40
0.5
0
POINT
8
04_COC_KHOAN_NHOI_BO
10
462.77
20
-25.58
30
0.0
0
TEXT
8
06_TOA_DO_TEXT
10
463.67
20
-24.68
30
0.0
40
1.2
1
HV-P164 (B6-D04) D350
7
VN
0
LINE
8
02_DAY_NEO_BO
10
456.54
20
-11.33
30
0.0
11
462.26
21
-9.7
31
0.0
0
CIRCLE
8
04_COC_KHOAN_NHOI_BO
10
462.26
20
-9.7
30
0.0
40
0.175
0
CIRCLE
8
04_COC_KHOAN_NHOI_BO
10
462.26
20
-9.7
30
0.0
40
0.5
0
POINT
8
04_COC_KHOAN_NHOI_BO
10
462.26
20
-9.7
30
0.0
0
TEXT
8
06_TOA_DO_TEXT
10
463.16
20
-8.8
30
0.0
40
1.2
1
HV-P165 (B6-D05) D350
7
VN
0
LINE
8
02_DAY_NEO_BO
10
424.36
20
-37.83
30
0.0
11
430.99
21
-60.94
31
0.0
0
CIRCLE
8
04_COC_KHOAN_NHOI_BO
10
430.99
20
-60.94
30
0.0
40
0.175
0
CIRCLE
8
04_COC_KHOAN_NHOI_BO
10
430.99
20
-60.94
30
0.0
40
0.5
0
POINT
8
04_COC_KHOAN_NHOI_BO
10
430.99
20
-60.94
30
0.0
0
TEXT
8
06_TOA_DO_TEXT
10
431.89
20
-60.04
30
0.0
40
1.2
1
HV-P166 (B6-D06) D350
7
VN
0
LINE
8
02_DAY_NEO_BO
10
440.82
20
-33.11
30
0.0
11
445.56
21
-49.66
31
0.0
0
CIRCLE
8
04_COC_KHOAN_NHOI_BO
10
445.56
20
-49.66
30
0.0
40
0.175
0
CIRCLE
8
04_COC_KHOAN_NHOI_BO
10
445.56
20
-49.66
30
0.0
40
0.5
0
POINT
8
04_COC_KHOAN_NHOI_BO
10
445.56
20
-49.66
30
0.0
0
TEXT
8
06_TOA_DO_TEXT
10
446.46
20
-48.76
30
0.0
40
1.2
1
HV-P167 (B6-D07) D350
7
VN
0
LINE
8
02_DAY_NEO_BO
10
451.17
20
-30.15
30
0.0
11
453.96
21
-39.87
31
0.0
0
CIRCLE
8
04_COC_KHOAN_NHOI_BO
10
453.96
20
-39.87
30
0.0
40
0.175
0
CIRCLE
8
04_COC_KHOAN_NHOI_BO
10
453.96
20
-39.87
30
0.0
40
0.5
0
POINT
8
04_COC_KHOAN_NHOI_BO
10
453.96
20
-39.87
30
0.0
0
TEXT
8
06_TOA_DO_TEXT
10
454.86
20
-38.97
30
0.0
40
1.2
1
HV-P168 (B6-D08) D350
7
VN
0
LINE
8
02_DAY_NEO_BO
10
329.22
20
36.07
30
0.0
11
321.97
21
33.99
31
0.0
0
CIRCLE
8
04_COC_KHOAN_NHOI_BO
10
321.97
20
33.99
30
0.0
40
0.175
0
CIRCLE
8
04_COC_KHOAN_NHOI_BO
10
321.97
20
33.99
30
0.0
40
0.5
0
POINT
8
04_COC_KHOAN_NHOI_BO
10
321.97
20
33.99
30
0.0
0
TEXT
8
06_TOA_DO_TEXT
10
322.87
20
34.89
30
0.0
40
1.2
1
HV-P169 (B6-D09) D350
7
VN
0
LINE
8
02_DAY_NEO_BO
10
332.98
20
22.96
30
0.0
11
325.58
21
20.84
31
0.0
0
CIRCLE
8
04_COC_KHOAN_NHOI_BO
10
325.58
20
20.84
30
0.0
40
0.175
0
CIRCLE
8
04_COC_KHOAN_NHOI_BO
10
325.58
20
20.84
30
0.0
40
0.5
0
POINT
8
04_COC_KHOAN_NHOI_BO
10
325.58
20
20.84
30
0.0
0
TEXT
8
06_TOA_DO_TEXT
10
326.48
20
21.74
30
0.0
40
1.2
1
HV-P170 (B6-D10) D350
7
VN
0
LINE
8
02_DAY_NEO_BO
10
335.81
20
13.1
30
0.0
11
325.22
21
10.06
31
0.0
0
CIRCLE
8
04_COC_KHOAN_NHOI_BO
10
325.22
20
10.06
30
0.0
40
0.175
0
CIRCLE
8
04_COC_KHOAN_NHOI_BO
10
325.22
20
10.06
30
0.0
40
0.5
0
POINT
8
04_COC_KHOAN_NHOI_BO
10
325.22
20
10.06
30
0.0
0
TEXT
8
06_TOA_DO_TEXT
10
326.12
20
10.96
30
0.0
40
1.2
1
HV-P171 (B6-D11) D350
7
VN
0
LINE
8
02_DAY_NEO_BO
10
385.7
20
67.59
30
0.0
11
382.71
21
78.03
31
0.0
0
CIRCLE
8
04_COC_KHOAN_NHOI_BO
10
382.71
20
78.03
30
0.0
40
0.175
0
CIRCLE
8
04_COC_KHOAN_NHOI_BO
10
382.71
20
78.03
30
0.0
40
0.5
0
POINT
8
04_COC_KHOAN_NHOI_BO
10
382.71
20
78.03
30
0.0
0
TEXT
8
06_TOA_DO_TEXT
10
383.61
20
78.93
30
0.0
40
1.2
1
HV-P172 (B6-D12) D350
7
VN
0
LINE
8
02_DAY_NEO_BO
10
370.59
20
63.26
30
0.0
11
366.78
21
76.56
31
0.0
0
CIRCLE
8
04_COC_KHOAN_NHOI_BO
10
366.78
20
76.56
30
0.0
40
0.175
0
CIRCLE
8
04_COC_KHOAN_NHOI_BO
10
366.78
20
76.56
30
0.0
40
0.5
0
POINT
8
04_COC_KHOAN_NHOI_BO
10
366.78
20
76.56
30
0.0
0
TEXT
8
06_TOA_DO_TEXT
10
367.68
20
77.46
30
0.0
40
1.2
1
HV-P173 (B6-D13) D350
7
VN
0
LINE
8
02_DAY_NEO_BO
10
366.23
20
62.01
30
0.0
11
361.96
21
76.91
31
0.0
0
CIRCLE
8
04_COC_KHOAN_NHOI_BO
10
361.96
20
76.91
30
0.0
40
0.175
0
CIRCLE
8
04_COC_KHOAN_NHOI_BO
10
361.96
20
76.91
30
0.0
40
0.5
0
POINT
8
04_COC_KHOAN_NHOI_BO
10
361.96
20
76.91
30
0.0
0
TEXT
8
06_TOA_DO_TEXT
10
362.86
20
77.81
30
0.0
40
1.2
1
HV-P174 (B6-D14) D350
7
VN
0
LINE
8
02_DAY_NEO_BO
10
352.44
20
58.06
30
0.0
11
346.78
21
77.8
31
0.0
0
CIRCLE
8
04_COC_KHOAN_NHOI_BO
10
346.78
20
77.8
30
0.0
40
0.175
0
CIRCLE
8
04_COC_KHOAN_NHOI_BO
10
346.78
20
77.8
30
0.0
40
0.5
0
POINT
8
04_COC_KHOAN_NHOI_BO
10
346.78
20
77.8
30
0.0
0
TEXT
8
06_TOA_DO_TEXT
10
347.68
20
78.7
30
0.0
40
1.2
1
HV-P175 (B6-D15) D350
7
VN
0
LINE
8
02_DAY_NEO_BO
10
449.55
20
11
30
0.0
11
446.63
21
24.6
31
0.0
0
CIRCLE
8
04_COC_KHOAN_NHOI_BO
10
446.63
20
24.6
30
0.0
40
0.175
0
CIRCLE
8
04_COC_KHOAN_NHOI_BO
10
446.63
20
24.6
30
0.0
40
0.5
0
POINT
8
04_COC_KHOAN_NHOI_BO
10
446.63
20
24.6
30
0.0
0
TEXT
8
06_TOA_DO_TEXT
10
447.53
20
25.5
30
0.0
40
1.2
1
HV-P176 (B6-D16) D350
7
VN
0
LINE
8
02_DAY_NEO_BO
10
414.51
20
7.74
30
0.0
11
430.87
21
29.84
31
0.0
0
CIRCLE
8
04_COC_KHOAN_NHOI_BO
10
430.87
20
29.84
30
0.0
40
0.175
0
CIRCLE
8
04_COC_KHOAN_NHOI_BO
10
430.87
20
29.84
30
0.0
40
0.5
0
POINT
8
04_COC_KHOAN_NHOI_BO
10
430.87
20
29.84
30
0.0
0
TEXT
8
06_TOA_DO_TEXT
10
431.77
20
30.74
30
0.0
40
1.2
1
HV-P178 (B6-D18) D350
7
VN
0
LINE
8
02_DAY_NEO_BO
10
389.67
20
-47.78
30
0.0
11
413.63
21
-75.32
31
0.0
0
CIRCLE
8
04_COC_KHOAN_NHOI_BO
10
413.63
20
-75.32
30
0.0
40
0.175
0
CIRCLE
8
04_COC_KHOAN_NHOI_BO
10
413.63
20
-75.32
30
0.0
40
0.5
0
POINT
8
04_COC_KHOAN_NHOI_BO
10
413.63
20
-75.32
30
0.0
0
TEXT
8
06_TOA_DO_TEXT
10
414.53
20
-74.42
30
0.0
40
1.2
1
HV-P179 (B6-D19) D350
7
VN
0
LINE
8
02_DAY_NEO_BO
10
345.83
20
-21.86
30
0.0
11
309.1
21
-1.49
31
0.0
0
CIRCLE
8
04_COC_KHOAN_NHOI_BO
10
309.1
20
-1.49
30
0.0
40
0.175
0
CIRCLE
8
04_COC_KHOAN_NHOI_BO
10
309.1
20
-1.49
30
0.0
40
0.5
0
POINT
8
04_COC_KHOAN_NHOI_BO
10
309.1
20
-1.49
30
0.0
0
TEXT
8
06_TOA_DO_TEXT
10
310
20
-0.59
30
0.0
40
1.2
1
HV-P180 (B6-D20) D350
7
VN
0
LINE
8
02_DAY_NEO_BO
10
331.55
20
52.07
30
0.0
11
323.68
21
56.43
31
0.0
0
CIRCLE
8
04_COC_KHOAN_NHOI_BO
10
323.68
20
56.43
30
0.0
40
0.175
0
CIRCLE
8
04_COC_KHOAN_NHOI_BO
10
323.68
20
56.43
30
0.0
40
0.5
0
POINT
8
04_COC_KHOAN_NHOI_BO
10
323.68
20
56.43
30
0.0
0
TEXT
8
06_TOA_DO_TEXT
10
324.58
20
57.33
30
0.0
40
1.2
1
HV-P181 (B6-D21) D350
7
VN
0
LINE
8
02_DAY_NEO_BO
10
430.22
20
5.46
30
0.0
11
441.86
21
19.84
31
0.0
0
CIRCLE
8
04_COC_KHOAN_NHOI_BO
10
441.86
20
19.84
30
0.0
40
0.175
0
CIRCLE
8
04_COC_KHOAN_NHOI_BO
10
441.86
20
19.84
30
0.0
40
0.5
0
POINT
8
04_COC_KHOAN_NHOI_BO
10
441.86
20
19.84
30
0.0
0
TEXT
8
06_TOA_DO_TEXT
10
442.76
20
20.74
30
0.0
40
1.2
1
HV-P182 (B6-D22) D350
7
VN
0
LINE
8
02_DAY_NEO_BO
10
409
20
26.97
30
0.0
11
414.35
21
34.2
31
0.0
0
CIRCLE
8
04_COC_KHOAN_NHOI_BO
10
414.35
20
34.2
30
0.0
40
0.175
0
CIRCLE
8
04_COC_KHOAN_NHOI_BO
10
414.35
20
34.2
30
0.0
40
0.5
0
POINT
8
04_COC_KHOAN_NHOI_BO
10
414.35
20
34.2
30
0.0
0
TEXT
8
06_TOA_DO_TEXT
10
415.25
20
35.1
30
0.0
40
1.2
1
HV-P183 (B6-D23) D350
7
VN
0
LINE
8
02_DAY_NEO_BO
10
406.98
20
-42.82
30
0.0
11
427.84
21
-62.97
31
0.0
0
CIRCLE
8
04_COC_KHOAN_NHOI_BO
10
427.84
20
-62.97
30
0.0
40
0.175
0
CIRCLE
8
04_COC_KHOAN_NHOI_BO
10
427.84
20
-62.97
30
0.0
40
0.5
0
POINT
8
04_COC_KHOAN_NHOI_BO
10
427.84
20
-62.97
30
0.0
0
TEXT
8
06_TOA_DO_TEXT
10
428.74
20
-62.07
30
0.0
40
1.2
1
HV-P184 (B6-D24) D350
7
VN
0
LINE
8
02_DAY_NEO_BO
10
340.87
20
-4.56
30
0.0
11
326.88
21
3.2
31
0.0
0
CIRCLE
8
04_COC_KHOAN_NHOI_BO
10
326.88
20
3.2
30
0.0
40
0.175
0
CIRCLE
8
04_COC_KHOAN_NHOI_BO
10
326.88
20
3.2
30
0.0
40
0.5
0
POINT
8
04_COC_KHOAN_NHOI_BO
10
326.88
20
3.2
30
0.0
0
TEXT
8
06_TOA_DO_TEXT
10
327.78
20
4.1
30
0.0
40
1.2
1
HV-P185 (B6-D25) D350
7
VN
0
LINE
8
02_DAY_NEO_BO
10
350.79
20
-39.16
30
0.0
11
297.95
21
-30.81
31
0.0
0
CIRCLE
8
04_COC_KHOAN_NHOI_BO
10
297.95
20
-30.81
30
0.0
40
0.175
0
CIRCLE
8
04_COC_KHOAN_NHOI_BO
10
297.95
20
-30.81
30
0.0
40
0.5
0
POINT
8
04_COC_KHOAN_NHOI_BO
10
297.95
20
-30.81
30
0.0
0
TEXT
8
06_TOA_DO_TEXT
10
298.85
20
-29.91
30
0.0
40
1.2
1
HV-P186 (B6-D26) D350
7
VN
0
LINE
8
02_DAY_NEO_BO
10
453.22
20
0.27
30
0.0
11
458.99
21
1.92
31
0.0
0
CIRCLE
8
04_COC_KHOAN_NHOI_BO
10
458.99
20
1.92
30
0.0
40
0.175
0
CIRCLE
8
04_COC_KHOAN_NHOI_BO
10
458.99
20
1.92
30
0.0
40
0.5
0
POINT
8
04_COC_KHOAN_NHOI_BO
10
458.99
20
1.92
30
0.0
0
TEXT
8
06_TOA_DO_TEXT
10
459.89
20
2.82
30
0.0
40
1.2
1
HV-P188 (B6-D28) D350
7
VN
0
LINE
8
02_DAY_NEO_BO
10
396.59
20
70.22
30
0.0
11
399.47
21
71.05
31
0.0
0
CIRCLE
8
04_COC_KHOAN_NHOI_BO
10
399.47
20
71.05
30
0.0
40
0.175
0
CIRCLE
8
04_COC_KHOAN_NHOI_BO
10
399.47
20
71.05
30
0.0
40
0.5
0
POINT
8
04_COC_KHOAN_NHOI_BO
10
399.47
20
71.05
30
0.0
0
TEXT
8
06_TOA_DO_TEXT
10
400.37
20
71.95
30
0.0
40
1.2
1
HV-P189 (B6-D29) D350
7
VN
0
LINE
8
02_DAY_NEO_BO
10
342.13
20
55.1
30
0.0
11
337.99
21
69.52
31
0.0
0
CIRCLE
8
04_COC_KHOAN_NHOI_BO
10
337.99
20
69.52
30
0.0
40
0.175
0
CIRCLE
8
04_COC_KHOAN_NHOI_BO
10
337.99
20
69.52
30
0.0
40
0.5
0
POINT
8
04_COC_KHOAN_NHOI_BO
10
337.99
20
69.52
30
0.0
0
TEXT
8
06_TOA_DO_TEXT
10
338.89
20
70.42
30
0.0
40
1.2
1
HV-P190 (B6-D30) D350
7
VN
0
LINE
8
02_DAY_NEO_BO
10
178.28
20
-40.81
30
0.0
11
216.14
21
-40.06
31
0.0
0
CIRCLE
8
04_COC_KHOAN_NHOI_BO
10
216.14
20
-40.06
30
0.0
40
0.175
0
CIRCLE
8
04_COC_KHOAN_NHOI_BO
10
216.14
20
-40.06
30
0.0
40
0.5
0
POINT
8
04_COC_KHOAN_NHOI_BO
10
216.14
20
-40.06
30
0.0
0
TEXT
8
06_TOA_DO_TEXT
10
217.04
20
-39.16
30
0.0
40
1.2
1
HV-P192 (B7-D01) D350
7
VN
0
LINE
8
02_DAY_NEO_BO
10
159.89
20
14.05
30
0.0
11
194.79
21
14.05
31
0.0
0
CIRCLE
8
04_COC_KHOAN_NHOI_BO
10
194.79
20
14.05
30
0.0
40
0.175
0
CIRCLE
8
04_COC_KHOAN_NHOI_BO
10
194.79
20
14.05
30
0.0
40
0.5
0
POINT
8
04_COC_KHOAN_NHOI_BO
10
194.79
20
14.05
30
0.0
0
TEXT
8
06_TOA_DO_TEXT
10
195.69
20
14.95
30
0.0
40
1.2
1
HV-P193 (B7-D02) D350
7
VN
0
LINE
8
02_DAY_NEO_BO
10
159.89
20
17.89
30
0.0
11
193.88
21
17.89
31
0.0
0
CIRCLE
8
04_COC_KHOAN_NHOI_BO
10
193.88
20
17.89
30
0.0
40
0.175
0
CIRCLE
8
04_COC_KHOAN_NHOI_BO
10
193.88
20
17.89
30
0.0
40
0.5
0
POINT
8
04_COC_KHOAN_NHOI_BO
10
193.88
20
17.89
30
0.0
0
TEXT
8
06_TOA_DO_TEXT
10
194.78
20
18.79
30
0.0
40
1.2
1
HV-P194 (B7-D03) D350
7
VN
0
LINE
8
02_DAY_NEO_BO
10
159.89
20
36.14
30
0.0
11
186.66
21
36.14
31
0.0
0
CIRCLE
8
04_COC_KHOAN_NHOI_BO
10
186.66
20
36.14
30
0.0
40
0.175
0
CIRCLE
8
04_COC_KHOAN_NHOI_BO
10
186.66
20
36.14
30
0.0
40
0.5
0
POINT
8
04_COC_KHOAN_NHOI_BO
10
186.66
20
36.14
30
0.0
0
TEXT
8
06_TOA_DO_TEXT
10
187.56
20
37.04
30
0.0
40
1.2
1
HV-P195 (B7-D04) D350
7
VN
0
LINE
8
02_DAY_NEO_BO
10
159.89
20
40.23
30
0.0
11
186.22
21
40.23
31
0.0
0
CIRCLE
8
04_COC_KHOAN_NHOI_BO
10
186.22
20
40.23
30
0.0
40
0.175
0
CIRCLE
8
04_COC_KHOAN_NHOI_BO
10
186.22
20
40.23
30
0.0
40
0.5
0
POINT
8
04_COC_KHOAN_NHOI_BO
10
186.22
20
40.23
30
0.0
0
TEXT
8
06_TOA_DO_TEXT
10
187.12
20
41.13
30
0.0
40
1.2
1
HV-P196 (B7-D05) D350
7
VN
0
LINE
8
02_DAY_NEO_BO
10
159.89
20
48.63
30
0.0
11
185.37
21
48.63
31
0.0
0
CIRCLE
8
04_COC_KHOAN_NHOI_BO
10
185.37
20
48.63
30
0.0
40
0.175
0
CIRCLE
8
04_COC_KHOAN_NHOI_BO
10
185.37
20
48.63
30
0.0
40
0.5
0
POINT
8
04_COC_KHOAN_NHOI_BO
10
185.37
20
48.63
30
0.0
0
TEXT
8
06_TOA_DO_TEXT
10
186.27
20
49.53
30
0.0
40
1.2
1
HV-P197 (B7-D06) D350
7
VN
0
LINE
8
02_DAY_NEO_BO
10
159.89
20
58.42
30
0.0
11
185.32
21
58.42
31
0.0
0
CIRCLE
8
04_COC_KHOAN_NHOI_BO
10
185.32
20
58.42
30
0.0
40
0.175
0
CIRCLE
8
04_COC_KHOAN_NHOI_BO
10
185.32
20
58.42
30
0.0
40
0.5
0
POINT
8
04_COC_KHOAN_NHOI_BO
10
185.32
20
58.42
30
0.0
0
TEXT
8
06_TOA_DO_TEXT
10
186.22
20
59.32
30
0.0
40
1.2
1
HV-P198 (B7-D07) D350
7
VN
0
LINE
8
02_DAY_NEO_BO
10
159.89
20
74.62
30
0.0
11
187.02
21
74.62
31
0.0
0
CIRCLE
8
04_COC_KHOAN_NHOI_BO
10
187.02
20
74.62
30
0.0
40
0.175
0
CIRCLE
8
04_COC_KHOAN_NHOI_BO
10
187.02
20
74.62
30
0.0
40
0.5
0
POINT
8
04_COC_KHOAN_NHOI_BO
10
187.02
20
74.62
30
0.0
0
TEXT
8
06_TOA_DO_TEXT
10
187.92
20
75.52
30
0.0
40
1.2
1
HV-P199 (B7-D08) D350
7
VN
0
LINE
8
02_DAY_NEO_BO
10
86.23
20
-64.81
30
0.0
11
73.39
21
-67.7
31
0.0
0
CIRCLE
8
04_COC_KHOAN_NHOI_BO
10
73.39
20
-67.7
30
0.0
40
0.175
0
CIRCLE
8
04_COC_KHOAN_NHOI_BO
10
73.39
20
-67.7
30
0.0
40
0.5
0
POINT
8
04_COC_KHOAN_NHOI_BO
10
73.39
20
-67.7
30
0.0
0
TEXT
8
06_TOA_DO_TEXT
10
74.29
20
-66.8
30
0.0
40
1.2
1
HV-P200 (B7-D09) D350
7
VN
0
LINE
8
02_DAY_NEO_BO
10
85.67
20
55.35
30
0.0
11
49
21
55.35
31
0.0
0
CIRCLE
8
04_COC_KHOAN_NHOI_BO
10
49
20
55.35
30
0.0
40
0.175
0
CIRCLE
8
04_COC_KHOAN_NHOI_BO
10
49
20
55.35
30
0.0
40
0.5
0
POINT
8
04_COC_KHOAN_NHOI_BO
10
49
20
55.35
30
0.0
0
TEXT
8
06_TOA_DO_TEXT
10
49.9
20
56.25
30
0.0
40
1.2
1
HV-P201 (B7-D10) D350
7
VN
0
LINE
8
02_DAY_NEO_BO
10
85.67
20
40.67
30
0.0
11
58.4
21
40.67
31
0.0
0
CIRCLE
8
04_COC_KHOAN_NHOI_BO
10
58.4
20
40.67
30
0.0
40
0.175
0
CIRCLE
8
04_COC_KHOAN_NHOI_BO
10
58.4
20
40.67
30
0.0
40
0.5
0
POINT
8
04_COC_KHOAN_NHOI_BO
10
58.4
20
40.67
30
0.0
0
TEXT
8
06_TOA_DO_TEXT
10
59.3
20
41.57
30
0.0
40
1.2
1
HV-P202 (B7-D11) D350
7
VN
0
LINE
8
02_DAY_NEO_BO
10
85.67
20
37.88
30
0.0
11
59.95
21
37.88
31
0.0
0
CIRCLE
8
04_COC_KHOAN_NHOI_BO
10
59.95
20
37.88
30
0.0
40
0.175
0
CIRCLE
8
04_COC_KHOAN_NHOI_BO
10
59.95
20
37.88
30
0.0
40
0.5
0
POINT
8
04_COC_KHOAN_NHOI_BO
10
59.95
20
37.88
30
0.0
0
TEXT
8
06_TOA_DO_TEXT
10
60.85
20
38.78
30
0.0
40
1.2
1
HV-P203 (B7-D12) D350
7
VN
0
LINE
8
02_DAY_NEO_BO
10
85.67
20
29.37
30
0.0
11
59.97
21
29.37
31
0.0
0
CIRCLE
8
04_COC_KHOAN_NHOI_BO
10
59.97
20
29.37
30
0.0
40
0.175
0
CIRCLE
8
04_COC_KHOAN_NHOI_BO
10
59.97
20
29.37
30
0.0
40
0.5
0
POINT
8
04_COC_KHOAN_NHOI_BO
10
59.97
20
29.37
30
0.0
0
TEXT
8
06_TOA_DO_TEXT
10
60.87
20
30.27
30
0.0
40
1.2
1
HV-P204 (B7-D13) D350
7
VN
0
LINE
8
02_DAY_NEO_BO
10
85.67
20
-0.42
30
0.0
11
60.4
21
-0.42
31
0.0
0
CIRCLE
8
04_COC_KHOAN_NHOI_BO
10
60.4
20
-0.42
30
0.0
40
0.175
0
CIRCLE
8
04_COC_KHOAN_NHOI_BO
10
60.4
20
-0.42
30
0.0
40
0.5
0
POINT
8
04_COC_KHOAN_NHOI_BO
10
60.4
20
-0.42
30
0.0
0
TEXT
8
06_TOA_DO_TEXT
10
61.3
20
0.48
30
0.0
40
1.2
1
HV-P205 (B7-D14) D350
7
VN
0
LINE
8
02_DAY_NEO_BO
10
85.67
20
-9.27
30
0.0
11
63.67
21
-9.27
31
0.0
0
CIRCLE
8
04_COC_KHOAN_NHOI_BO
10
63.67
20
-9.27
30
0.0
40
0.175
0
CIRCLE
8
04_COC_KHOAN_NHOI_BO
10
63.67
20
-9.27
30
0.0
40
0.5
0
POINT
8
04_COC_KHOAN_NHOI_BO
10
63.67
20
-9.27
30
0.0
0
TEXT
8
06_TOA_DO_TEXT
10
64.57
20
-8.37
30
0.0
40
1.2
1
HV-P206 (B7-D15) D350
7
VN
0
LINE
8
02_DAY_NEO_BO
10
85.67
20
-17.76
30
0.0
11
65.17
21
-17.76
31
0.0
0
CIRCLE
8
04_COC_KHOAN_NHOI_BO
10
65.17
20
-17.76
30
0.0
40
0.175
0
CIRCLE
8
04_COC_KHOAN_NHOI_BO
10
65.17
20
-17.76
30
0.0
40
0.5
0
POINT
8
04_COC_KHOAN_NHOI_BO
10
65.17
20
-17.76
30
0.0
0
TEXT
8
06_TOA_DO_TEXT
10
66.07
20
-16.86
30
0.0
40
1.2
1
HV-P207 (B7-D16) D350
7
VN
0
LINE
8
02_DAY_NEO_BO
10
85.67
20
-38.89
30
0.0
11
66.21
21
-38.89
31
0.0
0
CIRCLE
8
04_COC_KHOAN_NHOI_BO
10
66.21
20
-38.89
30
0.0
40
0.175
0
CIRCLE
8
04_COC_KHOAN_NHOI_BO
10
66.21
20
-38.89
30
0.0
40
0.5
0
POINT
8
04_COC_KHOAN_NHOI_BO
10
66.21
20
-38.89
30
0.0
0
TEXT
8
06_TOA_DO_TEXT
10
67.11
20
-37.99
30
0.0
40
1.2
1
HV-P208 (B7-D17) D350
7
VN
0
LINE
8
02_DAY_NEO_BO
10
85.67
20
-53.98
30
0.0
11
69.88
21
-53.98
31
0.0
0
CIRCLE
8
04_COC_KHOAN_NHOI_BO
10
69.88
20
-53.98
30
0.0
40
0.175
0
CIRCLE
8
04_COC_KHOAN_NHOI_BO
10
69.88
20
-53.98
30
0.0
40
0.5
0
POINT
8
04_COC_KHOAN_NHOI_BO
10
69.88
20
-53.98
30
0.0
0
TEXT
8
06_TOA_DO_TEXT
10
70.78
20
-53.08
30
0.0
40
1.2
1
HV-P209 (B7-D18) D350
7
VN
0
LINE
8
02_DAY_NEO_BO
10
159.89
20
-22.78
30
0.0
11
192.06
21
9.39
31
0.0
0
CIRCLE
8
04_COC_KHOAN_NHOI_BO
10
192.06
20
9.39
30
0.0
40
0.175
0
CIRCLE
8
04_COC_KHOAN_NHOI_BO
10
192.06
20
9.39
30
0.0
40
0.5
0
POINT
8
04_COC_KHOAN_NHOI_BO
10
192.06
20
9.39
30
0.0
0
TEXT
8
06_TOA_DO_TEXT
10
192.96
20
10.29
30
0.0
40
1.2
1
HV-P212 (B7-D21) D350
7
VN
0
LINE
8
02_DAY_NEO_BO
10
159.89
20
-40.78
30
0.0
11
211.34
21
-38.54
31
0.0
0
CIRCLE
8
04_COC_KHOAN_NHOI_BO
10
211.34
20
-38.54
30
0.0
40
0.175
0
CIRCLE
8
04_COC_KHOAN_NHOI_BO
10
211.34
20
-38.54
30
0.0
40
0.5
0
POINT
8
04_COC_KHOAN_NHOI_BO
10
211.34
20
-38.54
30
0.0
0
TEXT
8
06_TOA_DO_TEXT
10
212.24
20
-37.64
30
0.0
40
1.2
1
HV-P217 (B7-D26) D350
7
VN
0
LINE
8
02_DAY_NEO_BO
10
159.89
20
-4.78
30
0.0
11
191.07
21
13.22
31
0.0
0
CIRCLE
8
04_COC_KHOAN_NHOI_BO
10
191.07
20
13.22
30
0.0
40
0.175
0
CIRCLE
8
04_COC_KHOAN_NHOI_BO
10
191.07
20
13.22
30
0.0
40
0.5
0
POINT
8
04_COC_KHOAN_NHOI_BO
10
191.07
20
13.22
30
0.0
0
TEXT
8
06_TOA_DO_TEXT
10
191.97
20
14.12
30
0.0
40
1.2
1
HV-P218 (B7-D27) D350
7
VN
0
LINE
8
02_DAY_NEO_BO
10
178.86
20
-55.19
30
0.0
11
214.1
21
-42.36
31
0.0
0
CIRCLE
8
04_COC_KHOAN_NHOI_BO
10
214.1
20
-42.36
30
0.0
40
0.175
0
CIRCLE
8
04_COC_KHOAN_NHOI_BO
10
214.1
20
-42.36
30
0.0
40
0.5
0
POINT
8
04_COC_KHOAN_NHOI_BO
10
214.1
20
-42.36
30
0.0
0
TEXT
8
06_TOA_DO_TEXT
10
215
20
-41.46
30
0.0
40
1.2
1
HV-P219 (B7-D28) D350
7
VN
0
LINE
8
02_DAY_NEO_BO
10
85.67
20
14.38
30
0.0
11
58.77
21
12.03
31
0.0
0
CIRCLE
8
04_COC_KHOAN_NHOI_BO
10
58.77
20
12.03
30
0.0
40
0.175
0
CIRCLE
8
04_COC_KHOAN_NHOI_BO
10
58.77
20
12.03
30
0.0
40
0.5
0
POINT
8
04_COC_KHOAN_NHOI_BO
10
58.77
20
12.03
30
0.0
0
TEXT
8
06_TOA_DO_TEXT
10
59.67
20
12.93
30
0.0
40
1.2
1
HV-P220 (B7-D29) D350
7
VN
0
LINE
8
02_DAY_NEO_BO
10
100.48
20
-64.81
30
0.0
11
81.73
21
-97.29
31
0.0
0
CIRCLE
8
04_COC_KHOAN_NHOI_BO
10
81.73
20
-97.29
30
0.0
40
0.175
0
CIRCLE
8
04_COC_KHOAN_NHOI_BO
10
81.73
20
-97.29
30
0.0
40
0.5
0
POINT
8
04_COC_KHOAN_NHOI_BO
10
81.73
20
-97.29
30
0.0
0
TEXT
8
06_TOA_DO_TEXT
10
82.63
20
-96.39
30
0.0
40
1.2
1
HV-P221 (B7-D30) D350
7
VN
0
LINE
8
02_DAY_NEO_BO
10
168.72
20
167.78
30
0.0
11
186.59
21
151.15
31
0.0
0
CIRCLE
8
04_COC_KHOAN_NHOI_BO
10
186.59
20
151.15
30
0.0
40
0.175
0
CIRCLE
8
04_COC_KHOAN_NHOI_BO
10
186.59
20
151.15
30
0.0
40
0.5
0
POINT
8
04_COC_KHOAN_NHOI_BO
10
186.59
20
151.15
30
0.0
0
TEXT
8
06_TOA_DO_TEXT
10
187.49
20
152.05
30
0.0
40
1.2
1
HV-P225 (B8-D01) D350
7
VN
0
LINE
8
02_DAY_NEO_BO
10
168.72
20
167.78
30
0.0
11
183.84
21
149.81
31
0.0
0
CIRCLE
8
04_COC_KHOAN_NHOI_BO
10
183.84
20
149.81
30
0.0
40
0.175
0
CIRCLE
8
04_COC_KHOAN_NHOI_BO
10
183.84
20
149.81
30
0.0
40
0.5
0
POINT
8
04_COC_KHOAN_NHOI_BO
10
183.84
20
149.81
30
0.0
0
TEXT
8
06_TOA_DO_TEXT
10
184.74
20
150.71
30
0.0
40
1.2
1
HV-P226 (B8-D02) D350
7
VN
0
LINE
8
02_DAY_NEO_BO
10
168.72
20
167.78
30
0.0
11
182.45
21
147.1
31
0.0
0
CIRCLE
8
04_COC_KHOAN_NHOI_BO
10
182.45
20
147.1
30
0.0
40
0.175
0
CIRCLE
8
04_COC_KHOAN_NHOI_BO
10
182.45
20
147.1
30
0.0
40
0.5
0
POINT
8
04_COC_KHOAN_NHOI_BO
10
182.45
20
147.1
30
0.0
0
TEXT
8
06_TOA_DO_TEXT
10
183.35
20
148
30
0.0
40
1.2
1
HV-P227 (B8-D03) D350
7
VN
0
LINE
8
02_DAY_NEO_BO
10
168.72
20
167.78
30
0.0
11
179.81
21
141.58
31
0.0
0
CIRCLE
8
04_COC_KHOAN_NHOI_BO
10
179.81
20
141.58
30
0.0
40
0.175
0
CIRCLE
8
04_COC_KHOAN_NHOI_BO
10
179.81
20
141.58
30
0.0
40
0.5
0
POINT
8
04_COC_KHOAN_NHOI_BO
10
179.81
20
141.58
30
0.0
0
TEXT
8
06_TOA_DO_TEXT
10
180.71
20
142.48
30
0.0
40
1.2
1
HV-P228 (B8-D04) D350
7
VN
0
LINE
8
02_DAY_NEO_BO
10
61.92
20
192.12
30
0.0
11
43.71
21
192.12
31
0.0
0
CIRCLE
8
04_COC_KHOAN_NHOI_BO
10
43.71
20
192.12
30
0.0
40
0.175
0
CIRCLE
8
04_COC_KHOAN_NHOI_BO
10
43.71
20
192.12
30
0.0
40
0.5
0
POINT
8
04_COC_KHOAN_NHOI_BO
10
43.71
20
192.12
30
0.0
0
TEXT
8
06_TOA_DO_TEXT
10
44.61
20
193.02
30
0.0
40
1.2
1
HV-P229 (B8-D05) D350
7
VN
0
LINE
8
02_DAY_NEO_BO
10
61.92
20
184.71
30
0.0
11
43.03
21
184.71
31
0.0
0
CIRCLE
8
04_COC_KHOAN_NHOI_BO
10
43.03
20
184.71
30
0.0
40
0.175
0
CIRCLE
8
04_COC_KHOAN_NHOI_BO
10
43.03
20
184.71
30
0.0
40
0.5
0
POINT
8
04_COC_KHOAN_NHOI_BO
10
43.03
20
184.71
30
0.0
0
TEXT
8
06_TOA_DO_TEXT
10
43.93
20
185.61
30
0.0
40
1.2
1
HV-P230 (B8-D06) D350
7
VN
0
LINE
8
02_DAY_NEO_BO
10
61.92
20
162.4
30
0.0
11
38.63
21
162.4
31
0.0
0
CIRCLE
8
04_COC_KHOAN_NHOI_BO
10
38.63
20
162.4
30
0.0
40
0.175
0
CIRCLE
8
04_COC_KHOAN_NHOI_BO
10
38.63
20
162.4
30
0.0
40
0.5
0
POINT
8
04_COC_KHOAN_NHOI_BO
10
38.63
20
162.4
30
0.0
0
TEXT
8
06_TOA_DO_TEXT
10
39.53
20
163.3
30
0.0
40
1.2
1
HV-P231 (B8-D07) D350
7
VN
0
LINE
8
02_DAY_NEO_BO
10
61.92
20
148.99
30
0.0
11
37.72
21
148.99
31
0.0
0
CIRCLE
8
04_COC_KHOAN_NHOI_BO
10
37.72
20
148.99
30
0.0
40
0.175
0
CIRCLE
8
04_COC_KHOAN_NHOI_BO
10
37.72
20
148.99
30
0.0
40
0.5
0
POINT
8
04_COC_KHOAN_NHOI_BO
10
37.72
20
148.99
30
0.0
0
TEXT
8
06_TOA_DO_TEXT
10
38.62
20
149.89
30
0.0
40
1.2
1
HV-P232 (B8-D08) D350
7
VN
0
LINE
8
02_DAY_NEO_BO
10
61.92
20
135.54
30
0.0
11
37.02
21
135.54
31
0.0
0
CIRCLE
8
04_COC_KHOAN_NHOI_BO
10
37.02
20
135.54
30
0.0
40
0.175
0
CIRCLE
8
04_COC_KHOAN_NHOI_BO
10
37.02
20
135.54
30
0.0
40
0.5
0
POINT
8
04_COC_KHOAN_NHOI_BO
10
37.02
20
135.54
30
0.0
0
TEXT
8
06_TOA_DO_TEXT
10
37.92
20
136.44
30
0.0
40
1.2
1
HV-P233 (B8-D09) D350
7
VN
0
LINE
8
02_DAY_NEO_BO
10
61.92
20
114.48
30
0.0
11
38.08
21
114.48
31
0.0
0
CIRCLE
8
04_COC_KHOAN_NHOI_BO
10
38.08
20
114.48
30
0.0
40
0.175
0
CIRCLE
8
04_COC_KHOAN_NHOI_BO
10
38.08
20
114.48
30
0.0
40
0.5
0
POINT
8
04_COC_KHOAN_NHOI_BO
10
38.08
20
114.48
30
0.0
0
TEXT
8
06_TOA_DO_TEXT
10
38.98
20
115.38
30
0.0
40
1.2
1
HV-P234 (B8-D10) D350
7
VN
0
LINE
8
02_DAY_NEO_BO
10
61.92
20
111.31
30
0.0
11
38.52
21
111.31
31
0.0
0
CIRCLE
8
04_COC_KHOAN_NHOI_BO
10
38.52
20
111.31
30
0.0
40
0.175
0
CIRCLE
8
04_COC_KHOAN_NHOI_BO
10
38.52
20
111.31
30
0.0
40
0.5
0
POINT
8
04_COC_KHOAN_NHOI_BO
10
38.52
20
111.31
30
0.0
0
TEXT
8
06_TOA_DO_TEXT
10
39.42
20
112.21
30
0.0
40
1.2
1
HV-P235 (B8-D11) D350
7
VN
0
LINE
8
02_DAY_NEO_BO
10
62.02
20
281.79
30
0.0
11
62.02
21
302.94
31
0.0
0
CIRCLE
8
04_COC_KHOAN_NHOI_BO
10
62.02
20
302.94
30
0.0
40
0.175
0
CIRCLE
8
04_COC_KHOAN_NHOI_BO
10
62.02
20
302.94
30
0.0
40
0.5
0
POINT
8
04_COC_KHOAN_NHOI_BO
10
62.02
20
302.94
30
0.0
0
TEXT
8
06_TOA_DO_TEXT
10
62.92
20
303.84
30
0.0
40
1.2
1
HV-P236 (B8-D12) D350
7
VN
0
LINE
8
02_DAY_NEO_BO
10
133.29
20
281.79
30
0.0
11
149.97
21
284.17
31
0.0
0
CIRCLE
8
04_COC_KHOAN_NHOI_BO
10
149.97
20
284.17
30
0.0
40
0.175
0
CIRCLE
8
04_COC_KHOAN_NHOI_BO
10
149.97
20
284.17
30
0.0
40
0.5
0
POINT
8
04_COC_KHOAN_NHOI_BO
10
149.97
20
284.17
30
0.0
0
TEXT
8
06_TOA_DO_TEXT
10
150.87
20
285.07
30
0.0
40
1.2
1
HV-P237 (B8-D13) D350
7
VN
0
LINE
8
02_DAY_NEO_BO
10
134.15
20
246.16
30
0.0
11
159.54
21
249.74
31
0.0
0
CIRCLE
8
04_COC_KHOAN_NHOI_BO
10
159.54
20
249.74
30
0.0
40
0.175
0
CIRCLE
8
04_COC_KHOAN_NHOI_BO
10
159.54
20
249.74
30
0.0
40
0.5
0
POINT
8
04_COC_KHOAN_NHOI_BO
10
159.54
20
249.74
30
0.0
0
TEXT
8
06_TOA_DO_TEXT
10
160.44
20
250.64
30
0.0
40
1.2
1
HV-P238 (B8-D14) D350
7
VN
0
LINE
8
02_DAY_NEO_BO
10
134.15
20
269.34
30
0.0
11
157.94
21
269.34
31
0.0
0
CIRCLE
8
04_COC_KHOAN_NHOI_BO
10
157.94
20
269.34
30
0.0
40
0.175
0
CIRCLE
8
04_COC_KHOAN_NHOI_BO
10
157.94
20
269.34
30
0.0
40
0.5
0
POINT
8
04_COC_KHOAN_NHOI_BO
10
157.94
20
269.34
30
0.0
0
TEXT
8
06_TOA_DO_TEXT
10
158.84
20
270.24
30
0.0
40
1.2
1
HV-P239 (B8-D15) D350
7
VN
0
LINE
8
02_DAY_NEO_BO
10
61.92
20
256.25
30
0.0
11
35.3
21
256.25
31
0.0
0
CIRCLE
8
04_COC_KHOAN_NHOI_BO
10
35.3
20
256.25
30
0.0
40
0.175
0
CIRCLE
8
04_COC_KHOAN_NHOI_BO
10
35.3
20
256.25
30
0.0
40
0.5
0
POINT
8
04_COC_KHOAN_NHOI_BO
10
35.3
20
256.25
30
0.0
0
TEXT
8
06_TOA_DO_TEXT
10
36.2
20
257.15
30
0.0
40
1.2
1
HV-P240 (B8-D16) D350
7
VN
0
LINE
8
02_DAY_NEO_BO
10
61.92
20
238.18
30
0.0
11
36.05
21
238.18
31
0.0
0
CIRCLE
8
04_COC_KHOAN_NHOI_BO
10
36.05
20
238.18
30
0.0
40
0.175
0
CIRCLE
8
04_COC_KHOAN_NHOI_BO
10
36.05
20
238.18
30
0.0
40
0.5
0
POINT
8
04_COC_KHOAN_NHOI_BO
10
36.05
20
238.18
30
0.0
0
TEXT
8
06_TOA_DO_TEXT
10
36.95
20
239.08
30
0.0
40
1.2
1
HV-P241 (B8-D17) D350
7
VN
0
LINE
8
02_DAY_NEO_BO
10
61.92
20
281.79
30
0.0
11
49.56
21
290.47
31
0.0
0
CIRCLE
8
04_COC_KHOAN_NHOI_BO
10
49.56
20
290.47
30
0.0
40
0.175
0
CIRCLE
8
04_COC_KHOAN_NHOI_BO
10
49.56
20
290.47
30
0.0
40
0.5
0
POINT
8
04_COC_KHOAN_NHOI_BO
10
49.56
20
290.47
30
0.0
0
TEXT
8
06_TOA_DO_TEXT
10
50.46
20
291.37
30
0.0
40
1.2
1
HV-P242 (B8-D18) D350
7
VN
0
LINE
8
02_DAY_NEO_BO
10
61.92
20
281.79
30
0.0
11
51.82
21
292.73
31
0.0
0
CIRCLE
8
04_COC_KHOAN_NHOI_BO
10
51.82
20
292.73
30
0.0
40
0.175
0
CIRCLE
8
04_COC_KHOAN_NHOI_BO
10
51.82
20
292.73
30
0.0
40
0.5
0
POINT
8
04_COC_KHOAN_NHOI_BO
10
51.82
20
292.73
30
0.0
0
TEXT
8
06_TOA_DO_TEXT
10
52.72
20
293.63
30
0.0
40
1.2
1
HV-P243 (B8-D19) D350
7
VN
0
LINE
8
02_DAY_NEO_BO
10
61.92
20
281.79
30
0.0
11
59.49
21
300.62
31
0.0
0
CIRCLE
8
04_COC_KHOAN_NHOI_BO
10
59.49
20
300.62
30
0.0
40
0.175
0
CIRCLE
8
04_COC_KHOAN_NHOI_BO
10
59.49
20
300.62
30
0.0
40
0.5
0
POINT
8
04_COC_KHOAN_NHOI_BO
10
59.49
20
300.62
30
0.0
0
TEXT
8
06_TOA_DO_TEXT
10
60.39
20
301.52
30
0.0
40
1.2
1
HV-P244 (B8-D20) D350
7
VN
0
LINE
8
02_DAY_NEO_BO
10
61.92
20
269.04
30
0.0
11
38.78
21
273.12
31
0.0
0
CIRCLE
8
04_COC_KHOAN_NHOI_BO
10
38.78
20
273.12
30
0.0
40
0.175
0
CIRCLE
8
04_COC_KHOAN_NHOI_BO
10
38.78
20
273.12
30
0.0
40
0.5
0
POINT
8
04_COC_KHOAN_NHOI_BO
10
38.78
20
273.12
30
0.0
0
TEXT
8
06_TOA_DO_TEXT
10
39.68
20
274.02
30
0.0
40
1.2
1
HV-P245 (B8-D21) D350
7
VN
0
LINE
8
02_DAY_NEO_BO
10
61.92
20
247.25
30
0.0
11
36.92
21
247.25
31
0.0
0
CIRCLE
8
04_COC_KHOAN_NHOI_BO
10
36.92
20
247.25
30
0.0
40
0.175
0
CIRCLE
8
04_COC_KHOAN_NHOI_BO
10
36.92
20
247.25
30
0.0
40
0.5
0
POINT
8
04_COC_KHOAN_NHOI_BO
10
36.92
20
247.25
30
0.0
0
TEXT
8
06_TOA_DO_TEXT
10
37.82
20
248.15
30
0.0
40
1.2
1
HV-P246 (B8-D22) D350
7
VN
0
LINE
8
02_DAY_NEO_BO
10
61.92
20
226.68
30
0.0
11
38.42
21
226.68
31
0.0
0
CIRCLE
8
04_COC_KHOAN_NHOI_BO
10
38.42
20
226.68
30
0.0
40
0.175
0
CIRCLE
8
04_COC_KHOAN_NHOI_BO
10
38.42
20
226.68
30
0.0
40
0.5
0
POINT
8
04_COC_KHOAN_NHOI_BO
10
38.42
20
226.68
30
0.0
0
TEXT
8
06_TOA_DO_TEXT
10
39.32
20
227.58
30
0.0
40
1.2
1
HV-P247 (B8-D23) D350
7
VN
0
LINE
8
02_DAY_NEO_BO
10
61.92
20
215.18
30
0.0
11
40.75
21
211.45
31
0.0
0
CIRCLE
8
04_COC_KHOAN_NHOI_BO
10
40.75
20
211.45
30
0.0
40
0.175
0
CIRCLE
8
04_COC_KHOAN_NHOI_BO
10
40.75
20
211.45
30
0.0
40
0.5
0
POINT
8
04_COC_KHOAN_NHOI_BO
10
40.75
20
211.45
30
0.0
0
TEXT
8
06_TOA_DO_TEXT
10
41.65
20
212.35
30
0.0
40
1.2
1
HV-P248 (B8-D24) D350
7
VN
0
LINE
8
02_DAY_NEO_BO
10
61.92
20
203.68
30
0.0
11
43.7
21
200.47
31
0.0
0
CIRCLE
8
04_COC_KHOAN_NHOI_BO
10
43.7
20
200.47
30
0.0
40
0.175
0
CIRCLE
8
04_COC_KHOAN_NHOI_BO
10
43.7
20
200.47
30
0.0
40
0.5
0
POINT
8
04_COC_KHOAN_NHOI_BO
10
43.7
20
200.47
30
0.0
0
TEXT
8
06_TOA_DO_TEXT
10
44.6
20
201.37
30
0.0
40
1.2
1
HV-P249 (B8-D25) D350
7
VN
0
LINE
8
02_DAY_NEO_BO
10
61.92
20
173.46
30
0.0
11
42
21
175.2
31
0.0
0
CIRCLE
8
04_COC_KHOAN_NHOI_BO
10
42
20
175.2
30
0.0
40
0.175
0
CIRCLE
8
04_COC_KHOAN_NHOI_BO
10
42
20
175.2
30
0.0
40
0.5
0
POINT
8
04_COC_KHOAN_NHOI_BO
10
42
20
175.2
30
0.0
0
TEXT
8
06_TOA_DO_TEXT
10
42.9
20
176.1
30
0.0
40
1.2
1
HV-P250 (B8-D26) D350
7
VN
0
LINE
8
02_DAY_NEO_BO
10
61.92
20
125.04
30
0.0
11
37.77
21
131.51
31
0.0
0
CIRCLE
8
04_COC_KHOAN_NHOI_BO
10
37.77
20
131.51
30
0.0
40
0.175
0
CIRCLE
8
04_COC_KHOAN_NHOI_BO
10
37.77
20
131.51
30
0.0
40
0.5
0
POINT
8
04_COC_KHOAN_NHOI_BO
10
37.77
20
131.51
30
0.0
0
TEXT
8
06_TOA_DO_TEXT
10
38.67
20
132.41
30
0.0
40
1.2
1
HV-P251 (B8-D27) D350
7
VN
0
LINE
8
02_DAY_NEO_BO
10
66.4
20
101.79
30
0.0
11
47.33
21
71.85
31
0.0
0
CIRCLE
8
04_COC_KHOAN_NHOI_BO
10
47.33
20
71.85
30
0.0
40
0.175
0
CIRCLE
8
04_COC_KHOAN_NHOI_BO
10
47.33
20
71.85
30
0.0
40
0.5
0
POINT
8
04_COC_KHOAN_NHOI_BO
10
47.33
20
71.85
30
0.0
0
TEXT
8
06_TOA_DO_TEXT
10
48.23
20
72.75
30
0.0
40
1.2
1
HV-P252 (B8-D28) D350
7
VN
0
LINE
8
02_DAY_NEO_BO
10
134.15
20
104.04
30
0.0
11
183.3
21
111.63
31
0.0
0
CIRCLE
8
04_COC_KHOAN_NHOI_BO
10
183.3
20
111.63
30
0.0
40
0.175
0
CIRCLE
8
04_COC_KHOAN_NHOI_BO
10
183.3
20
111.63
30
0.0
40
0.5
0
POINT
8
04_COC_KHOAN_NHOI_BO
10
183.3
20
111.63
30
0.0
0
TEXT
8
06_TOA_DO_TEXT
10
184.2
20
112.53
30
0.0
40
1.2
1
HV-P257 (B8-D33) D350
7
VN
0
LINE
8
02_DAY_NEO_BO
10
134.15
20
118.04
30
0.0
11
178.32
21
120.11
31
0.0
0
CIRCLE
8
04_COC_KHOAN_NHOI_BO
10
178.32
20
120.11
30
0.0
40
0.175
0
CIRCLE
8
04_COC_KHOAN_NHOI_BO
10
178.32
20
120.11
30
0.0
40
0.5
0
POINT
8
04_COC_KHOAN_NHOI_BO
10
178.32
20
120.11
30
0.0
0
TEXT
8
06_TOA_DO_TEXT
10
179.22
20
121.01
30
0.0
40
1.2
1
HV-P258 (B8-D34) D350
7
VN
0
LINE
8
02_DAY_NEO_BO
10
134.15
20
132.04
30
0.0
11
178.74
21
123.28
31
0.0
0
CIRCLE
8
04_COC_KHOAN_NHOI_BO
10
178.74
20
123.28
30
0.0
40
0.175
0
CIRCLE
8
04_COC_KHOAN_NHOI_BO
10
178.74
20
123.28
30
0.0
40
0.5
0
POINT
8
04_COC_KHOAN_NHOI_BO
10
178.74
20
123.28
30
0.0
0
TEXT
8
06_TOA_DO_TEXT
10
179.64
20
124.18
30
0.0
40
1.2
1
HV-P259 (B8-D35) D350
7
VN
0
LINE
8
02_DAY_NEO_BO
10
134.15
20
146.04
30
0.0
11
175.51
21
125.33
31
0.0
0
CIRCLE
8
04_COC_KHOAN_NHOI_BO
10
175.51
20
125.33
30
0.0
40
0.175
0
CIRCLE
8
04_COC_KHOAN_NHOI_BO
10
175.51
20
125.33
30
0.0
40
0.5
0
POINT
8
04_COC_KHOAN_NHOI_BO
10
175.51
20
125.33
30
0.0
0
TEXT
8
06_TOA_DO_TEXT
10
176.41
20
126.23
30
0.0
40
1.2
1
HV-P260 (B8-D36) D350
7
VN
0
LINE
8
02_DAY_NEO_BO
10
134.15
20
160.04
30
0.0
11
176.1
21
130.11
31
0.0
0
CIRCLE
8
04_COC_KHOAN_NHOI_BO
10
176.1
20
130.11
30
0.0
40
0.175
0
CIRCLE
8
04_COC_KHOAN_NHOI_BO
10
176.1
20
130.11
30
0.0
40
0.5
0
POINT
8
04_COC_KHOAN_NHOI_BO
10
176.1
20
130.11
30
0.0
0
TEXT
8
06_TOA_DO_TEXT
10
177
20
131.01
30
0.0
40
1.2
1
HV-P261 (B8-D37) D350
7
VN
0
LINE
8
02_DAY_NEO_BO
10
140.41
20
167.78
30
0.0
11
177
21
134.34
31
0.0
0
CIRCLE
8
04_COC_KHOAN_NHOI_BO
10
177
20
134.34
30
0.0
40
0.175
0
CIRCLE
8
04_COC_KHOAN_NHOI_BO
10
177
20
134.34
30
0.0
40
0.5
0
POINT
8
04_COC_KHOAN_NHOI_BO
10
177
20
134.34
30
0.0
0
TEXT
8
06_TOA_DO_TEXT
10
177.9
20
135.24
30
0.0
40
1.2
1
HV-P262 (B8-D38) D350
7
VN
0
LINE
8
02_DAY_NEO_BO
10
154.66
20
167.78
30
0.0
11
177.48
21
139.68
31
0.0
0
CIRCLE
8
04_COC_KHOAN_NHOI_BO
10
177.48
20
139.68
30
0.0
40
0.175
0
CIRCLE
8
04_COC_KHOAN_NHOI_BO
10
177.48
20
139.68
30
0.0
40
0.5
0
POINT
8
04_COC_KHOAN_NHOI_BO
10
177.48
20
139.68
30
0.0
0
TEXT
8
06_TOA_DO_TEXT
10
178.38
20
140.58
30
0.0
40
1.2
1
HV-P263 (B8-D39) D350
7
VN
0
LINE
8
02_DAY_NEO_BO
10
168.72
20
181.78
30
0.0
11
192.05
21
158.45
31
0.0
0
CIRCLE
8
04_COC_KHOAN_NHOI_BO
10
192.05
20
158.45
30
0.0
40
0.175
0
CIRCLE
8
04_COC_KHOAN_NHOI_BO
10
192.05
20
158.45
30
0.0
40
0.5
0
POINT
8
04_COC_KHOAN_NHOI_BO
10
192.05
20
158.45
30
0.0
0
TEXT
8
06_TOA_DO_TEXT
10
192.95
20
159.35
30
0.0
40
1.2
1
HV-P264 (B8-D40) D350
7
VN
0
LINE
8
02_DAY_NEO_BO
10
168.72
20
196.03
30
0.0
11
200.19
21
164.56
31
0.0
0
CIRCLE
8
04_COC_KHOAN_NHOI_BO
10
200.19
20
164.56
30
0.0
40
0.175
0
CIRCLE
8
04_COC_KHOAN_NHOI_BO
10
200.19
20
164.56
30
0.0
40
0.5
0
POINT
8
04_COC_KHOAN_NHOI_BO
10
200.19
20
164.56
30
0.0
0
TEXT
8
06_TOA_DO_TEXT
10
201.09
20
165.46
30
0.0
40
1.2
1
HV-P265 (B8-D41) D350
7
VN
0
LINE
8
02_DAY_NEO_BO
10
168.72
20
210.03
30
0.0
11
219.02
21
186.57
31
0.0
0
CIRCLE
8
04_COC_KHOAN_NHOI_BO
10
219.02
20
186.57
30
0.0
40
0.175
0
CIRCLE
8
04_COC_KHOAN_NHOI_BO
10
219.02
20
186.57
30
0.0
40
0.5
0
POINT
8
04_COC_KHOAN_NHOI_BO
10
219.02
20
186.57
30
0.0
0
TEXT
8
06_TOA_DO_TEXT
10
219.92
20
187.47
30
0.0
40
1.2
1
HV-P266 (B8-D42) D350
7
VN
0
LINE
8
02_DAY_NEO_BO
10
168.47
20
224.03
30
0.0
11
173.26
21
237.19
31
0.0
0
CIRCLE
8
04_COC_KHOAN_NHOI_BO
10
173.26
20
237.19
30
0.0
40
0.175
0
CIRCLE
8
04_COC_KHOAN_NHOI_BO
10
173.26
20
237.19
30
0.0
40
0.5
0
POINT
8
04_COC_KHOAN_NHOI_BO
10
173.26
20
237.19
30
0.0
0
TEXT
8
06_TOA_DO_TEXT
10
174.16
20
238.09
30
0.0
40
1.2
1
HV-P267 (B8-D43) D350
7
VN
0
LINE
8
02_DAY_NEO_BO
10
154.47
20
224.03
30
0.0
11
163.13
21
242.61
31
0.0
0
CIRCLE
8
04_COC_KHOAN_NHOI_BO
10
163.13
20
242.61
30
0.0
40
0.175
0
CIRCLE
8
04_COC_KHOAN_NHOI_BO
10
163.13
20
242.61
30
0.0
40
0.5
0
POINT
8
04_COC_KHOAN_NHOI_BO
10
163.13
20
242.61
30
0.0
0
TEXT
8
06_TOA_DO_TEXT
10
164.03
20
243.51
30
0.0
40
1.2
1
HV-P268 (B8-D44) D350
7
VN
0
LINE
8
02_DAY_NEO_BO
10
140.22
20
224.03
30
0.0
11
164.26
21
248.07
31
0.0
0
CIRCLE
8
04_COC_KHOAN_NHOI_BO
10
164.26
20
248.07
30
0.0
40
0.175
0
CIRCLE
8
04_COC_KHOAN_NHOI_BO
10
164.26
20
248.07
30
0.0
40
0.5
0
POINT
8
04_COC_KHOAN_NHOI_BO
10
164.26
20
248.07
30
0.0
0
TEXT
8
06_TOA_DO_TEXT
10
165.16
20
248.97
30
0.0
40
1.2
1
HV-P269 (B8-D45) D350
7
VN
0
LINE
8
02_DAY_NEO_BO
10
134.15
20
231.96
30
0.0
11
161.85
21
246.16
31
0.0
0
CIRCLE
8
04_COC_KHOAN_NHOI_BO
10
161.85
20
246.16
30
0.0
40
0.175
0
CIRCLE
8
04_COC_KHOAN_NHOI_BO
10
161.85
20
246.16
30
0.0
40
0.5
0
POINT
8
04_COC_KHOAN_NHOI_BO
10
161.85
20
246.16
30
0.0
0
TEXT
8
06_TOA_DO_TEXT
10
162.75
20
247.06
30
0.0
40
1.2
1
HV-P270 (B8-D46) D350
7
VN
0
LINE
8
02_DAY_NEO_BO
10
134.15
20
257.66
30
0.0
11
157.15
21
257.66
31
0.0
0
CIRCLE
8
04_COC_KHOAN_NHOI_BO
10
157.15
20
257.66
30
0.0
40
0.175
0
CIRCLE
8
04_COC_KHOAN_NHOI_BO
10
157.15
20
257.66
30
0.0
40
0.5
0
POINT
8
04_COC_KHOAN_NHOI_BO
10
157.15
20
257.66
30
0.0
0
TEXT
8
06_TOA_DO_TEXT
10
158.05
20
258.56
30
0.0
40
1.2
1
HV-P271 (B8-D47) D350
7
VN
0
LINE
8
02_DAY_NEO_BO
10
104.79
20
281.79
30
0.0
11
79.84
21
317.42
31
0.0
0
CIRCLE
8
04_COC_KHOAN_NHOI_BO
10
79.84
20
317.42
30
0.0
40
0.175
0
CIRCLE
8
04_COC_KHOAN_NHOI_BO
10
79.84
20
317.42
30
0.0
40
0.5
0
POINT
8
04_COC_KHOAN_NHOI_BO
10
79.84
20
317.42
30
0.0
0
TEXT
8
06_TOA_DO_TEXT
10
80.74
20
318.32
30
0.0
40
1.2
1
HV-P273 (B8-D49) D350
7
VN
0
LINE
8
02_DAY_NEO_BO
10
90.54
20
281.79
30
0.0
11
65.26
21
303
31
0.0
0
CIRCLE
8
04_COC_KHOAN_NHOI_BO
10
65.26
20
303
30
0.0
40
0.175
0
CIRCLE
8
04_COC_KHOAN_NHOI_BO
10
65.26
20
303
30
0.0
40
0.5
0
POINT
8
04_COC_KHOAN_NHOI_BO
10
65.26
20
303
30
0.0
0
TEXT
8
06_TOA_DO_TEXT
10
66.16
20
303.9
30
0.0
40
1.2
1
HV-P274 (B8-D50) D350
7
VN
0
LINE
8
02_DAY_NEO_BO
10
76.29
20
281.79
30
0.0
11
62.59
21
299.64
31
0.0
0
CIRCLE
8
04_COC_KHOAN_NHOI_BO
10
62.59
20
299.64
30
0.0
40
0.175
0
CIRCLE
8
04_COC_KHOAN_NHOI_BO
10
62.59
20
299.64
30
0.0
40
0.5
0
POINT
8
04_COC_KHOAN_NHOI_BO
10
62.59
20
299.64
30
0.0
0
TEXT
8
06_TOA_DO_TEXT
10
63.49
20
300.54
30
0.0
40
1.2
1
HV-P275 (B8-D51) D350
7
VN
0
LINE
8
02_DAY_NEO_BO
10
141.43
20
301.09
30
0.0
11
154.76
21
294.59
31
0.0
0
CIRCLE
8
04_COC_KHOAN_NHOI_BO
10
154.76
20
294.59
30
0.0
40
0.175
0
CIRCLE
8
04_COC_KHOAN_NHOI_BO
10
154.76
20
294.59
30
0.0
40
0.5
0
POINT
8
04_COC_KHOAN_NHOI_BO
10
154.76
20
294.59
30
0.0
0
TEXT
8
06_TOA_DO_TEXT
10
155.66
20
295.49
30
0.0
40
1.2
1
HV-P276 (B9-D01) D350
7
VN
0
LINE
8
02_DAY_NEO_BO
10
147.43
20
313.39
30
0.0
11
163.82
21
305.4
31
0.0
0
CIRCLE
8
04_COC_KHOAN_NHOI_BO
10
163.82
20
305.4
30
0.0
40
0.175
0
CIRCLE
8
04_COC_KHOAN_NHOI_BO
10
163.82
20
305.4
30
0.0
40
0.5
0
POINT
8
04_COC_KHOAN_NHOI_BO
10
163.82
20
305.4
30
0.0
0
TEXT
8
06_TOA_DO_TEXT
10
164.72
20
306.3
30
0.0
40
1.2
1
HV-P277 (B9-D02) D350
7
VN
0
LINE
8
02_DAY_NEO_BO
10
154.54
20
327.97
30
0.0
11
172.67
21
319.13
31
0.0
0
CIRCLE
8
04_COC_KHOAN_NHOI_BO
10
172.67
20
319.13
30
0.0
40
0.175
0
CIRCLE
8
04_COC_KHOAN_NHOI_BO
10
172.67
20
319.13
30
0.0
40
0.5
0
POINT
8
04_COC_KHOAN_NHOI_BO
10
172.67
20
319.13
30
0.0
0
TEXT
8
06_TOA_DO_TEXT
10
173.57
20
320.03
30
0.0
40
1.2
1
HV-P278 (B9-D03) D350
7
VN
0
LINE
8
02_DAY_NEO_BO
10
162.72
20
344.73
30
0.0
11
177.51
21
337.51
31
0.0
0
CIRCLE
8
04_COC_KHOAN_NHOI_BO
10
177.51
20
337.51
30
0.0
40
0.175
0
CIRCLE
8
04_COC_KHOAN_NHOI_BO
10
177.51
20
337.51
30
0.0
40
0.5
0
POINT
8
04_COC_KHOAN_NHOI_BO
10
177.51
20
337.51
30
0.0
0
TEXT
8
06_TOA_DO_TEXT
10
178.41
20
338.41
30
0.0
40
1.2
1
HV-P279 (B9-D04) D350
7
VN
0
LINE
8
02_DAY_NEO_BO
10
169.53
20
358.7
30
0.0
11
183.01
21
352.13
31
0.0
0
CIRCLE
8
04_COC_KHOAN_NHOI_BO
10
183.01
20
352.13
30
0.0
40
0.175
0
CIRCLE
8
04_COC_KHOAN_NHOI_BO
10
183.01
20
352.13
30
0.0
40
0.5
0
POINT
8
04_COC_KHOAN_NHOI_BO
10
183.01
20
352.13
30
0.0
0
TEXT
8
06_TOA_DO_TEXT
10
183.91
20
353.03
30
0.0
40
1.2
1
HV-P280 (B9-D05) D350
7
VN
0
LINE
8
02_DAY_NEO_BO
10
175.71
20
371.36
30
0.0
11
189.63
21
364.57
31
0.0
0
CIRCLE
8
04_COC_KHOAN_NHOI_BO
10
189.63
20
364.57
30
0.0
40
0.175
0
CIRCLE
8
04_COC_KHOAN_NHOI_BO
10
189.63
20
364.57
30
0.0
40
0.5
0
POINT
8
04_COC_KHOAN_NHOI_BO
10
189.63
20
364.57
30
0.0
0
TEXT
8
06_TOA_DO_TEXT
10
190.53
20
365.47
30
0.0
40
1.2
1
HV-P281 (B9-D06) D350
7
VN
0
LINE
8
02_DAY_NEO_BO
10
180.21
20
380.58
30
0.0
11
193.87
21
373.92
31
0.0
0
CIRCLE
8
04_COC_KHOAN_NHOI_BO
10
193.87
20
373.92
30
0.0
40
0.175
0
CIRCLE
8
04_COC_KHOAN_NHOI_BO
10
193.87
20
373.92
30
0.0
40
0.5
0
POINT
8
04_COC_KHOAN_NHOI_BO
10
193.87
20
373.92
30
0.0
0
TEXT
8
06_TOA_DO_TEXT
10
194.77
20
374.82
30
0.0
40
1.2
1
HV-P282 (B9-D07) D350
7
VN
0
LINE
8
02_DAY_NEO_BO
10
146.61
20
395.04
30
0.0
11
135.11
21
400.65
31
0.0
0
CIRCLE
8
04_COC_KHOAN_NHOI_BO
10
135.11
20
400.65
30
0.0
40
0.175
0
CIRCLE
8
04_COC_KHOAN_NHOI_BO
10
135.11
20
400.65
30
0.0
40
0.5
0
POINT
8
04_COC_KHOAN_NHOI_BO
10
135.11
20
400.65
30
0.0
0
TEXT
8
06_TOA_DO_TEXT
10
136.01
20
401.55
30
0.0
40
1.2
1
HV-P283 (B9-D08) D350
7
VN
0
LINE
8
02_DAY_NEO_BO
10
135.22
20
371.68
30
0.0
11
118.37
21
379.9
31
0.0
0
CIRCLE
8
04_COC_KHOAN_NHOI_BO
10
118.37
20
379.9
30
0.0
40
0.175
0
CIRCLE
8
04_COC_KHOAN_NHOI_BO
10
118.37
20
379.9
30
0.0
40
0.5
0
POINT
8
04_COC_KHOAN_NHOI_BO
10
118.37
20
379.9
30
0.0
0
TEXT
8
06_TOA_DO_TEXT
10
119.27
20
380.8
30
0.0
40
1.2
1
HV-P284 (B9-D09) D350
7
VN
0
LINE
8
02_DAY_NEO_BO
10
136.6
20
374.51
30
0.0
11
119.2
21
382.99
31
0.0
0
CIRCLE
8
04_COC_KHOAN_NHOI_BO
10
119.2
20
382.99
30
0.0
40
0.175
0
CIRCLE
8
04_COC_KHOAN_NHOI_BO
10
119.2
20
382.99
30
0.0
40
0.5
0
POINT
8
04_COC_KHOAN_NHOI_BO
10
119.2
20
382.99
30
0.0
0
TEXT
8
06_TOA_DO_TEXT
10
120.1
20
383.89
30
0.0
40
1.2
1
HV-P285 (B9-D10) D350
7
VN
0
LINE
8
02_DAY_NEO_BO
10
123.54
20
347.73
30
0.0
11
101.46
21
358.5
31
0.0
0
CIRCLE
8
04_COC_KHOAN_NHOI_BO
10
101.46
20
358.5
30
0.0
40
0.175
0
CIRCLE
8
04_COC_KHOAN_NHOI_BO
10
101.46
20
358.5
30
0.0
40
0.5
0
POINT
8
04_COC_KHOAN_NHOI_BO
10
101.46
20
358.5
30
0.0
0
TEXT
8
06_TOA_DO_TEXT
10
102.36
20
359.4
30
0.0
40
1.2
1
HV-P286 (B9-D11) D350
7
VN
0
LINE
8
02_DAY_NEO_BO
10
117.49
20
335.34
30
0.0
11
97.02
21
345.33
31
0.0
0
CIRCLE
8
04_COC_KHOAN_NHOI_BO
10
97.02
20
345.33
30
0.0
40
0.175
0
CIRCLE
8
04_COC_KHOAN_NHOI_BO
10
97.02
20
345.33
30
0.0
40
0.5
0
POINT
8
04_COC_KHOAN_NHOI_BO
10
97.02
20
345.33
30
0.0
0
TEXT
8
06_TOA_DO_TEXT
10
97.92
20
346.23
30
0.0
40
1.2
1
HV-P287 (B9-D12) D350
7
VN
0
LINE
8
02_DAY_NEO_BO
10
113.85
20
327.86
30
0.0
11
94.13
21
337.48
31
0.0
0
CIRCLE
8
04_COC_KHOAN_NHOI_BO
10
94.13
20
337.48
30
0.0
40
0.175
0
CIRCLE
8
04_COC_KHOAN_NHOI_BO
10
94.13
20
337.48
30
0.0
40
0.5
0
POINT
8
04_COC_KHOAN_NHOI_BO
10
94.13
20
337.48
30
0.0
0
TEXT
8
06_TOA_DO_TEXT
10
95.03
20
338.38
30
0.0
40
1.2
1
HV-P288 (B9-D13) D350
7
VN
0
LINE
8
02_DAY_NEO_BO
10
106.73
20
313.28
30
0.0
11
84.31
21
324.22
31
0.0
0
CIRCLE
8
04_COC_KHOAN_NHOI_BO
10
84.31
20
324.22
30
0.0
40
0.175
0
CIRCLE
8
04_COC_KHOAN_NHOI_BO
10
84.31
20
324.22
30
0.0
40
0.5
0
POINT
8
04_COC_KHOAN_NHOI_BO
10
84.31
20
324.22
30
0.0
0
TEXT
8
06_TOA_DO_TEXT
10
85.21
20
325.12
30
0.0
40
1.2
1
HV-P289 (B9-D14) D350
7
VN
0
LINE
8
02_DAY_NEO_BO
10
170.08
20
404.27
30
0.0
11
205.06
21
416.32
31
0.0
0
CIRCLE
8
04_COC_KHOAN_NHOI_BO
10
205.06
20
416.32
30
0.0
40
0.175
0
CIRCLE
8
04_COC_KHOAN_NHOI_BO
10
205.06
20
416.32
30
0.0
40
0.5
0
POINT
8
04_COC_KHOAN_NHOI_BO
10
205.06
20
416.32
30
0.0
0
TEXT
8
06_TOA_DO_TEXT
10
205.96
20
417.22
30
0.0
40
1.2
1
HV-P290 (B9-D15) D350
7
VN
0
LINE
8
02_DAY_NEO_BO
10
186.26
20
396.38
30
0.0
11
204.22
21
402.57
31
0.0
0
CIRCLE
8
04_COC_KHOAN_NHOI_BO
10
204.22
20
402.57
30
0.0
40
0.175
0
CIRCLE
8
04_COC_KHOAN_NHOI_BO
10
204.22
20
402.57
30
0.0
40
0.5
0
POINT
8
04_COC_KHOAN_NHOI_BO
10
204.22
20
402.57
30
0.0
0
TEXT
8
06_TOA_DO_TEXT
10
205.12
20
403.47
30
0.0
40
1.2
1
HV-P292 (B9-D17) D350
7
VN
0
LINE
8
02_DAY_NEO_BO
10
154.32
20
410.84
30
0.0
11
145.02
21
417.6
31
0.0
0
CIRCLE
8
04_COC_KHOAN_NHOI_BO
10
145.02
20
417.6
30
0.0
40
0.175
0
CIRCLE
8
04_COC_KHOAN_NHOI_BO
10
145.02
20
417.6
30
0.0
40
0.5
0
POINT
8
04_COC_KHOAN_NHOI_BO
10
145.02
20
417.6
30
0.0
0
TEXT
8
06_TOA_DO_TEXT
10
145.92
20
418.5
30
0.0
40
1.2
1
HV-P293 (B9-D18) D350
7
VN
0
LINE
8
02_DAY_NEO_BO
10
129.33
20
359.61
30
0.0
11
115.09
21
374.35
31
0.0
0
CIRCLE
8
04_COC_KHOAN_NHOI_BO
10
115.09
20
374.35
30
0.0
40
0.175
0
CIRCLE
8
04_COC_KHOAN_NHOI_BO
10
115.09
20
374.35
30
0.0
40
0.5
0
POINT
8
04_COC_KHOAN_NHOI_BO
10
115.09
20
374.35
30
0.0
0
TEXT
8
06_TOA_DO_TEXT
10
115.99
20
375.25
30
0.0
40
1.2
1
HV-P294 (B9-D19) D350
7
VN
0
LINE
8
02_DAY_NEO_BO
10
141.61
20
384.78
30
0.0
11
130.67
21
394.29
31
0.0
0
CIRCLE
8
04_COC_KHOAN_NHOI_BO
10
130.67
20
394.29
30
0.0
40
0.175
0
CIRCLE
8
04_COC_KHOAN_NHOI_BO
10
130.67
20
394.29
30
0.0
40
0.5
0
POINT
8
04_COC_KHOAN_NHOI_BO
10
130.67
20
394.29
30
0.0
0
TEXT
8
06_TOA_DO_TEXT
10
131.57
20
395.19
30
0.0
40
1.2
1
HV-P295 (B9-D20) D350
7
VN
0
LINE
8
03_DAY_NEO_DAY
10
-135.18
20
54.8
30
0.0
11
-128.58
21
44.11
31
0.0
0
LINE
8
03_DAY_NEO_DAY
10
-122.6
20
33.05
30
0.0
11
-128.58
21
44.11
31
0.0
0
LINE
8
05_DE_NEO_VIT_XOAN
10
-128.173
20
45.83
30
0.0
11
-126.86
21
43.703
31
0.0
0
LINE
8
05_DE_NEO_VIT_XOAN
10
-126.86
20
43.703
30
0.0
11
-128.987
21
42.39
31
0.0
0
LINE
8
05_DE_NEO_VIT_XOAN
10
-128.987
20
42.39
30
0.0
11
-130.3
21
44.517
31
0.0
0
LINE
8
05_DE_NEO_VIT_XOAN
10
-130.3
20
44.517
30
0.0
11
-128.173
21
45.83
31
0.0
0
CIRCLE
8
05_DE_NEO_VIT_XOAN
10
-128.222
20
45.624
30
0.0
40
0.06
0
CIRCLE
8
05_DE_NEO_VIT_XOAN
10
-127.066
20
43.752
30
0.0
40
0.06
0
CIRCLE
8
05_DE_NEO_VIT_XOAN
10
-128.938
20
42.596
30
0.0
40
0.06
0
CIRCLE
8
05_DE_NEO_VIT_XOAN
10
-130.094
20
44.468
30
0.0
40
0.06
0
LINE
8
05_DE_NEO_VIT_XOAN
10
-128.94
20
44.3
30
0.0
11
-128.64
21
44.3
31
0.0
0
LINE
8
05_DE_NEO_VIT_XOAN
10
-128.64
20
44.3
30
0.0
11
-128.64
21
44.6
31
0.0
0
LINE
8
05_DE_NEO_VIT_XOAN
10
-128.64
20
44.6
30
0.0
11
-128.94
21
44.6
31
0.0
0
LINE
8
05_DE_NEO_VIT_XOAN
10
-128.94
20
44.6
30
0.0
11
-128.94
21
44.3
31
0.0
0
LINE
8
05_DE_NEO_VIT_XOAN
10
-128.54
20
43.608
30
0.0
11
-128.24
21
43.608
31
0.0
0
LINE
8
05_DE_NEO_VIT_XOAN
10
-128.24
20
43.608
30
0.0
11
-128.24
21
43.908
31
0.0
0
LINE
8
05_DE_NEO_VIT_XOAN
10
-128.24
20
43.908
30
0.0
11
-128.54
21
43.908
31
0.0
0
LINE
8
05_DE_NEO_VIT_XOAN
10
-128.54
20
43.908
30
0.0
11
-128.54
21
43.608
31
0.0
0
POINT
8
05_DE_NEO_VIT_XOAN
10
-128.58
20
44.11
30
0.0
0
TEXT
8
06_TOA_DO_TEXT
10
-126.705
20
45.985
30
0.0
40
1.2
1
HV-DV001 (B1-D15 + B2-D13) 2,50\U+00D72,50\U+00D70,40 D\U+00D9NG CHUNG
7
VN
0
LINE
8
03_DAY_NEO_DAY
10
-146.34
20
39.43
30
0.0
11
-138.58
21
31.21
31
0.0
0
LINE
8
03_DAY_NEO_DAY
10
-130.83
20
22.99
30
0.0
11
-138.58
21
31.21
31
0.0
0
LINE
8
05_DE_NEO_VIT_XOAN
10
-138.531
20
32.977
30
0.0
11
-136.813
21
31.161
31
0.0
0
LINE
8
05_DE_NEO_VIT_XOAN
10
-136.813
20
31.161
30
0.0
11
-138.629
21
29.443
31
0.0
0
LINE
8
05_DE_NEO_VIT_XOAN
10
-138.629
20
29.443
30
0.0
11
-140.347
21
31.259
31
0.0
0
LINE
8
05_DE_NEO_VIT_XOAN
10
-140.347
20
31.259
30
0.0
11
-138.531
21
32.977
31
0.0
0
CIRCLE
8
05_DE_NEO_VIT_XOAN
10
-138.537
20
32.765
30
0.0
40
0.06
0
CIRCLE
8
05_DE_NEO_VIT_XOAN
10
-137.025
20
31.167
30
0.0
40
0.06
0
CIRCLE
8
05_DE_NEO_VIT_XOAN
10
-138.623
20
29.655
30
0.0
40
0.06
0
CIRCLE
8
05_DE_NEO_VIT_XOAN
10
-140.135
20
31.253
30
0.0
40
0.06
0
LINE
8
05_DE_NEO_VIT_XOAN
10
-139.005
20
31.351
30
0.0
11
-138.705
21
31.351
31
0.0
0
LINE
8
05_DE_NEO_VIT_XOAN
10
-138.705
20
31.351
30
0.0
11
-138.705
21
31.651
31
0.0
0
LINE
8
05_DE_NEO_VIT_XOAN
10
-138.705
20
31.651
30
0.0
11
-139.005
21
31.651
31
0.0
0
LINE
8
05_DE_NEO_VIT_XOAN
10
-139.005
20
31.651
30
0.0
11
-139.005
21
31.351
31
0.0
0
LINE
8
05_DE_NEO_VIT_XOAN
10
-138.456
20
30.769
30
0.0
11
-138.156
21
30.769
31
0.0
0
LINE
8
05_DE_NEO_VIT_XOAN
10
-138.156
20
30.769
30
0.0
11
-138.156
21
31.069
31
0.0
0
LINE
8
05_DE_NEO_VIT_XOAN
10
-138.156
20
31.069
30
0.0
11
-138.456
21
31.069
31
0.0
0
LINE
8
05_DE_NEO_VIT_XOAN
10
-138.456
20
31.069
30
0.0
11
-138.456
21
30.769
31
0.0
0
POINT
8
05_DE_NEO_VIT_XOAN
10
-138.58
20
31.21
30
0.0
0
TEXT
8
06_TOA_DO_TEXT
10
-136.705
20
33.085
30
0.0
40
1.2
1
HV-DV002 (B1-D19 + B2-D20) 2,50\U+00D72,50\U+00D70,40 D\U+00D9NG CHUNG
7
VN
0
LINE
8
03_DAY_NEO_DAY
10
-47.31
20
-19.81
30
0.0
11
-42.64
21
-28.74
31
0.0
0
LINE
8
03_DAY_NEO_DAY
10
-37.98
20
-37.67
30
0.0
11
-42.64
21
-28.74
31
0.0
0
LINE
8
05_DE_NEO_VIT_XOAN
10
-42.111
20
-27.053
30
0.0
11
-40.953
21
-29.269
31
0.0
0
LINE
8
05_DE_NEO_VIT_XOAN
10
-40.953
20
-29.269
30
0.0
11
-43.169
21
-30.427
31
0.0
0
LINE
8
05_DE_NEO_VIT_XOAN
10
-43.169
20
-30.427
30
0.0
11
-44.327
21
-28.211
31
0.0
0
LINE
8
05_DE_NEO_VIT_XOAN
10
-44.327
20
-28.211
30
0.0
11
-42.111
21
-27.053
31
0.0
0
CIRCLE
8
05_DE_NEO_VIT_XOAN
10
-42.175
20
-27.256
30
0.0
40
0.06
0
CIRCLE
8
05_DE_NEO_VIT_XOAN
10
-41.156
20
-29.205
30
0.0
40
0.06
0
CIRCLE
8
05_DE_NEO_VIT_XOAN
10
-43.105
20
-30.224
30
0.0
40
0.06
0
CIRCLE
8
05_DE_NEO_VIT_XOAN
10
-44.124
20
-28.275
30
0.0
40
0.06
0
LINE
8
05_DE_NEO_VIT_XOAN
10
-42.975
20
-28.536
30
0.0
11
-42.675
21
-28.536
31
0.0
0
LINE
8
05_DE_NEO_VIT_XOAN
10
-42.675
20
-28.536
30
0.0
11
-42.675
21
-28.236
31
0.0
0
LINE
8
05_DE_NEO_VIT_XOAN
10
-42.675
20
-28.236
30
0.0
11
-42.975
21
-28.236
31
0.0
0
LINE
8
05_DE_NEO_VIT_XOAN
10
-42.975
20
-28.236
30
0.0
11
-42.975
21
-28.536
31
0.0
0
LINE
8
05_DE_NEO_VIT_XOAN
10
-42.605
20
-29.244
30
0.0
11
-42.305
21
-29.244
31
0.0
0
LINE
8
05_DE_NEO_VIT_XOAN
10
-42.305
20
-29.244
30
0.0
11
-42.305
21
-28.944
31
0.0
0
LINE
8
05_DE_NEO_VIT_XOAN
10
-42.305
20
-28.944
30
0.0
11
-42.605
21
-28.944
31
0.0
0
LINE
8
05_DE_NEO_VIT_XOAN
10
-42.605
20
-28.944
30
0.0
11
-42.605
21
-29.244
31
0.0
0
POINT
8
05_DE_NEO_VIT_XOAN
10
-42.64
20
-28.74
30
0.0
0
TEXT
8
06_TOA_DO_TEXT
10
-40.765
20
-26.865
30
0.0
40
1.2
1
HV-DV003 (B2-D12 + B3-D22) 2,50\U+00D72,50\U+00D70,40 D\U+00D9NG CHUNG
7
VN
0
LINE
8
03_DAY_NEO_DAY
10
-56.8
20
-31.42
30
0.0
11
-48.54
21
-35.03
31
0.0
0
LINE
8
03_DAY_NEO_DAY
10
-40.28
20
-38.65
30
0.0
11
-48.54
21
-35.03
31
0.0
0
LINE
8
05_DE_NEO_VIT_XOAN
10
-49.185
20
-33.384
30
0.0
11
-46.894
21
-34.385
31
0.0
0
LINE
8
05_DE_NEO_VIT_XOAN
10
-46.894
20
-34.385
30
0.0
11
-47.895
21
-36.676
31
0.0
0
LINE
8
05_DE_NEO_VIT_XOAN
10
-47.895
20
-36.676
30
0.0
11
-50.186
21
-35.675
31
0.0
0
LINE
8
05_DE_NEO_VIT_XOAN
10
-50.186
20
-35.675
30
0.0
11
-49.185
21
-33.384
31
0.0
0
CIRCLE
8
05_DE_NEO_VIT_XOAN
10
-49.108
20
-33.582
30
0.0
40
0.06
0
CIRCLE
8
05_DE_NEO_VIT_XOAN
10
-47.092
20
-34.462
30
0.0
40
0.06
0
CIRCLE
8
05_DE_NEO_VIT_XOAN
10
-47.972
20
-36.478
30
0.0
40
0.06
0
CIRCLE
8
05_DE_NEO_VIT_XOAN
10
-49.988
20
-35.598
30
0.0
40
0.06
0
LINE
8
05_DE_NEO_VIT_XOAN
10
-49.057
20
-35.02
30
0.0
11
-48.757
21
-35.02
31
0.0
0
LINE
8
05_DE_NEO_VIT_XOAN
10
-48.757
20
-35.02
30
0.0
11
-48.757
21
-34.72
31
0.0
0
LINE
8
05_DE_NEO_VIT_XOAN
10
-48.757
20
-34.72
30
0.0
11
-49.057
21
-34.72
31
0.0
0
LINE
8
05_DE_NEO_VIT_XOAN
10
-49.057
20
-34.72
30
0.0
11
-49.057
21
-35.02
31
0.0
0
LINE
8
05_DE_NEO_VIT_XOAN
10
-48.324
20
-35.341
30
0.0
11
-48.024
21
-35.341
31
0.0
0
LINE
8
05_DE_NEO_VIT_XOAN
10
-48.024
20
-35.341
30
0.0
11
-48.024
21
-35.041
31
0.0
0
LINE
8
05_DE_NEO_VIT_XOAN
10
-48.024
20
-35.041
30
0.0
11
-48.324
21
-35.041
31
0.0
0
LINE
8
05_DE_NEO_VIT_XOAN
10
-48.324
20
-35.041
30
0.0
11
-48.324
21
-35.341
31
0.0
0
POINT
8
05_DE_NEO_VIT_XOAN
10
-48.54
20
-35.03
30
0.0
0
TEXT
8
06_TOA_DO_TEXT
10
-46.665
20
-33.155
30
0.0
40
1.2
1
HV-DV004 (B2-D17 + B3-D17) 2,50\U+00D72,50\U+00D70,40 D\U+00D9NG CHUNG
7
VN
0
LINE
8
03_DAY_NEO_DAY
10
-37.81
20
-8.2
30
0.0
11
-28.46
21
-18.93
31
0.0
0
LINE
8
03_DAY_NEO_DAY
10
-19.11
20
-29.66
30
0.0
11
-28.46
21
-18.93
31
0.0
0
LINE
8
05_DE_NEO_VIT_XOAN
10
-28.34
20
-17.166
30
0.0
11
-26.696
21
-19.05
31
0.0
0
LINE
8
05_DE_NEO_VIT_XOAN
10
-26.696
20
-19.05
30
0.0
11
-28.58
21
-20.694
31
0.0
0
LINE
8
05_DE_NEO_VIT_XOAN
10
-28.58
20
-20.694
30
0.0
11
-30.224
21
-18.81
31
0.0
0
LINE
8
05_DE_NEO_VIT_XOAN
10
-30.224
20
-18.81
30
0.0
11
-28.34
21
-17.166
31
0.0
0
CIRCLE
8
05_DE_NEO_VIT_XOAN
10
-28.354
20
-17.378
30
0.0
40
0.06
0
CIRCLE
8
05_DE_NEO_VIT_XOAN
10
-26.908
20
-19.036
30
0.0
40
0.06
0
CIRCLE
8
05_DE_NEO_VIT_XOAN
10
-28.566
20
-20.482
30
0.0
40
0.06
0
CIRCLE
8
05_DE_NEO_VIT_XOAN
10
-30.012
20
-18.824
30
0.0
40
0.06
0
LINE
8
05_DE_NEO_VIT_XOAN
10
-28.873
20
-18.779
30
0.0
11
-28.573
21
-18.779
31
0.0
0
LINE
8
05_DE_NEO_VIT_XOAN
10
-28.573
20
-18.779
30
0.0
11
-28.573
21
-18.479
31
0.0
0
LINE
8
05_DE_NEO_VIT_XOAN
10
-28.573
20
-18.479
30
0.0
11
-28.873
21
-18.479
31
0.0
0
LINE
8
05_DE_NEO_VIT_XOAN
10
-28.873
20
-18.479
30
0.0
11
-28.873
21
-18.779
31
0.0
0
LINE
8
05_DE_NEO_VIT_XOAN
10
-28.347
20
-19.381
30
0.0
11
-28.047
21
-19.381
31
0.0
0
LINE
8
05_DE_NEO_VIT_XOAN
10
-28.047
20
-19.381
30
0.0
11
-28.047
21
-19.081
31
0.0
0
LINE
8
05_DE_NEO_VIT_XOAN
10
-28.047
20
-19.081
30
0.0
11
-28.347
21
-19.081
31
0.0
0
LINE
8
05_DE_NEO_VIT_XOAN
10
-28.347
20
-19.081
30
0.0
11
-28.347
21
-19.381
31
0.0
0
POINT
8
05_DE_NEO_VIT_XOAN
10
-28.46
20
-18.93
30
0.0
0
TEXT
8
06_TOA_DO_TEXT
10
-26.585
20
-17.055
30
0.0
40
1.2
1
HV-DV005 (B2-D18 + B3-D13) 2,50\U+00D72,50\U+00D70,40 D\U+00D9NG CHUNG
7
VN
0
LINE
8
03_DAY_NEO_DAY
10
10.34
20
-117.1
30
0.0
11
16.6
21
-124.06
31
0.0
0
LINE
8
03_DAY_NEO_DAY
10
22.85
20
-131.02
30
0.0
11
16.6
21
-124.06
31
0.0
0
LINE
8
05_DE_NEO_VIT_XOAN
10
16.72
20
-121.765
30
0.0
11
18.895
21
-124.18
31
0.0
0
LINE
8
05_DE_NEO_VIT_XOAN
10
18.895
20
-124.18
30
0.0
11
16.48
21
-126.355
31
0.0
0
LINE
8
05_DE_NEO_VIT_XOAN
10
16.48
20
-126.355
30
0.0
11
14.305
21
-123.94
31
0.0
0
LINE
8
05_DE_NEO_VIT_XOAN
10
14.305
20
-123.94
30
0.0
11
16.72
21
-121.765
31
0.0
0
CIRCLE
8
05_DE_NEO_VIT_XOAN
10
16.709
20
-121.977
30
0.0
40
0.06
0
CIRCLE
8
05_DE_NEO_VIT_XOAN
10
18.683
20
-124.169
30
0.0
40
0.06
0
CIRCLE
8
05_DE_NEO_VIT_XOAN
10
16.491
20
-126.143
30
0.0
40
0.06
0
CIRCLE
8
05_DE_NEO_VIT_XOAN
10
14.517
20
-123.951
30
0.0
40
0.06
0
LINE
8
05_DE_NEO_VIT_XOAN
10
16.182
20
-123.913
30
0.0
11
16.482
21
-123.913
31
0.0
0
LINE
8
05_DE_NEO_VIT_XOAN
10
16.482
20
-123.913
30
0.0
11
16.482
21
-123.613
31
0.0
0
LINE
8
05_DE_NEO_VIT_XOAN
10
16.482
20
-123.613
30
0.0
11
16.182
21
-123.613
31
0.0
0
LINE
8
05_DE_NEO_VIT_XOAN
10
16.182
20
-123.613
30
0.0
11
16.182
21
-123.913
31
0.0
0
LINE
8
05_DE_NEO_VIT_XOAN
10
16.717
20
-124.508
30
0.0
11
17.017
21
-124.508
31
0.0
0
LINE
8
05_DE_NEO_VIT_XOAN
10
17.017
20
-124.508
30
0.0
11
17.017
21
-124.208
31
0.0
0
LINE
8
05_DE_NEO_VIT_XOAN
10
17.017
20
-124.208
30
0.0
11
16.717
21
-124.208
31
0.0
0
LINE
8
05_DE_NEO_VIT_XOAN
10
16.717
20
-124.208
30
0.0
11
16.717
21
-124.508
31
0.0
0
POINT
8
05_DE_NEO_VIT_XOAN
10
16.6
20
-124.06
30
0.0
0
TEXT
8
06_TOA_DO_TEXT
10
19.038
20
-121.622
30
0.0
40
1.2
1
HV-DV006 (B3-D12 + B3A-D23) 3,25\U+00D73,25\U+00D70,40 D\U+00D9NG CHUNG
7
VN
0
LINE
8
03_DAY_NEO_DAY
10
32.43
20
-107.72
30
0.0
11
42.39
21
-119.37
31
0.0
0
LINE
8
03_DAY_NEO_DAY
10
52.35
20
-131.02
30
0.0
11
42.39
21
-119.37
31
0.0
0
LINE
8
05_DE_NEO_VIT_XOAN
10
42.529
20
-117.608
30
0.0
11
44.152
21
-119.509
31
0.0
0
LINE
8
05_DE_NEO_VIT_XOAN
10
44.152
20
-119.509
30
0.0
11
42.251
21
-121.132
31
0.0
0
LINE
8
05_DE_NEO_VIT_XOAN
10
42.251
20
-121.132
30
0.0
11
40.628
21
-119.231
31
0.0
0
LINE
8
05_DE_NEO_VIT_XOAN
10
40.628
20
-119.231
30
0.0
11
42.529
21
-117.608
31
0.0
0
CIRCLE
8
05_DE_NEO_VIT_XOAN
10
42.512
20
-117.819
30
0.0
40
0.06
0
CIRCLE
8
05_DE_NEO_VIT_XOAN
10
43.941
20
-119.492
30
0.0
40
0.06
0
CIRCLE
8
05_DE_NEO_VIT_XOAN
10
42.268
20
-120.921
30
0.0
40
0.06
0
CIRCLE
8
05_DE_NEO_VIT_XOAN
10
40.839
20
-119.248
30
0.0
40
0.06
0
LINE
8
05_DE_NEO_VIT_XOAN
10
41.98
20
-119.216
30
0.0
11
42.28
21
-119.216
31
0.0
0
LINE
8
05_DE_NEO_VIT_XOAN
10
42.28
20
-119.216
30
0.0
11
42.28
21
-118.916
31
0.0
0
LINE
8
05_DE_NEO_VIT_XOAN
10
42.28
20
-118.916
30
0.0
11
41.98
21
-118.916
31
0.0
0
LINE
8
05_DE_NEO_VIT_XOAN
10
41.98
20
-118.916
30
0.0
11
41.98
21
-119.216
31
0.0
0
LINE
8
05_DE_NEO_VIT_XOAN
10
42.5
20
-119.824
30
0.0
11
42.8
21
-119.824
31
0.0
0
LINE
8
05_DE_NEO_VIT_XOAN
10
42.8
20
-119.824
30
0.0
11
42.8
21
-119.524
31
0.0
0
LINE
8
05_DE_NEO_VIT_XOAN
10
42.8
20
-119.524
30
0.0
11
42.5
21
-119.524
31
0.0
0
LINE
8
05_DE_NEO_VIT_XOAN
10
42.5
20
-119.524
30
0.0
11
42.5
21
-119.824
31
0.0
0
POINT
8
05_DE_NEO_VIT_XOAN
10
42.39
20
-119.37
30
0.0
0
TEXT
8
06_TOA_DO_TEXT
10
44.265
20
-117.495
30
0.0
40
1.2
1
HV-DV007 (B3-D14 + B3A-D21) 2,50\U+00D72,50\U+00D70,40 D\U+00D9NG CHUNG
7
VN
0
LINE
8
03_DAY_NEO_DAY
10
21.39
20
-112.41
30
0.0
11
29.5
21
-121.71
31
0.0
0
LINE
8
03_DAY_NEO_DAY
10
37.6
20
-131.02
30
0.0
11
29.5
21
-121.71
31
0.0
0
LINE
8
05_DE_NEO_VIT_XOAN
10
29.632
20
-119.77
30
0.0
11
31.44
21
-121.842
31
0.0
0
LINE
8
05_DE_NEO_VIT_XOAN
10
31.44
20
-121.842
30
0.0
11
29.368
21
-123.65
31
0.0
0
LINE
8
05_DE_NEO_VIT_XOAN
10
29.368
20
-123.65
30
0.0
11
27.56
21
-121.578
31
0.0
0
LINE
8
05_DE_NEO_VIT_XOAN
10
27.56
20
-121.578
30
0.0
11
29.632
21
-119.77
31
0.0
0
CIRCLE
8
05_DE_NEO_VIT_XOAN
10
29.618
20
-119.982
30
0.0
40
0.06
0
CIRCLE
8
05_DE_NEO_VIT_XOAN
10
31.228
20
-121.828
30
0.0
40
0.06
0
CIRCLE
8
05_DE_NEO_VIT_XOAN
10
29.382
20
-123.438
30
0.0
40
0.06
0
CIRCLE
8
05_DE_NEO_VIT_XOAN
10
27.772
20
-121.592
30
0.0
40
0.06
0
LINE
8
05_DE_NEO_VIT_XOAN
10
29.087
20
-121.559
30
0.0
11
29.387
21
-121.559
31
0.0
0
LINE
8
05_DE_NEO_VIT_XOAN
10
29.387
20
-121.559
30
0.0
11
29.387
21
-121.259
31
0.0
0
LINE
8
05_DE_NEO_VIT_XOAN
10
29.387
20
-121.259
30
0.0
11
29.087
21
-121.259
31
0.0
0
LINE
8
05_DE_NEO_VIT_XOAN
10
29.087
20
-121.259
30
0.0
11
29.087
21
-121.559
31
0.0
0
LINE
8
05_DE_NEO_VIT_XOAN
10
29.612
20
-122.162
30
0.0
11
29.912
21
-122.162
31
0.0
0
LINE
8
05_DE_NEO_VIT_XOAN
10
29.912
20
-122.162
30
0.0
11
29.912
21
-121.862
31
0.0
0
LINE
8
05_DE_NEO_VIT_XOAN
10
29.912
20
-121.862
30
0.0
11
29.612
21
-121.862
31
0.0
0
LINE
8
05_DE_NEO_VIT_XOAN
10
29.612
20
-121.862
30
0.0
11
29.612
21
-122.162
31
0.0
0
POINT
8
05_DE_NEO_VIT_XOAN
10
29.5
20
-121.71
30
0.0
0
TEXT
8
06_TOA_DO_TEXT
10
31.563
20
-119.647
30
0.0
40
1.2
1
HV-DV008 (B3-D20 + B3A-D22) 2,75\U+00D72,75\U+00D70,40 D\U+00D9NG CHUNG
7
VN
0
LINE
8
03_DAY_NEO_DAY
10
-0.71
20
-121.79
30
0.0
11
5.97
21
-128.68
31
0.0
0
LINE
8
03_DAY_NEO_DAY
10
12.64
20
-135.57
30
0.0
11
5.97
21
-128.68
31
0.0
0
LINE
8
05_DE_NEO_VIT_XOAN
10
6.003
20
-126.559
30
0.0
11
8.091
21
-128.713
31
0.0
0
LINE
8
05_DE_NEO_VIT_XOAN
10
8.091
20
-128.713
30
0.0
11
5.937
21
-130.801
31
0.0
0
LINE
8
05_DE_NEO_VIT_XOAN
10
5.937
20
-130.801
30
0.0
11
3.849
21
-128.647
31
0.0
0
LINE
8
05_DE_NEO_VIT_XOAN
10
3.849
20
-128.647
30
0.0
11
6.003
21
-126.559
31
0.0
0
CIRCLE
8
05_DE_NEO_VIT_XOAN
10
6
20
-126.771
30
0.0
40
0.06
0
CIRCLE
8
05_DE_NEO_VIT_XOAN
10
7.879
20
-128.71
30
0.0
40
0.06
0
CIRCLE
8
05_DE_NEO_VIT_XOAN
10
5.94
20
-130.589
30
0.0
40
0.06
0
CIRCLE
8
05_DE_NEO_VIT_XOAN
10
4.061
20
-128.65
30
0.0
40
0.06
0
LINE
8
05_DE_NEO_VIT_XOAN
10
5.542
20
-128.543
30
0.0
11
5.842
21
-128.543
31
0.0
0
LINE
8
05_DE_NEO_VIT_XOAN
10
5.842
20
-128.543
30
0.0
11
5.842
21
-128.243
31
0.0
0
LINE
8
05_DE_NEO_VIT_XOAN
10
5.842
20
-128.243
30
0.0
11
5.542
21
-128.243
31
0.0
0
LINE
8
05_DE_NEO_VIT_XOAN
10
5.542
20
-128.243
30
0.0
11
5.542
21
-128.543
31
0.0
0
LINE
8
05_DE_NEO_VIT_XOAN
10
6.098
20
-129.117
30
0.0
11
6.398
21
-129.117
31
0.0
0
LINE
8
05_DE_NEO_VIT_XOAN
10
6.398
20
-129.117
30
0.0
11
6.398
21
-128.817
31
0.0
0
LINE
8
05_DE_NEO_VIT_XOAN
10
6.398
20
-128.817
30
0.0
11
6.098
21
-128.817
31
0.0
0
LINE
8
05_DE_NEO_VIT_XOAN
10
6.098
20
-128.817
30
0.0
11
6.098
21
-129.117
31
0.0
0
POINT
8
05_DE_NEO_VIT_XOAN
10
5.97
20
-128.68
30
0.0
0
TEXT
8
06_TOA_DO_TEXT
10
8.22
20
-126.43
30
0.0
40
1.2
1
HV-DV009 (B3-D21 + B3A-D24) 3,00\U+00D73,00\U+00D70,40 D\U+00D9NG CHUNG
7
VN
0
LINE
8
03_DAY_NEO_DAY
10
177.17
20
-226.79
30
0.0
11
198.11
21
-227.76
31
0.0
0
LINE
8
03_DAY_NEO_DAY
10
219.03
20
-227.97
30
0.0
11
198.11
21
-227.76
31
0.0
0
LINE
8
05_DE_NEO_VIT_XOAN
10
196.801
20
-226.322
30
0.0
11
199.548
21
-226.451
31
0.0
0
LINE
8
05_DE_NEO_VIT_XOAN
10
199.548
20
-226.451
30
0.0
11
199.419
21
-229.198
31
0.0
0
LINE
8
05_DE_NEO_VIT_XOAN
10
199.419
20
-229.198
30
0.0
11
196.672
21
-229.069
31
0.0
0
LINE
8
05_DE_NEO_VIT_XOAN
10
196.672
20
-229.069
30
0.0
11
196.801
21
-226.322
31
0.0
0
CIRCLE
8
05_DE_NEO_VIT_XOAN
10
196.944
20
-226.479
30
0.0
40
0.06
0
CIRCLE
8
05_DE_NEO_VIT_XOAN
10
199.391
20
-226.594
30
0.0
40
0.06
0
CIRCLE
8
05_DE_NEO_VIT_XOAN
10
199.276
20
-229.041
30
0.0
40
0.06
0
CIRCLE
8
05_DE_NEO_VIT_XOAN
10
196.829
20
-228.926
30
0.0
40
0.06
0
LINE
8
05_DE_NEO_VIT_XOAN
10
197.56
20
-227.891
30
0.0
11
197.86
21
-227.891
31
0.0
0
LINE
8
05_DE_NEO_VIT_XOAN
10
197.86
20
-227.891
30
0.0
11
197.86
21
-227.591
31
0.0
0
LINE
8
05_DE_NEO_VIT_XOAN
10
197.86
20
-227.591
30
0.0
11
197.56
21
-227.591
31
0.0
0
LINE
8
05_DE_NEO_VIT_XOAN
10
197.56
20
-227.591
30
0.0
11
197.56
21
-227.891
31
0.0
0
LINE
8
05_DE_NEO_VIT_XOAN
10
198.36
20
-227.914
30
0.0
11
198.66
21
-227.914
31
0.0
0
LINE
8
05_DE_NEO_VIT_XOAN
10
198.66
20
-227.914
30
0.0
11
198.66
21
-227.614
31
0.0
0
LINE
8
05_DE_NEO_VIT_XOAN
10
198.66
20
-227.614
30
0.0
11
198.36
21
-227.614
31
0.0
0
LINE
8
05_DE_NEO_VIT_XOAN
10
198.36
20
-227.614
30
0.0
11
198.36
21
-227.914
31
0.0
0
POINT
8
05_DE_NEO_VIT_XOAN
10
198.11
20
-227.76
30
0.0
0
TEXT
8
06_TOA_DO_TEXT
10
200.173
20
-225.697
30
0.0
40
1.2
1
HV-DV010 (B3A-D36 + B5A-D32) 2,75\U+00D72,75\U+00D70,40 D\U+00D9NG CHUNG
7
VN
0
LINE
8
03_DAY_NEO_DAY
10
177.17
20
-212.54
30
0.0
11
198.11
21
-213.26
31
0.0
0
LINE
8
03_DAY_NEO_DAY
10
219.03
20
-213.22
30
0.0
11
198.11
21
-213.26
31
0.0
0
LINE
8
05_DE_NEO_VIT_XOAN
10
196.784
20
-211.838
30
0.0
11
199.532
21
-211.934
31
0.0
0
LINE
8
05_DE_NEO_VIT_XOAN
10
199.532
20
-211.934
30
0.0
11
199.436
21
-214.682
31
0.0
0
LINE
8
05_DE_NEO_VIT_XOAN
10
199.436
20
-214.682
30
0.0
11
196.688
21
-214.586
31
0.0
0
LINE
8
05_DE_NEO_VIT_XOAN
10
196.688
20
-214.586
30
0.0
11
196.784
21
-211.838
31
0.0
0
CIRCLE
8
05_DE_NEO_VIT_XOAN
10
196.928
20
-211.993
30
0.0
40
0.06
0
CIRCLE
8
05_DE_NEO_VIT_XOAN
10
199.377
20
-212.078
30
0.0
40
0.06
0
CIRCLE
8
05_DE_NEO_VIT_XOAN
10
199.292
20
-214.527
30
0.0
40
0.06
0
CIRCLE
8
05_DE_NEO_VIT_XOAN
10
196.843
20
-214.442
30
0.0
40
0.06
0
LINE
8
05_DE_NEO_VIT_XOAN
10
197.56
20
-213.396
30
0.0
11
197.86
21
-213.396
31
0.0
0
LINE
8
05_DE_NEO_VIT_XOAN
10
197.86
20
-213.396
30
0.0
11
197.86
21
-213.096
31
0.0
0
LINE
8
05_DE_NEO_VIT_XOAN
10
197.86
20
-213.096
30
0.0
11
197.56
21
-213.096
31
0.0
0
LINE
8
05_DE_NEO_VIT_XOAN
10
197.56
20
-213.096
30
0.0
11
197.56
21
-213.396
31
0.0
0
LINE
8
05_DE_NEO_VIT_XOAN
10
198.36
20
-213.409
30
0.0
11
198.66
21
-213.409
31
0.0
0
LINE
8
05_DE_NEO_VIT_XOAN
10
198.66
20
-213.409
30
0.0
11
198.66
21
-213.109
31
0.0
0
LINE
8
05_DE_NEO_VIT_XOAN
10
198.66
20
-213.109
30
0.0
11
198.36
21
-213.109
31
0.0
0
LINE
8
05_DE_NEO_VIT_XOAN
10
198.36
20
-213.109
30
0.0
11
198.36
21
-213.409
31
0.0
0
POINT
8
05_DE_NEO_VIT_XOAN
10
198.11
20
-213.26
30
0.0
0
TEXT
8
06_TOA_DO_TEXT
10
200.173
20
-211.197
30
0.0
40
1.2
1
HV-DV011 (B3A-D37 + B5A-D31) 2,75\U+00D72,75\U+00D70,40 D\U+00D9NG CHUNG
7
VN
0
LINE
8
03_DAY_NEO_DAY
10
177.17
20
-198.29
30
0.0
11
198.23
21
-198.38
31
0.0
0
LINE
8
03_DAY_NEO_DAY
10
219.03
20
-198.47
30
0.0
11
198.23
21
-198.38
31
0.0
0
LINE
8
05_DE_NEO_VIT_XOAN
10
196.86
20
-197
30
0.0
11
199.61
21
-197.01
31
0.0
0
LINE
8
05_DE_NEO_VIT_XOAN
10
199.61
20
-197.01
30
0.0
11
199.6
21
-199.76
31
0.0
0
LINE
8
05_DE_NEO_VIT_XOAN
10
199.6
20
-199.76
30
0.0
11
196.85
21
-199.75
31
0.0
0
LINE
8
05_DE_NEO_VIT_XOAN
10
196.85
20
-199.75
30
0.0
11
196.86
21
-197
31
0.0
0
CIRCLE
8
05_DE_NEO_VIT_XOAN
10
197.009
20
-197.151
30
0.0
40
0.06
0
CIRCLE
8
05_DE_NEO_VIT_XOAN
10
199.459
20
-197.159
30
0.0
40
0.06
0
CIRCLE
8
05_DE_NEO_VIT_XOAN
10
199.451
20
-199.609
30
0.0
40
0.06
0
CIRCLE
8
05_DE_NEO_VIT_XOAN
10
197.001
20
-199.601
30
0.0
40
0.06
0
LINE
8
05_DE_NEO_VIT_XOAN
10
197.68
20
-198.529
30
0.0
11
197.98
21
-198.529
31
0.0
0
LINE
8
05_DE_NEO_VIT_XOAN
10
197.98
20
-198.529
30
0.0
11
197.98
21
-198.229
31
0.0
0
LINE
8
05_DE_NEO_VIT_XOAN
10
197.98
20
-198.229
30
0.0
11
197.68
21
-198.229
31
0.0
0
LINE
8
05_DE_NEO_VIT_XOAN
10
197.68
20
-198.229
30
0.0
11
197.68
21
-198.529
31
0.0
0
LINE
8
05_DE_NEO_VIT_XOAN
10
198.48
20
-198.531
30
0.0
11
198.78
21
-198.531
31
0.0
0
LINE
8
05_DE_NEO_VIT_XOAN
10
198.78
20
-198.531
30
0.0
11
198.78
21
-198.231
31
0.0
0
LINE
8
05_DE_NEO_VIT_XOAN
10
198.78
20
-198.231
30
0.0
11
198.48
21
-198.231
31
0.0
0
LINE
8
05_DE_NEO_VIT_XOAN
10
198.48
20
-198.231
30
0.0
11
198.48
21
-198.531
31
0.0
0
POINT
8
05_DE_NEO_VIT_XOAN
10
198.23
20
-198.38
30
0.0
0
TEXT
8
06_TOA_DO_TEXT
10
200.293
20
-196.317
30
0.0
40
1.2
1
HV-DV012 (B3A-D38 + B5A-D30) 2,75\U+00D72,75\U+00D70,40 D\U+00D9NG CHUNG
7
VN
0
LINE
8
03_DAY_NEO_DAY
10
177.17
20
-184.04
30
0.0
11
198.23
21
-183.88
31
0.0
0
LINE
8
03_DAY_NEO_DAY
10
219.03
20
-183.72
30
0.0
11
198.23
21
-183.88
31
0.0
0
LINE
8
05_DE_NEO_VIT_XOAN
10
196.845
20
-182.515
30
0.0
11
199.595
21
-182.495
31
0.0
0
LINE
8
05_DE_NEO_VIT_XOAN
10
199.595
20
-182.495
30
0.0
11
199.615
21
-185.245
31
0.0
0
LINE
8
05_DE_NEO_VIT_XOAN
10
199.615
20
-185.245
30
0.0
11
196.865
21
-185.265
31
0.0
0
LINE
8
05_DE_NEO_VIT_XOAN
10
196.865
20
-185.265
30
0.0
11
196.845
21
-182.515
31
0.0
0
CIRCLE
8
05_DE_NEO_VIT_XOAN
10
196.996
20
-182.664
30
0.0
40
0.06
0
CIRCLE
8
05_DE_NEO_VIT_XOAN
10
199.446
20
-182.646
30
0.0
40
0.06
0
CIRCLE
8
05_DE_NEO_VIT_XOAN
10
199.464
20
-185.096
30
0.0
40
0.06
0
CIRCLE
8
05_DE_NEO_VIT_XOAN
10
197.014
20
-185.114
30
0.0
40
0.06
0
LINE
8
05_DE_NEO_VIT_XOAN
10
197.68
20
-184.033
30
0.0
11
197.98
21
-184.033
31
0.0
0
LINE
8
05_DE_NEO_VIT_XOAN
10
197.98
20
-184.033
30
0.0
11
197.98
21
-183.733
31
0.0
0
LINE
8
05_DE_NEO_VIT_XOAN
10
197.98
20
-183.733
30
0.0
11
197.68
21
-183.733
31
0.0
0
LINE
8
05_DE_NEO_VIT_XOAN
10
197.68
20
-183.733
30
0.0
11
197.68
21
-184.033
31
0.0
0
LINE
8
05_DE_NEO_VIT_XOAN
10
198.48
20
-184.027
30
0.0
11
198.78
21
-184.027
31
0.0
0
LINE
8
05_DE_NEO_VIT_XOAN
10
198.78
20
-184.027
30
0.0
11
198.78
21
-183.727
31
0.0
0
LINE
8
05_DE_NEO_VIT_XOAN
10
198.78
20
-183.727
30
0.0
11
198.48
21
-183.727
31
0.0
0
LINE
8
05_DE_NEO_VIT_XOAN
10
198.48
20
-183.727
30
0.0
11
198.48
21
-184.027
31
0.0
0
POINT
8
05_DE_NEO_VIT_XOAN
10
198.23
20
-183.88
30
0.0
0
TEXT
8
06_TOA_DO_TEXT
10
200.293
20
-181.817
30
0.0
40
1.2
1
HV-DV013 (B3A-D39 + B5A-D29) 2,75\U+00D72,75\U+00D70,40 D\U+00D9NG CHUNG
7
VN
0
LINE
8
03_DAY_NEO_DAY
10
177.17
20
-169.79
30
0.0
11
198.11
21
-169
31
0.0
0
LINE
8
03_DAY_NEO_DAY
10
219.03
20
-168.97
30
0.0
11
198.11
21
-169
31
0.0
0
LINE
8
05_DE_NEO_VIT_XOAN
10
196.683
20
-167.679
30
0.0
11
199.431
21
-167.573
31
0.0
0
LINE
8
05_DE_NEO_VIT_XOAN
10
199.431
20
-167.573
30
0.0
11
199.537
21
-170.321
31
0.0
0
LINE
8
05_DE_NEO_VIT_XOAN
10
199.537
20
-170.321
30
0.0
11
196.789
21
-170.427
31
0.0
0
LINE
8
05_DE_NEO_VIT_XOAN
10
196.789
20
-170.427
30
0.0
11
196.683
21
-167.679
31
0.0
0
CIRCLE
8
05_DE_NEO_VIT_XOAN
10
196.839
20
-167.823
30
0.0
40
0.06
0
CIRCLE
8
05_DE_NEO_VIT_XOAN
10
199.287
20
-167.729
30
0.0
40
0.06
0
CIRCLE
8
05_DE_NEO_VIT_XOAN
10
199.381
20
-170.177
30
0.0
40
0.06
0
CIRCLE
8
05_DE_NEO_VIT_XOAN
10
196.933
20
-170.271
30
0.0
40
0.06
0
LINE
8
05_DE_NEO_VIT_XOAN
10
197.56
20
-169.165
30
0.0
11
197.86
21
-169.165
31
0.0
0
LINE
8
05_DE_NEO_VIT_XOAN
10
197.86
20
-169.165
30
0.0
11
197.86
21
-168.865
31
0.0
0
LINE
8
05_DE_NEO_VIT_XOAN
10
197.86
20
-168.865
30
0.0
11
197.56
21
-168.865
31
0.0
0
LINE
8
05_DE_NEO_VIT_XOAN
10
197.56
20
-168.865
30
0.0
11
197.56
21
-169.165
31
0.0
0
LINE
8
05_DE_NEO_VIT_XOAN
10
198.36
20
-169.149
30
0.0
11
198.66
21
-169.149
31
0.0
0
LINE
8
05_DE_NEO_VIT_XOAN
10
198.66
20
-169.149
30
0.0
11
198.66
21
-168.849
31
0.0
0
LINE
8
05_DE_NEO_VIT_XOAN
10
198.66
20
-168.849
30
0.0
11
198.36
21
-168.849
31
0.0
0
LINE
8
05_DE_NEO_VIT_XOAN
10
198.36
20
-168.849
30
0.0
11
198.36
21
-169.149
31
0.0
0
POINT
8
05_DE_NEO_VIT_XOAN
10
198.11
20
-169
30
0.0
0
TEXT
8
06_TOA_DO_TEXT
10
200.173
20
-166.937
30
0.0
40
1.2
1
HV-DV014 (B3A-D40 + B5A-D28) 2,75\U+00D72,75\U+00D70,40 D\U+00D9NG CHUNG
7
VN
0
LINE
8
03_DAY_NEO_DAY
10
177.17
20
-155.54
30
0.0
11
198.11
21
-154.5
31
0.0
0
LINE
8
03_DAY_NEO_DAY
10
219.03
20
-154.22
30
0.0
11
198.11
21
-154.5
31
0.0
0
LINE
8
05_DE_NEO_VIT_XOAN
10
196.669
20
-153.194
30
0.0
11
199.416
21
-153.059
31
0.0
0
LINE
8
05_DE_NEO_VIT_XOAN
10
199.416
20
-153.059
30
0.0
11
199.551
21
-155.806
31
0.0
0
LINE
8
05_DE_NEO_VIT_XOAN
10
199.551
20
-155.806
30
0.0
11
196.804
21
-155.941
31
0.0
0
LINE
8
05_DE_NEO_VIT_XOAN
10
196.804
20
-155.941
30
0.0
11
196.669
21
-153.194
31
0.0
0
CIRCLE
8
05_DE_NEO_VIT_XOAN
10
196.827
20
-153.336
30
0.0
40
0.06
0
CIRCLE
8
05_DE_NEO_VIT_XOAN
10
199.274
20
-153.217
30
0.0
40
0.06
0
CIRCLE
8
05_DE_NEO_VIT_XOAN
10
199.393
20
-155.664
30
0.0
40
0.06
0
CIRCLE
8
05_DE_NEO_VIT_XOAN
10
196.946
20
-155.783
30
0.0
40
0.06
0
LINE
8
05_DE_NEO_VIT_XOAN
10
197.56
20
-154.67
30
0.0
11
197.86
21
-154.67
31
0.0
0
LINE
8
05_DE_NEO_VIT_XOAN
10
197.86
20
-154.67
30
0.0
11
197.86
21
-154.37
31
0.0
0
LINE
8
05_DE_NEO_VIT_XOAN
10
197.86
20
-154.37
30
0.0
11
197.56
21
-154.37
31
0.0
0
LINE
8
05_DE_NEO_VIT_XOAN
10
197.56
20
-154.37
30
0.0
11
197.56
21
-154.67
31
0.0
0
LINE
8
05_DE_NEO_VIT_XOAN
10
198.36
20
-154.644
30
0.0
11
198.66
21
-154.644
31
0.0
0
LINE
8
05_DE_NEO_VIT_XOAN
10
198.66
20
-154.644
30
0.0
11
198.66
21
-154.344
31
0.0
0
LINE
8
05_DE_NEO_VIT_XOAN
10
198.66
20
-154.344
30
0.0
11
198.36
21
-154.344
31
0.0
0
LINE
8
05_DE_NEO_VIT_XOAN
10
198.36
20
-154.344
30
0.0
11
198.36
21
-154.644
31
0.0
0
POINT
8
05_DE_NEO_VIT_XOAN
10
198.11
20
-154.5
30
0.0
0
TEXT
8
06_TOA_DO_TEXT
10
200.173
20
-152.437
30
0.0
40
1.2
1
HV-DV015 (B3A-D41 + B5A-D27) 2,75\U+00D72,75\U+00D70,40 D\U+00D9NG CHUNG
7
VN
0
LINE
8
03_DAY_NEO_DAY
10
177.17
20
-141.29
30
0.0
11
198.1
21
-140.38
31
0.0
0
LINE
8
03_DAY_NEO_DAY
10
219.03
20
-139.47
30
0.0
11
198.1
21
-140.38
31
0.0
0
LINE
8
05_DE_NEO_VIT_XOAN
10
196.666
20
-139.066
30
0.0
11
199.414
21
-138.946
31
0.0
0
LINE
8
05_DE_NEO_VIT_XOAN
10
199.414
20
-138.946
30
0.0
11
199.534
21
-141.694
31
0.0
0
LINE
8
05_DE_NEO_VIT_XOAN
10
199.534
20
-141.694
30
0.0
11
196.786
21
-141.814
31
0.0
0
LINE
8
05_DE_NEO_VIT_XOAN
10
196.786
20
-141.814
30
0.0
11
196.666
21
-139.066
31
0.0
0
CIRCLE
8
05_DE_NEO_VIT_XOAN
10
196.823
20
-139.21
30
0.0
40
0.06
0
CIRCLE
8
05_DE_NEO_VIT_XOAN
10
199.27
20
-139.103
30
0.0
40
0.06
0
CIRCLE
8
05_DE_NEO_VIT_XOAN
10
199.377
20
-141.55
30
0.0
40
0.06
0
CIRCLE
8
05_DE_NEO_VIT_XOAN
10
196.93
20
-141.657
30
0.0
40
0.06
0
LINE
8
05_DE_NEO_VIT_XOAN
10
197.55
20
-140.547
30
0.0
11
197.85
21
-140.547
31
0.0
0
LINE
8
05_DE_NEO_VIT_XOAN
10
197.85
20
-140.547
30
0.0
11
197.85
21
-140.247
31
0.0
0
LINE
8
05_DE_NEO_VIT_XOAN
10
197.85
20
-140.247
30
0.0
11
197.55
21
-140.247
31
0.0
0
LINE
8
05_DE_NEO_VIT_XOAN
10
197.55
20
-140.247
30
0.0
11
197.55
21
-140.547
31
0.0
0
LINE
8
05_DE_NEO_VIT_XOAN
10
198.35
20
-140.513
30
0.0
11
198.65
21
-140.513
31
0.0
0
LINE
8
05_DE_NEO_VIT_XOAN
10
198.65
20
-140.513
30
0.0
11
198.65
21
-140.213
31
0.0
0
LINE
8
05_DE_NEO_VIT_XOAN
10
198.65
20
-140.213
30
0.0
11
198.35
21
-140.213
31
0.0
0
LINE
8
05_DE_NEO_VIT_XOAN
10
198.35
20
-140.213
30
0.0
11
198.35
21
-140.513
31
0.0
0
POINT
8
05_DE_NEO_VIT_XOAN
10
198.1
20
-140.38
30
0.0
0
TEXT
8
06_TOA_DO_TEXT
10
200.163
20
-138.317
30
0.0
40
1.2
1
HV-DV016 (B3A-D42 + B5A-D26) 2,75\U+00D72,75\U+00D70,40 D\U+00D9NG CHUNG
7
VN
0
LINE
8
03_DAY_NEO_DAY
10
177.17
20
-127.04
30
0.0
11
198.1
21
-125.88
31
0.0
0
LINE
8
03_DAY_NEO_DAY
10
219.03
20
-124.72
30
0.0
11
198.1
21
-125.88
31
0.0
0
LINE
8
05_DE_NEO_VIT_XOAN
10
196.65
20
-124.584
30
0.0
11
199.396
21
-124.43
31
0.0
0
LINE
8
05_DE_NEO_VIT_XOAN
10
199.396
20
-124.43
30
0.0
11
199.55
21
-127.176
31
0.0
0
LINE
8
05_DE_NEO_VIT_XOAN
10
199.55
20
-127.176
30
0.0
11
196.804
21
-127.33
31
0.0
0
LINE
8
05_DE_NEO_VIT_XOAN
10
196.804
20
-127.33
30
0.0
11
196.65
21
-124.584
31
0.0
0
CIRCLE
8
05_DE_NEO_VIT_XOAN
10
196.809
20
-124.725
30
0.0
40
0.06
0
CIRCLE
8
05_DE_NEO_VIT_XOAN
10
199.255
20
-124.589
30
0.0
40
0.06
0
CIRCLE
8
05_DE_NEO_VIT_XOAN
10
199.391
20
-127.035
30
0.0
40
0.06
0
CIRCLE
8
05_DE_NEO_VIT_XOAN
10
196.945
20
-127.171
30
0.0
40
0.06
0
LINE
8
05_DE_NEO_VIT_XOAN
10
197.551
20
-126.052
30
0.0
11
197.851
21
-126.052
31
0.0
0
LINE
8
05_DE_NEO_VIT_XOAN
10
197.851
20
-126.052
30
0.0
11
197.851
21
-125.752
31
0.0
0
LINE
8
05_DE_NEO_VIT_XOAN
10
197.851
20
-125.752
30
0.0
11
197.551
21
-125.752
31
0.0
0
LINE
8
05_DE_NEO_VIT_XOAN
10
197.551
20
-125.752
30
0.0
11
197.551
21
-126.052
31
0.0
0
LINE
8
05_DE_NEO_VIT_XOAN
10
198.349
20
-126.008
30
0.0
11
198.649
21
-126.008
31
0.0
0
LINE
8
05_DE_NEO_VIT_XOAN
10
198.649
20
-126.008
30
0.0
11
198.649
21
-125.708
31
0.0
0
LINE
8
05_DE_NEO_VIT_XOAN
10
198.649
20
-125.708
30
0.0
11
198.349
21
-125.708
31
0.0
0
LINE
8
05_DE_NEO_VIT_XOAN
10
198.349
20
-125.708
30
0.0
11
198.349
21
-126.008
31
0.0
0
POINT
8
05_DE_NEO_VIT_XOAN
10
198.1
20
-125.88
30
0.0
0
TEXT
8
06_TOA_DO_TEXT
10
200.163
20
-123.817
30
0.0
40
1.2
1
HV-DV017 (B3A-D43 + B5A-D25) 2,75\U+00D72,75\U+00D70,40 D\U+00D9NG CHUNG
7
VN
0
LINE
8
03_DAY_NEO_DAY
10
177.17
20
-112.79
30
0.0
11
198.1
21
-111.38
31
0.0
0
LINE
8
03_DAY_NEO_DAY
10
219.03
20
-109.97
30
0.0
11
198.1
21
-111.38
31
0.0
0
LINE
8
05_DE_NEO_VIT_XOAN
10
196.635
20
-110.102
30
0.0
11
199.378
21
-109.915
31
0.0
0
LINE
8
05_DE_NEO_VIT_XOAN
10
199.378
20
-109.915
30
0.0
11
199.565
21
-112.658
31
0.0
0
LINE
8
05_DE_NEO_VIT_XOAN
10
199.565
20
-112.658
30
0.0
11
196.822
21
-112.845
31
0.0
0
LINE
8
05_DE_NEO_VIT_XOAN
10
196.822
20
-112.845
30
0.0
11
196.635
21
-110.102
31
0.0
0
CIRCLE
8
05_DE_NEO_VIT_XOAN
10
196.795
20
-110.241
30
0.0
40
0.06
0
CIRCLE
8
05_DE_NEO_VIT_XOAN
10
199.239
20
-110.075
30
0.0
40
0.06
0
CIRCLE
8
05_DE_NEO_VIT_XOAN
10
199.405
20
-112.519
30
0.0
40
0.06
0
CIRCLE
8
05_DE_NEO_VIT_XOAN
10
196.961
20
-112.685
30
0.0
40
0.06
0
LINE
8
05_DE_NEO_VIT_XOAN
10
197.551
20
-111.557
30
0.0
11
197.851
21
-111.557
31
0.0
0
LINE
8
05_DE_NEO_VIT_XOAN
10
197.851
20
-111.557
30
0.0
11
197.851
21
-111.257
31
0.0
0
LINE
8
05_DE_NEO_VIT_XOAN
10
197.851
20
-111.257
30
0.0
11
197.551
21
-111.257
31
0.0
0
LINE
8
05_DE_NEO_VIT_XOAN
10
197.551
20
-111.257
30
0.0
11
197.551
21
-111.557
31
0.0
0
LINE
8
05_DE_NEO_VIT_XOAN
10
198.349
20
-111.503
30
0.0
11
198.649
21
-111.503
31
0.0
0
LINE
8
05_DE_NEO_VIT_XOAN
10
198.649
20
-111.503
30
0.0
11
198.649
21
-111.203
31
0.0
0
LINE
8
05_DE_NEO_VIT_XOAN
10
198.649
20
-111.203
30
0.0
11
198.349
21
-111.203
31
0.0
0
LINE
8
05_DE_NEO_VIT_XOAN
10
198.349
20
-111.203
30
0.0
11
198.349
21
-111.503
31
0.0
0
POINT
8
05_DE_NEO_VIT_XOAN
10
198.1
20
-111.38
30
0.0
0
TEXT
8
06_TOA_DO_TEXT
10
200.163
20
-109.317
30
0.0
40
1.2
1
HV-DV018 (B3A-D44 + B5A-D24) 2,75\U+00D72,75\U+00D70,40 D\U+00D9NG CHUNG
7
VN
0
LINE
8
03_DAY_NEO_DAY
10
177.17
20
-98.54
30
0.0
11
198.1
21
-96.88
31
0.0
0
LINE
8
03_DAY_NEO_DAY
10
219.03
20
-95.22
30
0.0
11
198.1
21
-96.88
31
0.0
0
LINE
8
05_DE_NEO_VIT_XOAN
10
196.621
20
-95.617
30
0.0
11
199.363
21
-95.401
31
0.0
0
LINE
8
05_DE_NEO_VIT_XOAN
10
199.363
20
-95.401
30
0.0
11
199.579
21
-98.143
31
0.0
0
LINE
8
05_DE_NEO_VIT_XOAN
10
199.579
20
-98.143
30
0.0
11
196.837
21
-98.359
31
0.0
0
LINE
8
05_DE_NEO_VIT_XOAN
10
196.837
20
-98.359
30
0.0
11
196.621
21
-95.617
31
0.0
0
CIRCLE
8
05_DE_NEO_VIT_XOAN
10
196.783
20
-95.755
30
0.0
40
0.06
0
CIRCLE
8
05_DE_NEO_VIT_XOAN
10
199.225
20
-95.563
30
0.0
40
0.06
0
CIRCLE
8
05_DE_NEO_VIT_XOAN
10
199.417
20
-98.005
30
0.0
40
0.06
0
CIRCLE
8
05_DE_NEO_VIT_XOAN
10
196.975
20
-98.197
30
0.0
40
0.06
0
LINE
8
05_DE_NEO_VIT_XOAN
10
197.551
20
-97.061
30
0.0
11
197.851
21
-97.061
31
0.0
0
LINE
8
05_DE_NEO_VIT_XOAN
10
197.851
20
-97.061
30
0.0
11
197.851
21
-96.761
31
0.0
0
LINE
8
05_DE_NEO_VIT_XOAN
10
197.851
20
-96.761
30
0.0
11
197.551
21
-96.761
31
0.0
0
LINE
8
05_DE_NEO_VIT_XOAN
10
197.551
20
-96.761
30
0.0
11
197.551
21
-97.061
31
0.0
0
LINE
8
05_DE_NEO_VIT_XOAN
10
198.349
20
-96.999
30
0.0
11
198.649
21
-96.999
31
0.0
0
LINE
8
05_DE_NEO_VIT_XOAN
10
198.649
20
-96.999
30
0.0
11
198.649
21
-96.699
31
0.0
0
LINE
8
05_DE_NEO_VIT_XOAN
10
198.649
20
-96.699
30
0.0
11
198.349
21
-96.699
31
0.0
0
LINE
8
05_DE_NEO_VIT_XOAN
10
198.349
20
-96.699
30
0.0
11
198.349
21
-96.999
31
0.0
0
POINT
8
05_DE_NEO_VIT_XOAN
10
198.1
20
-96.88
30
0.0
0
TEXT
8
06_TOA_DO_TEXT
10
200.163
20
-94.817
30
0.0
40
1.2
1
HV-DV019 (B3A-D45 + B5A-D23) 2,75\U+00D72,75\U+00D70,40 D\U+00D9NG CHUNG
7
VN
0
LINE
8
03_DAY_NEO_DAY
10
168.42
20
-93.04
30
0.0
11
170.95
21
-78.93
31
0.0
0
LINE
8
03_DAY_NEO_DAY
10
173.48
20
-64.81
30
0.0
11
170.95
21
-78.93
31
0.0
0
LINE
8
05_DE_NEO_VIT_XOAN
10
169.353
20
-80.04
30
0.0
11
169.84
21
-77.333
31
0.0
0
LINE
8
05_DE_NEO_VIT_XOAN
10
169.84
20
-77.333
30
0.0
11
172.547
21
-77.82
31
0.0
0
LINE
8
05_DE_NEO_VIT_XOAN
10
172.547
20
-77.82
30
0.0
11
172.06
21
-80.527
31
0.0
0
LINE
8
05_DE_NEO_VIT_XOAN
10
172.06
20
-80.527
30
0.0
11
169.353
21
-80.04
31
0.0
0
CIRCLE
8
05_DE_NEO_VIT_XOAN
10
169.527
20
-79.919
30
0.0
40
0.06
0
CIRCLE
8
05_DE_NEO_VIT_XOAN
10
169.961
20
-77.507
30
0.0
40
0.06
0
CIRCLE
8
05_DE_NEO_VIT_XOAN
10
172.373
20
-77.941
30
0.0
40
0.06
0
CIRCLE
8
05_DE_NEO_VIT_XOAN
10
171.939
20
-80.353
30
0.0
40
0.06
0
LINE
8
05_DE_NEO_VIT_XOAN
10
170.729
20
-79.474
30
0.0
11
171.029
21
-79.474
31
0.0
0
LINE
8
05_DE_NEO_VIT_XOAN
10
171.029
20
-79.474
30
0.0
11
171.029
21
-79.174
31
0.0
0
LINE
8
05_DE_NEO_VIT_XOAN
10
171.029
20
-79.174
30
0.0
11
170.729
21
-79.174
31
0.0
0
LINE
8
05_DE_NEO_VIT_XOAN
10
170.729
20
-79.174
30
0.0
11
170.729
21
-79.474
31
0.0
0
LINE
8
05_DE_NEO_VIT_XOAN
10
170.871
20
-78.686
30
0.0
11
171.171
21
-78.686
31
0.0
0
LINE
8
05_DE_NEO_VIT_XOAN
10
171.171
20
-78.686
30
0.0
11
171.171
21
-78.386
31
0.0
0
LINE
8
05_DE_NEO_VIT_XOAN
10
171.171
20
-78.386
30
0.0
11
170.871
21
-78.386
31
0.0
0
LINE
8
05_DE_NEO_VIT_XOAN
10
170.871
20
-78.386
30
0.0
11
170.871
21
-78.686
31
0.0
0
POINT
8
05_DE_NEO_VIT_XOAN
10
170.95
20
-78.93
30
0.0
0
TEXT
8
06_TOA_DO_TEXT
10
173.013
20
-76.867
30
0.0
40
1.2
1
HV-DV020 (B3A-D46 + B7-D23) 2,75\U+00D72,75\U+00D70,40 D\U+00D9NG CHUNG
7
VN
0
LINE
8
03_DAY_NEO_DAY
10
154.17
20
-93.04
30
0.0
11
156.82
21
-78.93
31
0.0
0
LINE
8
03_DAY_NEO_DAY
10
159.48
20
-64.81
30
0.0
11
156.82
21
-78.93
31
0.0
0
LINE
8
05_DE_NEO_VIT_XOAN
10
155.216
20
-80.029
30
0.0
11
155.721
21
-77.326
31
0.0
0
LINE
8
05_DE_NEO_VIT_XOAN
10
155.721
20
-77.326
30
0.0
11
158.424
21
-77.831
31
0.0
0
LINE
8
05_DE_NEO_VIT_XOAN
10
158.424
20
-77.831
30
0.0
11
157.919
21
-80.534
31
0.0
0
LINE
8
05_DE_NEO_VIT_XOAN
10
157.919
20
-80.534
30
0.0
11
155.216
21
-80.029
31
0.0
0
CIRCLE
8
05_DE_NEO_VIT_XOAN
10
155.391
20
-79.909
30
0.0
40
0.06
0
CIRCLE
8
05_DE_NEO_VIT_XOAN
10
155.841
20
-77.501
30
0.0
40
0.06
0
CIRCLE
8
05_DE_NEO_VIT_XOAN
10
158.249
20
-77.951
30
0.0
40
0.06
0
CIRCLE
8
05_DE_NEO_VIT_XOAN
10
157.799
20
-80.359
30
0.0
40
0.06
0
LINE
8
05_DE_NEO_VIT_XOAN
10
156.596
20
-79.473
30
0.0
11
156.896
21
-79.473
31
0.0
0
LINE
8
05_DE_NEO_VIT_XOAN
10
156.896
20
-79.473
30
0.0
11
156.896
21
-79.173
31
0.0
0
LINE
8
05_DE_NEO_VIT_XOAN
10
156.896
20
-79.173
30
0.0
11
156.596
21
-79.173
31
0.0
0
LINE
8
05_DE_NEO_VIT_XOAN
10
156.596
20
-79.173
30
0.0
11
156.596
21
-79.473
31
0.0
0
LINE
8
05_DE_NEO_VIT_XOAN
10
156.744
20
-78.687
30
0.0
11
157.044
21
-78.687
31
0.0
0
LINE
8
05_DE_NEO_VIT_XOAN
10
157.044
20
-78.687
30
0.0
11
157.044
21
-78.387
31
0.0
0
LINE
8
05_DE_NEO_VIT_XOAN
10
157.044
20
-78.387
30
0.0
11
156.744
21
-78.387
31
0.0
0
LINE
8
05_DE_NEO_VIT_XOAN
10
156.744
20
-78.387
30
0.0
11
156.744
21
-78.687
31
0.0
0
POINT
8
05_DE_NEO_VIT_XOAN
10
156.82
20
-78.93
30
0.0
0
TEXT
8
06_TOA_DO_TEXT
10
158.883
20
-76.867
30
0.0
40
1.2
1
HV-DV021 (B3A-D47 + B7-D32) 2,75\U+00D72,75\U+00D70,40 D\U+00D9NG CHUNG
7
VN
0
LINE
8
03_DAY_NEO_DAY
10
139.67
20
-93.04
30
0.0
11
142.07
21
-78.93
31
0.0
0
LINE
8
03_DAY_NEO_DAY
10
144.48
20
-64.81
30
0.0
11
142.07
21
-78.93
31
0.0
0
LINE
8
05_DE_NEO_VIT_XOAN
10
140.483
20
-80.054
30
0.0
11
140.946
21
-77.343
31
0.0
0
LINE
8
05_DE_NEO_VIT_XOAN
10
140.946
20
-77.343
30
0.0
11
143.657
21
-77.806
31
0.0
0
LINE
8
05_DE_NEO_VIT_XOAN
10
143.657
20
-77.806
30
0.0
11
143.194
21
-80.517
31
0.0
0
LINE
8
05_DE_NEO_VIT_XOAN
10
143.194
20
-80.517
30
0.0
11
140.483
21
-80.054
31
0.0
0
CIRCLE
8
05_DE_NEO_VIT_XOAN
10
140.656
20
-79.931
30
0.0
40
0.06
0
CIRCLE
8
05_DE_NEO_VIT_XOAN
10
141.069
20
-77.516
30
0.0
40
0.06
0
CIRCLE
8
05_DE_NEO_VIT_XOAN
10
143.484
20
-77.929
30
0.0
40
0.06
0
CIRCLE
8
05_DE_NEO_VIT_XOAN
10
143.071
20
-80.344
30
0.0
40
0.06
0
LINE
8
05_DE_NEO_VIT_XOAN
10
141.853
20
-79.474
30
0.0
11
142.153
21
-79.474
31
0.0
0
LINE
8
05_DE_NEO_VIT_XOAN
10
142.153
20
-79.474
30
0.0
11
142.153
21
-79.174
31
0.0
0
LINE
8
05_DE_NEO_VIT_XOAN
10
142.153
20
-79.174
30
0.0
11
141.853
21
-79.174
31
0.0
0
LINE
8
05_DE_NEO_VIT_XOAN
10
141.853
20
-79.174
30
0.0
11
141.853
21
-79.474
31
0.0
0
LINE
8
05_DE_NEO_VIT_XOAN
10
141.987
20
-78.686
30
0.0
11
142.287
21
-78.686
31
0.0
0
LINE
8
05_DE_NEO_VIT_XOAN
10
142.287
20
-78.686
30
0.0
11
142.287
21
-78.386
31
0.0
0
LINE
8
05_DE_NEO_VIT_XOAN
10
142.287
20
-78.386
30
0.0
11
141.987
21
-78.386
31
0.0
0
LINE
8
05_DE_NEO_VIT_XOAN
10
141.987
20
-78.386
30
0.0
11
141.987
21
-78.686
31
0.0
0
POINT
8
05_DE_NEO_VIT_XOAN
10
142.07
20
-78.93
30
0.0
0
TEXT
8
06_TOA_DO_TEXT
10
144.133
20
-76.867
30
0.0
40
1.2
1
HV-DV022 (B3A-D48 + B7-D19) 2,75\U+00D72,75\U+00D70,40 D\U+00D9NG CHUNG
7
VN
0
LINE
8
03_DAY_NEO_DAY
10
125.42
20
-93.04
30
0.0
11
127.95
21
-78.93
31
0.0
0
LINE
8
03_DAY_NEO_DAY
10
130.48
20
-64.81
30
0.0
11
127.95
21
-78.93
31
0.0
0
LINE
8
05_DE_NEO_VIT_XOAN
10
126.353
20
-80.04
30
0.0
11
126.84
21
-77.333
31
0.0
0
LINE
8
05_DE_NEO_VIT_XOAN
10
126.84
20
-77.333
30
0.0
11
129.547
21
-77.82
31
0.0
0
LINE
8
05_DE_NEO_VIT_XOAN
10
129.547
20
-77.82
30
0.0
11
129.06
21
-80.527
31
0.0
0
LINE
8
05_DE_NEO_VIT_XOAN
10
129.06
20
-80.527
30
0.0
11
126.353
21
-80.04
31
0.0
0
CIRCLE
8
05_DE_NEO_VIT_XOAN
10
126.527
20
-79.919
30
0.0
40
0.06
0
CIRCLE
8
05_DE_NEO_VIT_XOAN
10
126.961
20
-77.507
30
0.0
40
0.06
0
CIRCLE
8
05_DE_NEO_VIT_XOAN
10
129.373
20
-77.941
30
0.0
40
0.06
0
CIRCLE
8
05_DE_NEO_VIT_XOAN
10
128.939
20
-80.353
30
0.0
40
0.06
0
LINE
8
05_DE_NEO_VIT_XOAN
10
127.729
20
-79.474
30
0.0
11
128.029
21
-79.474
31
0.0
0
LINE
8
05_DE_NEO_VIT_XOAN
10
128.029
20
-79.474
30
0.0
11
128.029
21
-79.174
31
0.0
0
LINE
8
05_DE_NEO_VIT_XOAN
10
128.029
20
-79.174
30
0.0
11
127.729
21
-79.174
31
0.0
0
LINE
8
05_DE_NEO_VIT_XOAN
10
127.729
20
-79.174
30
0.0
11
127.729
21
-79.474
31
0.0
0
LINE
8
05_DE_NEO_VIT_XOAN
10
127.871
20
-78.686
30
0.0
11
128.171
21
-78.686
31
0.0
0
LINE
8
05_DE_NEO_VIT_XOAN
10
128.171
20
-78.686
30
0.0
11
128.171
21
-78.386
31
0.0
0
LINE
8
05_DE_NEO_VIT_XOAN
10
128.171
20
-78.386
30
0.0
11
127.871
21
-78.386
31
0.0
0
LINE
8
05_DE_NEO_VIT_XOAN
10
127.871
20
-78.386
30
0.0
11
127.871
21
-78.686
31
0.0
0
POINT
8
05_DE_NEO_VIT_XOAN
10
127.95
20
-78.93
30
0.0
0
TEXT
8
06_TOA_DO_TEXT
10
130.012
20
-76.867
30
0.0
40
1.2
1
HV-DV023 (B3A-D49 + B7-D31) 2,75\U+00D72,75\U+00D70,40 D\U+00D9NG CHUNG
7
VN
0
LINE
8
03_DAY_NEO_DAY
10
110.92
20
-93.04
30
0.0
11
113.2
21
-78.93
31
0.0
0
LINE
8
03_DAY_NEO_DAY
10
115.48
20
-64.81
30
0.0
11
113.2
21
-78.93
31
0.0
0
LINE
8
05_DE_NEO_VIT_XOAN
10
111.623
20
-80.067
30
0.0
11
112.063
21
-77.353
31
0.0
0
LINE
8
05_DE_NEO_VIT_XOAN
10
112.063
20
-77.353
30
0.0
11
114.777
21
-77.793
31
0.0
0
LINE
8
05_DE_NEO_VIT_XOAN
10
114.777
20
-77.793
30
0.0
11
114.337
21
-80.507
31
0.0
0
LINE
8
05_DE_NEO_VIT_XOAN
10
114.337
20
-80.507
30
0.0
11
111.623
21
-80.067
31
0.0
0
CIRCLE
8
05_DE_NEO_VIT_XOAN
10
111.795
20
-79.943
30
0.0
40
0.06
0
CIRCLE
8
05_DE_NEO_VIT_XOAN
10
112.187
20
-77.525
30
0.0
40
0.06
0
CIRCLE
8
05_DE_NEO_VIT_XOAN
10
114.605
20
-77.917
30
0.0
40
0.06
0
CIRCLE
8
05_DE_NEO_VIT_XOAN
10
114.213
20
-80.335
30
0.0
40
0.06
0
LINE
8
05_DE_NEO_VIT_XOAN
10
112.986
20
-79.475
30
0.0
11
113.286
21
-79.475
31
0.0
0
LINE
8
05_DE_NEO_VIT_XOAN
10
113.286
20
-79.475
30
0.0
11
113.286
21
-79.175
31
0.0
0
LINE
8
05_DE_NEO_VIT_XOAN
10
113.286
20
-79.175
30
0.0
11
112.986
21
-79.175
31
0.0
0
LINE
8
05_DE_NEO_VIT_XOAN
10
112.986
20
-79.175
30
0.0
11
112.986
21
-79.475
31
0.0
0
LINE
8
05_DE_NEO_VIT_XOAN
10
113.114
20
-78.685
30
0.0
11
113.414
21
-78.685
31
0.0
0
LINE
8
05_DE_NEO_VIT_XOAN
10
113.414
20
-78.685
30
0.0
11
113.414
21
-78.385
31
0.0
0
LINE
8
05_DE_NEO_VIT_XOAN
10
113.414
20
-78.385
30
0.0
11
113.114
21
-78.385
31
0.0
0
LINE
8
05_DE_NEO_VIT_XOAN
10
113.114
20
-78.385
30
0.0
11
113.114
21
-78.685
31
0.0
0
POINT
8
05_DE_NEO_VIT_XOAN
10
113.2
20
-78.93
30
0.0
0
TEXT
8
06_TOA_DO_TEXT
10
115.263
20
-76.867
30
0.0
40
1.2
1
HV-DV024 (B3A-D50 + B7-D22) 2,75\U+00D72,75\U+00D70,40 D\U+00D9NG CHUNG
7
VN
0
LINE
8
03_DAY_NEO_DAY
10
366.22
20
-94.91
30
0.0
11
369.3
21
-73.82
31
0.0
0
LINE
8
03_DAY_NEO_DAY
10
372.37
20
-52.74
30
0.0
11
369.3
21
-73.82
31
0.0
0
LINE
8
05_DE_NEO_VIT_XOAN
10
367.741
20
-74.982
30
0.0
11
368.138
21
-72.261
31
0.0
0
LINE
8
05_DE_NEO_VIT_XOAN
10
368.138
20
-72.261
30
0.0
11
370.859
21
-72.658
31
0.0
0
LINE
8
05_DE_NEO_VIT_XOAN
10
370.859
20
-72.658
30
0.0
11
370.462
21
-75.379
31
0.0
0
LINE
8
05_DE_NEO_VIT_XOAN
10
370.462
20
-75.379
30
0.0
11
367.741
21
-74.982
31
0.0
0
CIRCLE
8
05_DE_NEO_VIT_XOAN
10
367.911
20
-74.855
30
0.0
40
0.06
0
CIRCLE
8
05_DE_NEO_VIT_XOAN
10
368.265
20
-72.431
30
0.0
40
0.06
0
CIRCLE
8
05_DE_NEO_VIT_XOAN
10
370.689
20
-72.785
30
0.0
40
0.06
0
CIRCLE
8
05_DE_NEO_VIT_XOAN
10
370.335
20
-75.209
30
0.0
40
0.06
0
LINE
8
05_DE_NEO_VIT_XOAN
10
369.092
20
-74.366
30
0.0
11
369.392
21
-74.366
31
0.0
0
LINE
8
05_DE_NEO_VIT_XOAN
10
369.392
20
-74.366
30
0.0
11
369.392
21
-74.066
31
0.0
0
LINE
8
05_DE_NEO_VIT_XOAN
10
369.392
20
-74.066
30
0.0
11
369.092
21
-74.066
31
0.0
0
LINE
8
05_DE_NEO_VIT_XOAN
10
369.092
20
-74.066
30
0.0
11
369.092
21
-74.366
31
0.0
0
LINE
8
05_DE_NEO_VIT_XOAN
10
369.208
20
-73.574
30
0.0
11
369.508
21
-73.574
31
0.0
0
LINE
8
05_DE_NEO_VIT_XOAN
10
369.508
20
-73.574
30
0.0
11
369.508
21
-73.274
31
0.0
0
LINE
8
05_DE_NEO_VIT_XOAN
10
369.508
20
-73.274
30
0.0
11
369.208
21
-73.274
31
0.0
0
LINE
8
05_DE_NEO_VIT_XOAN
10
369.208
20
-73.274
30
0.0
11
369.208
21
-73.574
31
0.0
0
POINT
8
05_DE_NEO_VIT_XOAN
10
369.3
20
-73.82
30
0.0
0
TEXT
8
06_TOA_DO_TEXT
10
371.363
20
-71.757
30
0.0
40
1.2
1
HV-DV025 (B5A-D13 + B6-D27) 2,75\U+00D72,75\U+00D70,40 D\U+00D9NG CHUNG
7
VN
0
LINE
8
03_DAY_NEO_DAY
10
351.47
20
-94.91
30
0.0
11
354.71
21
-75.89
31
0.0
0
LINE
8
03_DAY_NEO_DAY
10
357.95
20
-56.88
30
0.0
11
354.71
21
-75.89
31
0.0
0
LINE
8
05_DE_NEO_VIT_XOAN
10
353.123
20
-77.014
30
0.0
11
353.586
21
-74.303
31
0.0
0
LINE
8
05_DE_NEO_VIT_XOAN
10
353.586
20
-74.303
30
0.0
11
356.297
21
-74.766
31
0.0
0
LINE
8
05_DE_NEO_VIT_XOAN
10
356.297
20
-74.766
30
0.0
11
355.834
21
-77.477
31
0.0
0
LINE
8
05_DE_NEO_VIT_XOAN
10
355.834
20
-77.477
30
0.0
11
353.123
21
-77.014
31
0.0
0
CIRCLE
8
05_DE_NEO_VIT_XOAN
10
353.296
20
-76.891
30
0.0
40
0.06
0
CIRCLE
8
05_DE_NEO_VIT_XOAN
10
353.709
20
-74.476
30
0.0
40
0.06
0
CIRCLE
8
05_DE_NEO_VIT_XOAN
10
356.124
20
-74.889
30
0.0
40
0.06
0
CIRCLE
8
05_DE_NEO_VIT_XOAN
10
355.711
20
-77.304
30
0.0
40
0.06
0
LINE
8
05_DE_NEO_VIT_XOAN
10
354.493
20
-76.434
30
0.0
11
354.793
21
-76.434
31
0.0
0
LINE
8
05_DE_NEO_VIT_XOAN
10
354.793
20
-76.434
30
0.0
11
354.793
21
-76.134
31
0.0
0
LINE
8
05_DE_NEO_VIT_XOAN
10
354.793
20
-76.134
30
0.0
11
354.493
21
-76.134
31
0.0
0
LINE
8
05_DE_NEO_VIT_XOAN
10
354.493
20
-76.134
30
0.0
11
354.493
21
-76.434
31
0.0
0
LINE
8
05_DE_NEO_VIT_XOAN
10
354.627
20
-75.646
30
0.0
11
354.927
21
-75.646
31
0.0
0
LINE
8
05_DE_NEO_VIT_XOAN
10
354.927
20
-75.646
30
0.0
11
354.927
21
-75.346
31
0.0
0
LINE
8
05_DE_NEO_VIT_XOAN
10
354.927
20
-75.346
30
0.0
11
354.627
21
-75.346
31
0.0
0
LINE
8
05_DE_NEO_VIT_XOAN
10
354.627
20
-75.346
30
0.0
11
354.627
21
-75.646
31
0.0
0
POINT
8
05_DE_NEO_VIT_XOAN
10
354.71
20
-75.89
30
0.0
0
TEXT
8
06_TOA_DO_TEXT
10
356.773
20
-73.827
30
0.0
40
1.2
1
HV-DV026 (B5A-D14 + B6-D31) 2,75\U+00D72,75\U+00D70,40 D\U+00D9NG CHUNG
7
VN
0
LINE
8
03_DAY_NEO_DAY
10
336.72
20
-94.91
30
0.0
11
346.24
21
-75.68
31
0.0
0
LINE
8
03_DAY_NEO_DAY
10
355.76
20
-56.46
30
0.0
11
346.24
21
-75.68
31
0.0
0
LINE
8
05_DE_NEO_VIT_XOAN
10
344.398
20
-76.303
30
0.0
11
345.617
21
-73.838
31
0.0
0
LINE
8
05_DE_NEO_VIT_XOAN
10
345.617
20
-73.838
30
0.0
11
348.082
21
-75.057
31
0.0
0
LINE
8
05_DE_NEO_VIT_XOAN
10
348.082
20
-75.057
30
0.0
11
346.863
21
-77.522
31
0.0
0
LINE
8
05_DE_NEO_VIT_XOAN
10
346.863
20
-77.522
30
0.0
11
344.398
21
-76.303
31
0.0
0
CIRCLE
8
05_DE_NEO_VIT_XOAN
10
344.599
20
-76.235
30
0.0
40
0.06
0
CIRCLE
8
05_DE_NEO_VIT_XOAN
10
345.685
20
-74.039
30
0.0
40
0.06
0
CIRCLE
8
05_DE_NEO_VIT_XOAN
10
347.881
20
-75.125
30
0.0
40
0.06
0
CIRCLE
8
05_DE_NEO_VIT_XOAN
10
346.795
20
-77.321
30
0.0
40
0.06
0
LINE
8
05_DE_NEO_VIT_XOAN
10
345.913
20
-76.189
30
0.0
11
346.213
21
-76.189
31
0.0
0
LINE
8
05_DE_NEO_VIT_XOAN
10
346.213
20
-76.189
30
0.0
11
346.213
21
-75.889
31
0.0
0
LINE
8
05_DE_NEO_VIT_XOAN
10
346.213
20
-75.889
30
0.0
11
345.913
21
-75.889
31
0.0
0
LINE
8
05_DE_NEO_VIT_XOAN
10
345.913
20
-75.889
30
0.0
11
345.913
21
-76.189
31
0.0
0
LINE
8
05_DE_NEO_VIT_XOAN
10
346.268
20
-75.472
30
0.0
11
346.568
21
-75.472
31
0.0
0
LINE
8
05_DE_NEO_VIT_XOAN
10
346.568
20
-75.472
30
0.0
11
346.568
21
-75.172
31
0.0
0
LINE
8
05_DE_NEO_VIT_XOAN
10
346.568
20
-75.172
30
0.0
11
346.268
21
-75.172
31
0.0
0
LINE
8
05_DE_NEO_VIT_XOAN
10
346.268
20
-75.172
30
0.0
11
346.268
21
-75.472
31
0.0
0
POINT
8
05_DE_NEO_VIT_XOAN
10
346.24
20
-75.68
30
0.0
0
TEXT
8
06_TOA_DO_TEXT
10
348.303
20
-73.617
30
0.0
40
1.2
1
HV-DV027 (B5A-D15 + B6-D17) 2,75\U+00D72,75\U+00D70,40 D\U+00D9NG CHUNG
7
VN
0
LINE
8
03_DAY_NEO_DAY
10
112.85
20
79.19
30
0.0
11
110.63
21
90.49
31
0.0
0
LINE
8
03_DAY_NEO_DAY
10
108.4
20
101.79
30
0.0
11
110.63
21
90.49
31
0.0
0
LINE
8
05_DE_NEO_VIT_XOAN
10
109.644
20
89.023
30
0.0
11
109.163
21
91.476
31
0.0
0
LINE
8
05_DE_NEO_VIT_XOAN
10
109.163
20
91.476
30
0.0
11
111.616
21
91.957
31
0.0
0
LINE
8
05_DE_NEO_VIT_XOAN
10
111.616
20
91.957
30
0.0
11
112.097
21
89.504
31
0.0
0
LINE
8
05_DE_NEO_VIT_XOAN
10
112.097
20
89.504
30
0.0
11
109.644
21
89.023
31
0.0
0
CIRCLE
8
05_DE_NEO_VIT_XOAN
10
109.762
20
89.199
30
0.0
40
0.06
0
CIRCLE
8
05_DE_NEO_VIT_XOAN
10
109.339
20
91.358
30
0.0
40
0.06
0
CIRCLE
8
05_DE_NEO_VIT_XOAN
10
111.498
20
91.781
30
0.0
40
0.06
0
CIRCLE
8
05_DE_NEO_VIT_XOAN
10
111.921
20
89.622
30
0.0
40
0.06
0
LINE
8
05_DE_NEO_VIT_XOAN
10
110.557
20
89.947
30
0.0
11
110.857
21
89.947
31
0.0
0
LINE
8
05_DE_NEO_VIT_XOAN
10
110.857
20
89.947
30
0.0
11
110.857
21
90.247
31
0.0
0
LINE
8
05_DE_NEO_VIT_XOAN
10
110.857
20
90.247
30
0.0
11
110.557
21
90.247
31
0.0
0
LINE
8
05_DE_NEO_VIT_XOAN
10
110.557
20
90.247
30
0.0
11
110.557
21
89.947
31
0.0
0
LINE
8
05_DE_NEO_VIT_XOAN
10
110.402
20
90.732
30
0.0
11
110.702
21
90.732
31
0.0
0
LINE
8
05_DE_NEO_VIT_XOAN
10
110.702
20
90.732
30
0.0
11
110.702
21
91.032
31
0.0
0
LINE
8
05_DE_NEO_VIT_XOAN
10
110.702
20
91.032
30
0.0
11
110.402
21
91.032
31
0.0
0
LINE
8
05_DE_NEO_VIT_XOAN
10
110.402
20
91.032
30
0.0
11
110.402
21
90.732
31
0.0
0
POINT
8
05_DE_NEO_VIT_XOAN
10
110.63
20
90.49
30
0.0
0
TEXT
8
06_TOA_DO_TEXT
10
112.505
20
92.365
30
0.0
40
1.2
1
HV-DV028 (B7-D20 + B8-D31) 2,50\U+00D72,50\U+00D70,40 D\U+00D9NG CHUNG
7
VN
0
LINE
8
03_DAY_NEO_DAY
10
138.85
20
79.19
30
0.0
11
130.63
21
90.49
31
0.0
0
LINE
8
03_DAY_NEO_DAY
10
122.4
20
101.79
30
0.0
11
130.63
21
90.49
31
0.0
0
LINE
8
05_DE_NEO_VIT_XOAN
10
130.353
20
88.744
30
0.0
11
128.884
21
90.767
31
0.0
0
LINE
8
05_DE_NEO_VIT_XOAN
10
128.884
20
90.767
30
0.0
11
130.907
21
92.236
31
0.0
0
LINE
8
05_DE_NEO_VIT_XOAN
10
130.907
20
92.236
30
0.0
11
132.376
21
90.213
31
0.0
0
LINE
8
05_DE_NEO_VIT_XOAN
10
132.376
20
90.213
30
0.0
11
130.353
21
88.744
31
0.0
0
CIRCLE
8
05_DE_NEO_VIT_XOAN
10
130.387
20
88.954
30
0.0
40
0.06
0
CIRCLE
8
05_DE_NEO_VIT_XOAN
10
129.094
20
90.733
30
0.0
40
0.06
0
CIRCLE
8
05_DE_NEO_VIT_XOAN
10
130.873
20
92.026
30
0.0
40
0.06
0
CIRCLE
8
05_DE_NEO_VIT_XOAN
10
132.166
20
90.247
30
0.0
40
0.06
0
LINE
8
05_DE_NEO_VIT_XOAN
10
130.715
20
90.016
30
0.0
11
131.015
21
90.016
31
0.0
0
LINE
8
05_DE_NEO_VIT_XOAN
10
131.015
20
90.016
30
0.0
11
131.015
21
90.316
31
0.0
0
LINE
8
05_DE_NEO_VIT_XOAN
10
131.015
20
90.316
30
0.0
11
130.715
21
90.316
31
0.0
0
LINE
8
05_DE_NEO_VIT_XOAN
10
130.715
20
90.316
30
0.0
11
130.715
21
90.016
31
0.0
0
LINE
8
05_DE_NEO_VIT_XOAN
10
130.244
20
90.663
30
0.0
11
130.544
21
90.663
31
0.0
0
LINE
8
05_DE_NEO_VIT_XOAN
10
130.544
20
90.663
30
0.0
11
130.544
21
90.963
31
0.0
0
LINE
8
05_DE_NEO_VIT_XOAN
10
130.544
20
90.963
30
0.0
11
130.244
21
90.963
31
0.0
0
LINE
8
05_DE_NEO_VIT_XOAN
10
130.244
20
90.963
30
0.0
11
130.244
21
90.663
31
0.0
0
POINT
8
05_DE_NEO_VIT_XOAN
10
130.63
20
90.49
30
0.0
0
TEXT
8
06_TOA_DO_TEXT
10
132.505
20
92.365
30
0.0
40
1.2
1
HV-DV029 (B7-D24 + B8-D32) 2,50\U+00D72,50\U+00D70,40 D\U+00D9NG CHUNG
7
VN
0
LINE
8
03_DAY_NEO_DAY
10
86.85
20
79.19
30
0.0
11
83.63
21
90.49
31
0.0
0
LINE
8
03_DAY_NEO_DAY
10
80.4
20
101.79
30
0.0
11
83.63
21
90.49
31
0.0
0
LINE
8
05_DE_NEO_VIT_XOAN
10
82.77
20
88.945
30
0.0
11
82.085
21
91.35
31
0.0
0
LINE
8
05_DE_NEO_VIT_XOAN
10
82.085
20
91.35
30
0.0
11
84.49
21
92.035
31
0.0
0
LINE
8
05_DE_NEO_VIT_XOAN
10
84.49
20
92.035
30
0.0
11
85.175
21
89.63
31
0.0
0
LINE
8
05_DE_NEO_VIT_XOAN
10
85.175
20
89.63
30
0.0
11
82.77
21
88.945
31
0.0
0
CIRCLE
8
05_DE_NEO_VIT_XOAN
10
82.873
20
89.131
30
0.0
40
0.06
0
CIRCLE
8
05_DE_NEO_VIT_XOAN
10
82.271
20
91.247
30
0.0
40
0.06
0
CIRCLE
8
05_DE_NEO_VIT_XOAN
10
84.387
20
91.849
30
0.0
40
0.06
0
CIRCLE
8
05_DE_NEO_VIT_XOAN
10
84.989
20
89.733
30
0.0
40
0.06
0
LINE
8
05_DE_NEO_VIT_XOAN
10
83.59
20
89.955
30
0.0
11
83.89
21
89.955
31
0.0
0
LINE
8
05_DE_NEO_VIT_XOAN
10
83.89
20
89.955
30
0.0
11
83.89
21
90.255
31
0.0
0
LINE
8
05_DE_NEO_VIT_XOAN
10
83.89
20
90.255
30
0.0
11
83.59
21
90.255
31
0.0
0
LINE
8
05_DE_NEO_VIT_XOAN
10
83.59
20
90.255
30
0.0
11
83.59
21
89.955
31
0.0
0
LINE
8
05_DE_NEO_VIT_XOAN
10
83.37
20
90.725
30
0.0
11
83.67
21
90.725
31
0.0
0
LINE
8
05_DE_NEO_VIT_XOAN
10
83.67
20
90.725
30
0.0
11
83.67
21
91.025
31
0.0
0
LINE
8
05_DE_NEO_VIT_XOAN
10
83.67
20
91.025
30
0.0
11
83.37
21
91.025
31
0.0
0
LINE
8
05_DE_NEO_VIT_XOAN
10
83.37
20
91.025
30
0.0
11
83.37
21
90.725
31
0.0
0
POINT
8
05_DE_NEO_VIT_XOAN
10
83.63
20
90.49
30
0.0
0
TEXT
8
06_TOA_DO_TEXT
10
85.505
20
92.365
30
0.0
40
1.2
1
HV-DV030 (B7-D25 + B8-D29) 2,50\U+00D72,50\U+00D70,40 D\U+00D9NG CHUNG
7
VN
0
LINE
8
03_DAY_NEO_DAY
10
94.35
20
79.19
30
0.0
11
94.38
21
90.49
31
0.0
0
LINE
8
03_DAY_NEO_DAY
10
94.4
20
101.79
30
0.0
11
94.38
21
90.49
31
0.0
0
LINE
8
05_DE_NEO_VIT_XOAN
10
93.126
20
89.244
30
0.0
11
93.134
21
91.744
31
0.0
0
LINE
8
05_DE_NEO_VIT_XOAN
10
93.134
20
91.744
30
0.0
11
95.634
21
91.736
31
0.0
0
LINE
8
05_DE_NEO_VIT_XOAN
10
95.634
20
91.736
30
0.0
11
95.626
21
89.236
31
0.0
0
LINE
8
05_DE_NEO_VIT_XOAN
10
95.626
20
89.236
30
0.0
11
93.126
21
89.244
31
0.0
0
CIRCLE
8
05_DE_NEO_VIT_XOAN
10
93.276
20
89.394
30
0.0
40
0.06
0
CIRCLE
8
05_DE_NEO_VIT_XOAN
10
93.284
20
91.594
30
0.0
40
0.06
0
CIRCLE
8
05_DE_NEO_VIT_XOAN
10
95.484
20
91.586
30
0.0
40
0.06
0
CIRCLE
8
05_DE_NEO_VIT_XOAN
10
95.476
20
89.386
30
0.0
40
0.06
0
LINE
8
05_DE_NEO_VIT_XOAN
10
94.229
20
89.94
30
0.0
11
94.529
21
89.94
31
0.0
0
LINE
8
05_DE_NEO_VIT_XOAN
10
94.529
20
89.94
30
0.0
11
94.529
21
90.24
31
0.0
0
LINE
8
05_DE_NEO_VIT_XOAN
10
94.529
20
90.24
30
0.0
11
94.229
21
90.24
31
0.0
0
LINE
8
05_DE_NEO_VIT_XOAN
10
94.229
20
90.24
30
0.0
11
94.229
21
89.94
31
0.0
0
LINE
8
05_DE_NEO_VIT_XOAN
10
94.231
20
90.74
30
0.0
11
94.531
21
90.74
31
0.0
0
LINE
8
05_DE_NEO_VIT_XOAN
10
94.531
20
90.74
30
0.0
11
94.531
21
91.04
31
0.0
0
LINE
8
05_DE_NEO_VIT_XOAN
10
94.531
20
91.04
30
0.0
11
94.231
21
91.04
31
0.0
0
LINE
8
05_DE_NEO_VIT_XOAN
10
94.231
20
91.04
30
0.0
11
94.231
21
90.74
31
0.0
0
POINT
8
05_DE_NEO_VIT_XOAN
10
94.38
20
90.49
30
0.0
0
TEXT
8
06_TOA_DO_TEXT
10
96.255
20
92.365
30
0.0
40
1.2
1
HV-DV031 (B7-D33 + B8-D30) 2,50\U+00D72,50\U+00D70,40 D\U+00D9NG CHUNG
7
VN
0
LINE
8
03_DAY_NEO_DAY
10
119.04
20
281.79
30
0.0
11
121.79
21
292.95
31
0.0
0
LINE
8
03_DAY_NEO_DAY
10
124.53
20
304.11
30
0.0
11
121.79
21
292.95
31
0.0
0
LINE
8
05_DE_NEO_VIT_XOAN
10
120.278
20
292.034
30
0.0
11
120.874
21
294.462
31
0.0
0
LINE
8
05_DE_NEO_VIT_XOAN
10
120.874
20
294.462
30
0.0
11
123.302
21
293.866
31
0.0
0
LINE
8
05_DE_NEO_VIT_XOAN
10
123.302
20
293.866
30
0.0
11
122.706
21
291.438
31
0.0
0
LINE
8
05_DE_NEO_VIT_XOAN
10
122.706
20
291.438
30
0.0
11
120.278
21
292.034
31
0.0
0
CIRCLE
8
05_DE_NEO_VIT_XOAN
10
120.459
20
292.144
30
0.0
40
0.06
0
CIRCLE
8
05_DE_NEO_VIT_XOAN
10
120.984
20
294.281
30
0.0
40
0.06
0
CIRCLE
8
05_DE_NEO_VIT_XOAN
10
123.121
20
293.756
30
0.0
40
0.06
0
CIRCLE
8
05_DE_NEO_VIT_XOAN
10
122.596
20
291.619
30
0.0
40
0.06
0
LINE
8
05_DE_NEO_VIT_XOAN
10
121.545
20
292.412
30
0.0
11
121.845
21
292.412
31
0.0
0
LINE
8
05_DE_NEO_VIT_XOAN
10
121.845
20
292.412
30
0.0
11
121.845
21
292.712
31
0.0
0
LINE
8
05_DE_NEO_VIT_XOAN
10
121.845
20
292.712
30
0.0
11
121.545
21
292.712
31
0.0
0
LINE
8
05_DE_NEO_VIT_XOAN
10
121.545
20
292.712
30
0.0
11
121.545
21
292.412
31
0.0
0
LINE
8
05_DE_NEO_VIT_XOAN
10
121.735
20
293.188
30
0.0
11
122.035
21
293.188
31
0.0
0
LINE
8
05_DE_NEO_VIT_XOAN
10
122.035
20
293.188
30
0.0
11
122.035
21
293.488
31
0.0
0
LINE
8
05_DE_NEO_VIT_XOAN
10
122.035
20
293.488
30
0.0
11
121.735
21
293.488
31
0.0
0
LINE
8
05_DE_NEO_VIT_XOAN
10
121.735
20
293.488
30
0.0
11
121.735
21
293.188
31
0.0
0
POINT
8
05_DE_NEO_VIT_XOAN
10
121.79
20
292.95
30
0.0
0
TEXT
8
06_TOA_DO_TEXT
10
123.665
20
294.825
30
0.0
40
1.2
1
HV-DV032 (B8-D48 + B9-D16) 2,50\U+00D72,50\U+00D70,40 D\U+00D9NG CHUNG
7
VN
0
TEXT
8
07_BANG_THONG_KE_COC_BO
10
492.77
20
417.6
30
0.0
40
1.56
1
B\U+1EA2NG TH\U+1ED0NG K\U+00CA C\U+1ECCC KHOAN NH\U+1ED2I NEO B\U+1EDC (231 \U+0110I\U+1EC2M NEO, 231 C\U+1ECCC) \U+2014 HV-FPV-2026
7
VN
0
TEXT
8
07_BANG_THONG_KE_COC_BO
10
492.77
20
414.96
30
0.0
40
1.56
1
Quy t\U+1EAFc c\U+1EE7a Ch\U+1EE7 \U+0111\U+1EA7u t\U+01B0 (08/10/2026): g\U+1EA7n b\U+1EDD, k\U+1EC3 c\U+1EA3 ch\U+1ED7 m\U+1EA5p m\U+00E9 n\U+01B0\U+1EDBc, neo b\U+1EB1ng c\U+1ECDc khoan nh\U+1ED3i; \U+0111\U+1EBF v\U+00EDt xo\U+1EAFn ch\U+1EC9 d\U+00F9ng gi\U+1EEFa hai b\U+00E8. V\U+1ECB tr\U+00ED c\U+1ECDc m\U+1EDBi l\U+1EA5y theo \U+0111\U+1ECBa h\U+00ECnh IFC (\U+2265 384,0 m), ch\U+01B0a ph\U+1EA3i kh\U+1EA3o s\U+00E1t.
7
VN
0
TEXT
8
07_BANG_THONG_KE_COC_BO
10
492.77
20
412.32
30
0.0
40
1.56
1
D: \U+0111\U+01B0\U+1EDDng k\U+00EDnh c\U+1ECDc khoan nh\U+1ED3i | L_tk: chi\U+1EC1u s\U+00E2u thi\U+1EBFt k\U+1EBF | P_max: s\U+1EE9c ch\U+1ECBu t\U+1EA3i cho ph\U+00E9p c\U+1EE7a M\U+1ED8T c\U+1ECDc t\U+1EA1i L_tk | S\U+1ED0 C\U+1ECCC > 1: c\U+1EE5m c\U+1ECDc \U+0111\U+1EB7t vu\U+00F4ng g\U+00F3c ph\U+01B0\U+01A1ng c\U+00E1p, c\U+00E1ch nhau \U+2265 3D
7
VN
0
TEXT
8
07_BANG_THONG_KE_COC_BO
10
492.77
20
409.68
30
0.0
40
1.56
1
C\U+00E1p m\U+00F3c s\U+00E1t c\U+1ED5 c\U+1ECDc, tim ch\U+1ED1t c\U+00E1ch m\U+1EB7t \U+0111\U+1EA5t \U+2264 100 mm (\U+0111i\U+1EC1u ki\U+1EC7n c\U+1EE7a thi\U+1EBFt k\U+1EBF c\U+1ED1t th\U+00E9p).
7
VN
0
TEXT
8
07_BANG_THONG_KE_COC_BO
10
493.25
20
404.376
30
0.0
40
1.2
1
M\U+00C3 C\U+1ECCC
7
VN
0
TEXT
8
07_BANG_THONG_KE_COC_BO
10
505.85
20
404.376
30
0.0
40
1.2
1
K\U+00DD HI\U+1EC6U
7
VN
0
TEXT
8
07_BANG_THONG_KE_COC_BO
10
516.65
20
404.376
30
0.0
40
1.2
1
B\U+00C8
7
VN
0
TEXT
8
07_BANG_THONG_KE_COC_BO
10
524.75
20
404.376
30
0.0
40
1.2
1
X (m)
7
VN
0
TEXT
8
07_BANG_THONG_KE_COC_BO
10
535.55
20
404.376
30
0.0
40
1.2
1
Y (m)
7
VN
0
TEXT
8
07_BANG_THONG_KE_COC_BO
10
546.35
20
404.376
30
0.0
40
1.2
1
Z (m)
7
VN
0
TEXT
8
07_BANG_THONG_KE_COC_BO
10
555.35
20
404.376
30
0.0
40
1.2
1
S\U+1ED0 C\U+1ECCC
7
VN
0
TEXT
8
07_BANG_THONG_KE_COC_BO
10
562.55
20
404.376
30
0.0
40
1.2
1
D (mm)
7
VN
0
TEXT
8
07_BANG_THONG_KE_COC_BO
10
570.65
20
404.376
30
0.0
40
1.2
1
L_tk (m)
7
VN
0
TEXT
8
07_BANG_THONG_KE_COC_BO
10
579.65
20
404.376
30
0.0
40
1.2
1
T d\U+00E2y (kN)
7
VN
0
TEXT
8
07_BANG_THONG_KE_COC_BO
10
590.45
20
404.376
30
0.0
40
1.2
1
P_max (kN)
7
VN
0
TEXT
8
07_BANG_THONG_KE_COC_BO
10
601.25
20
404.376
30
0.0
40
1.2
1
K\U+1EBET LU\U+1EACN
7
VN
0
TEXT
8
07_BANG_THONG_KE_COC_BO
10
611.15
20
404.376
30
0.0
40
1.2
1
TH\U+00C9P CH\U+1EE6
7
VN
0
TEXT
8
07_BANG_THONG_KE_COC_BO
10
627.35
20
404.376
30
0.0
40
1.2
1
\U+0110AI
7
VN
0
TEXT
8
07_BANG_THONG_KE_COC_BO
10
493.25
20
401.736
30
0.0
40
1.2
1
HV-P001
7
VN
0
TEXT
8
07_BANG_THONG_KE_COC_BO
10
505.85
20
401.736
30
0.0
40
1.2
1
B1-D01
7
VN
0
TEXT
8
07_BANG_THONG_KE_COC_BO
10
516.65
20
401.736
30
0.0
40
1.2
1
B\U+00C8 1
7
VN
0
TEXT
8
07_BANG_THONG_KE_COC_BO
10
524.75
20
401.736
30
0.0
40
1.2
1
-134,99
7
VN
0
TEXT
8
07_BANG_THONG_KE_COC_BO
10
535.55
20
401.736
30
0.0
40
1.2
1
90,48
7
VN
0
TEXT
8
07_BANG_THONG_KE_COC_BO
10
546.35
20
401.736
30
0.0
40
1.2
1
384,29
7
VN
0
TEXT
8
07_BANG_THONG_KE_COC_BO
10
555.35
20
401.736
30
0.0
40
1.2
1
1
7
VN
0
TEXT
8
07_BANG_THONG_KE_COC_BO
10
562.55
20
401.736
30
0.0
40
1.2
1
350
7
VN
0
TEXT
8
07_BANG_THONG_KE_COC_BO
10
570.65
20
401.736
30
0.0
40
1.2
1
6,5
7
VN
0
TEXT
8
07_BANG_THONG_KE_COC_BO
10
579.65
20
401.736
30
0.0
40
1.2
1
30,2
7
VN
0
TEXT
8
07_BANG_THONG_KE_COC_BO
10
590.45
20
401.736
30
0.0
40
1.2
1
44,6
7
VN
0
TEXT
8
07_BANG_THONG_KE_COC_BO
10
601.25
20
401.736
30
0.0
40
1.2
1
\U+0110\U+1EA0T
7
VN
0
TEXT
8
07_BANG_THONG_KE_COC_BO
10
611.15
20
401.736
30
0.0
40
1.2
1
4\U+03A625 CB400-V
7
VN
0
TEXT
8
07_BANG_THONG_KE_COC_BO
10
627.35
20
401.736
30
0.0
40
1.2
1
XO\U+1EAEN \U+03A68 a150
7
VN
0
TEXT
8
07_BANG_THONG_KE_COC_BO
10
493.25
20
399.096
30
0.0
40
1.2
1
HV-P002
7
VN
0
TEXT
8
07_BANG_THONG_KE_COC_BO
10
505.85
20
399.096
30
0.0
40
1.2
1
B1-D02
7
VN
0
TEXT
8
07_BANG_THONG_KE_COC_BO
10
516.65
20
399.096
30
0.0
40
1.2
1
B\U+00C8 1
7
VN
0
TEXT
8
07_BANG_THONG_KE_COC_BO
10
524.75
20
399.096
30
0.0
40
1.2
1
-140,05
7
VN
0
TEXT
8
07_BANG_THONG_KE_COC_BO
10
535.55
20
399.096
30
0.0
40
1.2
1
95,47
7
VN
0
TEXT
8
07_BANG_THONG_KE_COC_BO
10
546.35
20
399.096
30
0.0
40
1.2
1
384,37
7
VN
0
TEXT
8
07_BANG_THONG_KE_COC_BO
10
555.35
20
399.096
30
0.0
40
1.2
1
1
7
VN
0
TEXT
8
07_BANG_THONG_KE_COC_BO
10
562.55
20
399.096
30
0.0
40
1.2
1
350
7
VN
0
TEXT
8
07_BANG_THONG_KE_COC_BO
10
570.65
20
399.096
30
0.0
40
1.2
1
6,5
7
VN
0
TEXT
8
07_BANG_THONG_KE_COC_BO
10
579.65
20
399.096
30
0.0
40
1.2
1
30,2
7
VN
0
TEXT
8
07_BANG_THONG_KE_COC_BO
10
590.45
20
399.096
30
0.0
40
1.2
1
44,6
7
VN
0
TEXT
8
07_BANG_THONG_KE_COC_BO
10
601.25
20
399.096
30
0.0
40
1.2
1
\U+0110\U+1EA0T
7
VN
0
TEXT
8
07_BANG_THONG_KE_COC_BO
10
611.15
20
399.096
30
0.0
40
1.2
1
4\U+03A625 CB400-V
7
VN
0
TEXT
8
07_BANG_THONG_KE_COC_BO
10
627.35
20
399.096
30
0.0
40
1.2
1
XO\U+1EAEN \U+03A68 a150
7
VN
0
TEXT
8
07_BANG_THONG_KE_COC_BO
10
493.25
20
396.456
30
0.0
40
1.2
1
HV-P003
7
VN
0
TEXT
8
07_BANG_THONG_KE_COC_BO
10
505.85
20
396.456
30
0.0
40
1.2
1
B1-D03
7
VN
0
TEXT
8
07_BANG_THONG_KE_COC_BO
10
516.65
20
396.456
30
0.0
40
1.2
1
B\U+00C8 1
7
VN
0
TEXT
8
07_BANG_THONG_KE_COC_BO
10
524.75
20
396.456
30
0.0
40
1.2
1
-141,23
7
VN
0
TEXT
8
07_BANG_THONG_KE_COC_BO
10
535.55
20
396.456
30
0.0
40
1.2
1
99,78
7
VN
0
TEXT
8
07_BANG_THONG_KE_COC_BO
10
546.35
20
396.456
30
0.0
40
1.2
1
384,33
7
VN
0
TEXT
8
07_BANG_THONG_KE_COC_BO
10
555.35
20
396.456
30
0.0
40
1.2
1
1
7
VN
0
TEXT
8
07_BANG_THONG_KE_COC_BO
10
562.55
20
396.456
30
0.0
40
1.2
1
350
7
VN
0
TEXT
8
07_BANG_THONG_KE_COC_BO
10
570.65
20
396.456
30
0.0
40
1.2
1
6,5
7
VN
0
TEXT
8
07_BANG_THONG_KE_COC_BO
10
579.65
20
396.456
30
0.0
40
1.2
1
30,2
7
VN
0
TEXT
8
07_BANG_THONG_KE_COC_BO
10
590.45
20
396.456
30
0.0
40
1.2
1
44,6
7
VN
0
TEXT
8
07_BANG_THONG_KE_COC_BO
10
601.25
20
396.456
30
0.0
40
1.2
1
\U+0110\U+1EA0T
7
VN
0
TEXT
8
07_BANG_THONG_KE_COC_BO
10
611.15
20
396.456
30
0.0
40
1.2
1
4\U+03A625 CB400-V
7
VN
0
TEXT
8
07_BANG_THONG_KE_COC_BO
10
627.35
20
396.456
30
0.0
40
1.2
1
XO\U+1EAEN \U+03A68 a150
7
VN
0
TEXT
8
07_BANG_THONG_KE_COC_BO
10
493.25
20
393.816
30
0.0
40
1.2
1
HV-P004
7
VN
0
TEXT
8
07_BANG_THONG_KE_COC_BO
10
505.85
20
393.816
30
0.0
40
1.2
1
B1-D04
7
VN
0
TEXT
8
07_BANG_THONG_KE_COC_BO
10
516.65
20
393.816
30
0.0
40
1.2
1
B\U+00C8 1
7
VN
0
TEXT
8
07_BANG_THONG_KE_COC_BO
10
524.75
20
393.816
30
0.0
40
1.2
1
-162,49
7
VN
0
TEXT
8
07_BANG_THONG_KE_COC_BO
10
535.55
20
393.816
30
0.0
40
1.2
1
134,77
7
VN
0
TEXT
8
07_BANG_THONG_KE_COC_BO
10
546.35
20
393.816
30
0.0
40
1.2
1
384,41
7
VN
0
TEXT
8
07_BANG_THONG_KE_COC_BO
10
555.35
20
393.816
30
0.0
40
1.2
1
1
7
VN
0
TEXT
8
07_BANG_THONG_KE_COC_BO
10
562.55
20
393.816
30
0.0
40
1.2
1
350
7
VN
0
TEXT
8
07_BANG_THONG_KE_COC_BO
10
570.65
20
393.816
30
0.0
40
1.2
1
6,5
7
VN
0
TEXT
8
07_BANG_THONG_KE_COC_BO
10
579.65
20
393.816
30
0.0
40
1.2
1
30,2
7
VN
0
TEXT
8
07_BANG_THONG_KE_COC_BO
10
590.45
20
393.816
30
0.0
40
1.2
1
44,6
7
VN
0
TEXT
8
07_BANG_THONG_KE_COC_BO
10
601.25
20
393.816
30
0.0
40
1.2
1
\U+0110\U+1EA0T
7
VN
0
TEXT
8
07_BANG_THONG_KE_COC_BO
10
611.15
20
393.816
30
0.0
40
1.2
1
4\U+03A625 CB400-V
7
VN
0
TEXT
8
07_BANG_THONG_KE_COC_BO
10
627.35
20
393.816
30
0.0
40
1.2
1
XO\U+1EAEN \U+03A68 a150
7
VN
0
TEXT
8
07_BANG_THONG_KE_COC_BO
10
493.25
20
391.176
30
0.0
40
1.2
1
HV-P005
7
VN
0
TEXT
8
07_BANG_THONG_KE_COC_BO
10
505.85
20
391.176
30
0.0
40
1.2
1
B1-D05
7
VN
0
TEXT
8
07_BANG_THONG_KE_COC_BO
10
516.65
20
391.176
30
0.0
40
1.2
1
B\U+00C8 1
7
VN
0
TEXT
8
07_BANG_THONG_KE_COC_BO
10
524.75
20
391.176
30
0.0
40
1.2
1
-170,74
7
VN
0
TEXT
8
07_BANG_THONG_KE_COC_BO
10
535.55
20
391.176
30
0.0
40
1.2
1
140,52
7
VN
0
TEXT
8
07_BANG_THONG_KE_COC_BO
10
546.35
20
391.176
30
0.0
40
1.2
1
384,59
7
VN
0
TEXT
8
07_BANG_THONG_KE_COC_BO
10
555.35
20
391.176
30
0.0
40
1.2
1
1
7
VN
0
TEXT
8
07_BANG_THONG_KE_COC_BO
10
562.55
20
391.176
30
0.0
40
1.2
1
350
7
VN
0
TEXT
8
07_BANG_THONG_KE_COC_BO
10
570.65
20
391.176
30
0.0
40
1.2
1
6,5
7
VN
0
TEXT
8
07_BANG_THONG_KE_COC_BO
10
579.65
20
391.176
30
0.0
40
1.2
1
30,2
7
VN
0
TEXT
8
07_BANG_THONG_KE_COC_BO
10
590.45
20
391.176
30
0.0
40
1.2
1
44,6
7
VN
0
TEXT
8
07_BANG_THONG_KE_COC_BO
10
601.25
20
391.176
30
0.0
40
1.2
1
\U+0110\U+1EA0T
7
VN
0
TEXT
8
07_BANG_THONG_KE_COC_BO
10
611.15
20
391.176
30
0.0
40
1.2
1
4\U+03A625 CB400-V
7
VN
0
TEXT
8
07_BANG_THONG_KE_COC_BO
10
627.35
20
391.176
30
0.0
40
1.2
1
XO\U+1EAEN \U+03A68 a150
7
VN
0
TEXT
8
07_BANG_THONG_KE_COC_BO
10
493.25
20
388.536
30
0.0
40
1.2
1
HV-P006
7
VN
0
TEXT
8
07_BANG_THONG_KE_COC_BO
10
505.85
20
388.536
30
0.0
40
1.2
1
B1-D06
7
VN
0
TEXT
8
07_BANG_THONG_KE_COC_BO
10
516.65
20
388.536
30
0.0
40
1.2
1
B\U+00C8 1
7
VN
0
TEXT
8
07_BANG_THONG_KE_COC_BO
10
524.75
20
388.536
30
0.0
40
1.2
1
-177,50
7
VN
0
TEXT
8
07_BANG_THONG_KE_COC_BO
10
535.55
20
388.536
30
0.0
40
1.2
1
146,69
7
VN
0
TEXT
8
07_BANG_THONG_KE_COC_BO
10
546.35
20
388.536
30
0.0
40
1.2
1
384,63
7
VN
0
TEXT
8
07_BANG_THONG_KE_COC_BO
10
555.35
20
388.536
30
0.0
40
1.2
1
1
7
VN
0
TEXT
8
07_BANG_THONG_KE_COC_BO
10
562.55
20
388.536
30
0.0
40
1.2
1
350
7
VN
0
TEXT
8
07_BANG_THONG_KE_COC_BO
10
570.65
20
388.536
30
0.0
40
1.2
1
6,5
7
VN
0
TEXT
8
07_BANG_THONG_KE_COC_BO
10
579.65
20
388.536
30
0.0
40
1.2
1
30,2
7
VN
0
TEXT
8
07_BANG_THONG_KE_COC_BO
10
590.45
20
388.536
30
0.0
40
1.2
1
44,6
7
VN
0
TEXT
8
07_BANG_THONG_KE_COC_BO
10
601.25
20
388.536
30
0.0
40
1.2
1
\U+0110\U+1EA0T
7
VN
0
TEXT
8
07_BANG_THONG_KE_COC_BO
10
611.15
20
388.536
30
0.0
40
1.2
1
4\U+03A625 CB400-V
7
VN
0
TEXT
8
07_BANG_THONG_KE_COC_BO
10
627.35
20
388.536
30
0.0
40
1.2
1
XO\U+1EAEN \U+03A68 a150
7
VN
0
TEXT
8
07_BANG_THONG_KE_COC_BO
10
493.25
20
385.896
30
0.0
40
1.2
1
HV-P007
7
VN
0
TEXT
8
07_BANG_THONG_KE_COC_BO
10
505.85
20
385.896
30
0.0
40
1.2
1
B1-D07
7
VN
0
TEXT
8
07_BANG_THONG_KE_COC_BO
10
516.65
20
385.896
30
0.0
40
1.2
1
B\U+00C8 1
7
VN
0
TEXT
8
07_BANG_THONG_KE_COC_BO
10
524.75
20
385.896
30
0.0
40
1.2
1
-224,88
7
VN
0
TEXT
8
07_BANG_THONG_KE_COC_BO
10
535.55
20
385.896
30
0.0
40
1.2
1
67,52
7
VN
0
TEXT
8
07_BANG_THONG_KE_COC_BO
10
546.35
20
385.896
30
0.0
40
1.2
1
384,25
7
VN
0
TEXT
8
07_BANG_THONG_KE_COC_BO
10
555.35
20
385.896
30
0.0
40
1.2
1
1
7
VN
0
TEXT
8
07_BANG_THONG_KE_COC_BO
10
562.55
20
385.896
30
0.0
40
1.2
1
350
7
VN
0
TEXT
8
07_BANG_THONG_KE_COC_BO
10
570.65
20
385.896
30
0.0
40
1.2
1
6,5
7
VN
0
TEXT
8
07_BANG_THONG_KE_COC_BO
10
579.65
20
385.896
30
0.0
40
1.2
1
30,2
7
VN
0
TEXT
8
07_BANG_THONG_KE_COC_BO
10
590.45
20
385.896
30
0.0
40
1.2
1
44,6
7
VN
0
TEXT
8
07_BANG_THONG_KE_COC_BO
10
601.25
20
385.896
30
0.0
40
1.2
1
\U+0110\U+1EA0T
7
VN
0
TEXT
8
07_BANG_THONG_KE_COC_BO
10
611.15
20
385.896
30
0.0
40
1.2
1
4\U+03A625 CB400-V
7
VN
0
TEXT
8
07_BANG_THONG_KE_COC_BO
10
627.35
20
385.896
30
0.0
40
1.2
1
XO\U+1EAEN \U+03A68 a150
7
VN
0
TEXT
8
07_BANG_THONG_KE_COC_BO
10
493.25
20
383.256
30
0.0
40
1.2
1
HV-P008
7
VN
0
TEXT
8
07_BANG_THONG_KE_COC_BO
10
505.85
20
383.256
30
0.0
40
1.2
1
B1-D08
7
VN
0
TEXT
8
07_BANG_THONG_KE_COC_BO
10
516.65
20
383.256
30
0.0
40
1.2
1
B\U+00C8 1
7
VN
0
TEXT
8
07_BANG_THONG_KE_COC_BO
10
524.75
20
383.256
30
0.0
40
1.2
1
-216,19
7
VN
0
TEXT
8
07_BANG_THONG_KE_COC_BO
10
535.55
20
383.256
30
0.0
40
1.2
1
59,89
7
VN
0
TEXT
8
07_BANG_THONG_KE_COC_BO
10
546.35
20
383.256
30
0.0
40
1.2
1
384,47
7
VN
0
TEXT
8
07_BANG_THONG_KE_COC_BO
10
555.35
20
383.256
30
0.0
40
1.2
1
1
7
VN
0
TEXT
8
07_BANG_THONG_KE_COC_BO
10
562.55
20
383.256
30
0.0
40
1.2
1
350
7
VN
0
TEXT
8
07_BANG_THONG_KE_COC_BO
10
570.65
20
383.256
30
0.0
40
1.2
1
6,5
7
VN
0
TEXT
8
07_BANG_THONG_KE_COC_BO
10
579.65
20
383.256
30
0.0
40
1.2
1
30,2
7
VN
0
TEXT
8
07_BANG_THONG_KE_COC_BO
10
590.45
20
383.256
30
0.0
40
1.2
1
44,6
7
VN
0
TEXT
8
07_BANG_THONG_KE_COC_BO
10
601.25
20
383.256
30
0.0
40
1.2
1
\U+0110\U+1EA0T
7
VN
0
TEXT
8
07_BANG_THONG_KE_COC_BO
10
611.15
20
383.256
30
0.0
40
1.2
1
4\U+03A625 CB400-V
7
VN
0
TEXT
8
07_BANG_THONG_KE_COC_BO
10
627.35
20
383.256
30
0.0
40
1.2
1
XO\U+1EAEN \U+03A68 a150
7
VN
0
TEXT
8
07_BANG_THONG_KE_COC_BO
10
493.25
20
380.616
30
0.0
40
1.2
1
HV-P009
7
VN
0
TEXT
8
07_BANG_THONG_KE_COC_BO
10
505.85
20
380.616
30
0.0
40
1.2
1
B1-D09
7
VN
0
TEXT
8
07_BANG_THONG_KE_COC_BO
10
516.65
20
380.616
30
0.0
40
1.2
1
B\U+00C8 1
7
VN
0
TEXT
8
07_BANG_THONG_KE_COC_BO
10
524.75
20
380.616
30
0.0
40
1.2
1
-195,70
7
VN
0
TEXT
8
07_BANG_THONG_KE_COC_BO
10
535.55
20
380.616
30
0.0
40
1.2
1
50,34
7
VN
0
TEXT
8
07_BANG_THONG_KE_COC_BO
10
546.35
20
380.616
30
0.0
40
1.2
1
384,17
7
VN
0
TEXT
8
07_BANG_THONG_KE_COC_BO
10
555.35
20
380.616
30
0.0
40
1.2
1
1
7
VN
0
TEXT
8
07_BANG_THONG_KE_COC_BO
10
562.55
20
380.616
30
0.0
40
1.2
1
350
7
VN
0
TEXT
8
07_BANG_THONG_KE_COC_BO
10
570.65
20
380.616
30
0.0
40
1.2
1
6,5
7
VN
0
TEXT
8
07_BANG_THONG_KE_COC_BO
10
579.65
20
380.616
30
0.0
40
1.2
1
30,2
7
VN
0
TEXT
8
07_BANG_THONG_KE_COC_BO
10
590.45
20
380.616
30
0.0
40
1.2
1
44,6
7
VN
0
TEXT
8
07_BANG_THONG_KE_COC_BO
10
601.25
20
380.616
30
0.0
40
1.2
1
\U+0110\U+1EA0T
7
VN
0
TEXT
8
07_BANG_THONG_KE_COC_BO
10
611.15
20
380.616
30
0.0
40
1.2
1
4\U+03A625 CB400-V
7
VN
0
TEXT
8
07_BANG_THONG_KE_COC_BO
10
627.35
20
380.616
30
0.0
40
1.2
1
XO\U+1EAEN \U+03A68 a150
7
VN
0
TEXT
8
07_BANG_THONG_KE_COC_BO
10
493.25
20
377.976
30
0.0
40
1.2
1
HV-P010
7
VN
0
TEXT
8
07_BANG_THONG_KE_COC_BO
10
505.85
20
377.976
30
0.0
40
1.2
1
B1-D10
7
VN
0
TEXT
8
07_BANG_THONG_KE_COC_BO
10
516.65
20
377.976
30
0.0
40
1.2
1
B\U+00C8 1
7
VN
0
TEXT
8
07_BANG_THONG_KE_COC_BO
10
524.75
20
377.976
30
0.0
40
1.2
1
-185,52
7
VN
0
TEXT
8
07_BANG_THONG_KE_COC_BO
10
535.55
20
377.976
30
0.0
40
1.2
1
45,22
7
VN
0
TEXT
8
07_BANG_THONG_KE_COC_BO
10
546.35
20
377.976
30
0.0
40
1.2
1
384,69
7
VN
0
TEXT
8
07_BANG_THONG_KE_COC_BO
10
555.35
20
377.976
30
0.0
40
1.2
1
1
7
VN
0
TEXT
8
07_BANG_THONG_KE_COC_BO
10
562.55
20
377.976
30
0.0
40
1.2
1
350
7
VN
0
TEXT
8
07_BANG_THONG_KE_COC_BO
10
570.65
20
377.976
30
0.0
40
1.2
1
6,5
7
VN
0
TEXT
8
07_BANG_THONG_KE_COC_BO
10
579.65
20
377.976
30
0.0
40
1.2
1
30,2
7
VN
0
TEXT
8
07_BANG_THONG_KE_COC_BO
10
590.45
20
377.976
30
0.0
40
1.2
1
44,6
7
VN
0
TEXT
8
07_BANG_THONG_KE_COC_BO
10
601.25
20
377.976
30
0.0
40
1.2
1
\U+0110\U+1EA0T
7
VN
0
TEXT
8
07_BANG_THONG_KE_COC_BO
10
611.15
20
377.976
30
0.0
40
1.2
1
4\U+03A625 CB400-V
7
VN
0
TEXT
8
07_BANG_THONG_KE_COC_BO
10
627.35
20
377.976
30
0.0
40
1.2
1
XO\U+1EAEN \U+03A68 a150
7
VN
0
TEXT
8
07_BANG_THONG_KE_COC_BO
10
493.25
20
375.336
30
0.0
40
1.2
1
HV-P011
7
VN
0
TEXT
8
07_BANG_THONG_KE_COC_BO
10
505.85
20
375.336
30
0.0
40
1.2
1
B1-D11
7
VN
0
TEXT
8
07_BANG_THONG_KE_COC_BO
10
516.65
20
375.336
30
0.0
40
1.2
1
B\U+00C8 1
7
VN
0
TEXT
8
07_BANG_THONG_KE_COC_BO
10
524.75
20
375.336
30
0.0
40
1.2
1
-174,02
7
VN
0
TEXT
8
07_BANG_THONG_KE_COC_BO
10
535.55
20
375.336
30
0.0
40
1.2
1
38,02
7
VN
0
TEXT
8
07_BANG_THONG_KE_COC_BO
10
546.35
20
375.336
30
0.0
40
1.2
1
384,44
7
VN
0
TEXT
8
07_BANG_THONG_KE_COC_BO
10
555.35
20
375.336
30
0.0
40
1.2
1
1
7
VN
0
TEXT
8
07_BANG_THONG_KE_COC_BO
10
562.55
20
375.336
30
0.0
40
1.2
1
350
7
VN
0
TEXT
8
07_BANG_THONG_KE_COC_BO
10
570.65
20
375.336
30
0.0
40
1.2
1
6,5
7
VN
0
TEXT
8
07_BANG_THONG_KE_COC_BO
10
579.65
20
375.336
30
0.0
40
1.2
1
30,2
7
VN
0
TEXT
8
07_BANG_THONG_KE_COC_BO
10
590.45
20
375.336
30
0.0
40
1.2
1
44,6
7
VN
0
TEXT
8
07_BANG_THONG_KE_COC_BO
10
601.25
20
375.336
30
0.0
40
1.2
1
\U+0110\U+1EA0T
7
VN
0
TEXT
8
07_BANG_THONG_KE_COC_BO
10
611.15
20
375.336
30
0.0
40
1.2
1
4\U+03A625 CB400-V
7
VN
0
TEXT
8
07_BANG_THONG_KE_COC_BO
10
627.35
20
375.336
30
0.0
40
1.2
1
XO\U+1EAEN \U+03A68 a150
7
VN
0
TEXT
8
07_BANG_THONG_KE_COC_BO
10
493.25
20
372.696
30
0.0
40
1.2
1
HV-P012
7
VN
0
TEXT
8
07_BANG_THONG_KE_COC_BO
10
505.85
20
372.696
30
0.0
40
1.2
1
B1-D12
7
VN
0
TEXT
8
07_BANG_THONG_KE_COC_BO
10
516.65
20
372.696
30
0.0
40
1.2
1
B\U+00C8 1
7
VN
0
TEXT
8
07_BANG_THONG_KE_COC_BO
10
524.75
20
372.696
30
0.0
40
1.2
1
-161,95
7
VN
0
TEXT
8
07_BANG_THONG_KE_COC_BO
10
535.55
20
372.696
30
0.0
40
1.2
1
30,54
7
VN
0
TEXT
8
07_BANG_THONG_KE_COC_BO
10
546.35
20
372.696
30
0.0
40
1.2
1
383,76
7
VN
0
TEXT
8
07_BANG_THONG_KE_COC_BO
10
555.35
20
372.696
30
0.0
40
1.2
1
1
7
VN
0
TEXT
8
07_BANG_THONG_KE_COC_BO
10
562.55
20
372.696
30
0.0
40
1.2
1
350
7
VN
0
TEXT
8
07_BANG_THONG_KE_COC_BO
10
570.65
20
372.696
30
0.0
40
1.2
1
6,5
7
VN
0
TEXT
8
07_BANG_THONG_KE_COC_BO
10
579.65
20
372.696
30
0.0
40
1.2
1
30,2
7
VN
0
TEXT
8
07_BANG_THONG_KE_COC_BO
10
590.45
20
372.696
30
0.0
40
1.2
1
44,6
7
VN
0
TEXT
8
07_BANG_THONG_KE_COC_BO
10
601.25
20
372.696
30
0.0
40
1.2
1
\U+0110\U+1EA0T
7
VN
0
TEXT
8
07_BANG_THONG_KE_COC_BO
10
611.15
20
372.696
30
0.0
40
1.2
1
4\U+03A625 CB400-V
7
VN
0
TEXT
8
07_BANG_THONG_KE_COC_BO
10
627.35
20
372.696
30
0.0
40
1.2
1
XO\U+1EAEN \U+03A68 a150
7
VN
0
TEXT
8
07_BANG_THONG_KE_COC_BO
10
493.25
20
370.056
30
0.0
40
1.2
1
HV-P013
7
VN
0
TEXT
8
07_BANG_THONG_KE_COC_BO
10
505.85
20
370.056
30
0.0
40
1.2
1
B1-D13
7
VN
0
TEXT
8
07_BANG_THONG_KE_COC_BO
10
516.65
20
370.056
30
0.0
40
1.2
1
B\U+00C8 1
7
VN
0
TEXT
8
07_BANG_THONG_KE_COC_BO
10
524.75
20
370.056
30
0.0
40
1.2
1
-236,81
7
VN
0
TEXT
8
07_BANG_THONG_KE_COC_BO
10
535.55
20
370.056
30
0.0
40
1.2
1
75,64
7
VN
0
TEXT
8
07_BANG_THONG_KE_COC_BO
10
546.35
20
370.056
30
0.0
40
1.2
1
384,58
7
VN
0
TEXT
8
07_BANG_THONG_KE_COC_BO
10
555.35
20
370.056
30
0.0
40
1.2
1
1
7
VN
0
TEXT
8
07_BANG_THONG_KE_COC_BO
10
562.55
20
370.056
30
0.0
40
1.2
1
350
7
VN
0
TEXT
8
07_BANG_THONG_KE_COC_BO
10
570.65
20
370.056
30
0.0
40
1.2
1
6,5
7
VN
0
TEXT
8
07_BANG_THONG_KE_COC_BO
10
579.65
20
370.056
30
0.0
40
1.2
1
30,2
7
VN
0
TEXT
8
07_BANG_THONG_KE_COC_BO
10
590.45
20
370.056
30
0.0
40
1.2
1
44,6
7
VN
0
TEXT
8
07_BANG_THONG_KE_COC_BO
10
601.25
20
370.056
30
0.0
40
1.2
1
\U+0110\U+1EA0T
7
VN
0
TEXT
8
07_BANG_THONG_KE_COC_BO
10
611.15
20
370.056
30
0.0
40
1.2
1
4\U+03A625 CB400-V
7
VN
0
TEXT
8
07_BANG_THONG_KE_COC_BO
10
627.35
20
370.056
30
0.0
40
1.2
1
XO\U+1EAEN \U+03A68 a150
7
VN
0
TEXT
8
07_BANG_THONG_KE_COC_BO
10
493.25
20
367.416
30
0.0
40
1.2
1
HV-P014
7
VN
0
TEXT
8
07_BANG_THONG_KE_COC_BO
10
505.85
20
367.416
30
0.0
40
1.2
1
B1-D14
7
VN
0
TEXT
8
07_BANG_THONG_KE_COC_BO
10
516.65
20
367.416
30
0.0
40
1.2
1
B\U+00C8 1
7
VN
0
TEXT
8
07_BANG_THONG_KE_COC_BO
10
524.75
20
367.416
30
0.0
40
1.2
1
-242,11
7
VN
0
TEXT
8
07_BANG_THONG_KE_COC_BO
10
535.55
20
367.416
30
0.0
40
1.2
1
141,14
7
VN
0
TEXT
8
07_BANG_THONG_KE_COC_BO
10
546.35
20
367.416
30
0.0
40
1.2
1
384,18
7
VN
0
TEXT
8
07_BANG_THONG_KE_COC_BO
10
555.35
20
367.416
30
0.0
40
1.2
1
1
7
VN
0
TEXT
8
07_BANG_THONG_KE_COC_BO
10
562.55
20
367.416
30
0.0
40
1.2
1
350
7
VN
0
TEXT
8
07_BANG_THONG_KE_COC_BO
10
570.65
20
367.416
30
0.0
40
1.2
1
6,5
7
VN
0
TEXT
8
07_BANG_THONG_KE_COC_BO
10
579.65
20
367.416
30
0.0
40
1.2
1
30,2
7
VN
0
TEXT
8
07_BANG_THONG_KE_COC_BO
10
590.45
20
367.416
30
0.0
40
1.2
1
44,6
7
VN
0
TEXT
8
07_BANG_THONG_KE_COC_BO
10
601.25
20
367.416
30
0.0
40
1.2
1
\U+0110\U+1EA0T
7
VN
0
TEXT
8
07_BANG_THONG_KE_COC_BO
10
611.15
20
367.416
30
0.0
40
1.2
1
4\U+03A625 CB400-V
7
VN
0
TEXT
8
07_BANG_THONG_KE_COC_BO
10
627.35
20
367.416
30
0.0
40
1.2
1
XO\U+1EAEN \U+03A68 a150
7
VN
0
TEXT
8
07_BANG_THONG_KE_COC_BO
10
493.25
20
364.776
30
0.0
40
1.2
1
HV-P016
7
VN
0
TEXT
8
07_BANG_THONG_KE_COC_BO
10
505.85
20
364.776
30
0.0
40
1.2
1
B1-D16
7
VN
0
TEXT
8
07_BANG_THONG_KE_COC_BO
10
516.65
20
364.776
30
0.0
40
1.2
1
B\U+00C8 1
7
VN
0
TEXT
8
07_BANG_THONG_KE_COC_BO
10
524.75
20
364.776
30
0.0
40
1.2
1
-249,10
7
VN
0
TEXT
8
07_BANG_THONG_KE_COC_BO
10
535.55
20
364.776
30
0.0
40
1.2
1
132,21
7
VN
0
TEXT
8
07_BANG_THONG_KE_COC_BO
10
546.35
20
364.776
30
0.0
40
1.2
1
384,06
7
VN
0
TEXT
8
07_BANG_THONG_KE_COC_BO
10
555.35
20
364.776
30
0.0
40
1.2
1
1
7
VN
0
TEXT
8
07_BANG_THONG_KE_COC_BO
10
562.55
20
364.776
30
0.0
40
1.2
1
350
7
VN
0
TEXT
8
07_BANG_THONG_KE_COC_BO
10
570.65
20
364.776
30
0.0
40
1.2
1
6,5
7
VN
0
TEXT
8
07_BANG_THONG_KE_COC_BO
10
579.65
20
364.776
30
0.0
40
1.2
1
30,2
7
VN
0
TEXT
8
07_BANG_THONG_KE_COC_BO
10
590.45
20
364.776
30
0.0
40
1.2
1
44,6
7
VN
0
TEXT
8
07_BANG_THONG_KE_COC_BO
10
601.25
20
364.776
30
0.0
40
1.2
1
\U+0110\U+1EA0T
7
VN
0
TEXT
8
07_BANG_THONG_KE_COC_BO
10
611.15
20
364.776
30
0.0
40
1.2
1
4\U+03A625 CB400-V
7
VN
0
TEXT
8
07_BANG_THONG_KE_COC_BO
10
627.35
20
364.776
30
0.0
40
1.2
1
XO\U+1EAEN \U+03A68 a150
7
VN
0
TEXT
8
07_BANG_THONG_KE_COC_BO
10
493.25
20
362.136
30
0.0
40
1.2
1
HV-P017
7
VN
0
TEXT
8
07_BANG_THONG_KE_COC_BO
10
505.85
20
362.136
30
0.0
40
1.2
1
B1-D17
7
VN
0
TEXT
8
07_BANG_THONG_KE_COC_BO
10
516.65
20
362.136
30
0.0
40
1.2
1
B\U+00C8 1
7
VN
0
TEXT
8
07_BANG_THONG_KE_COC_BO
10
524.75
20
362.136
30
0.0
40
1.2
1
-143,06
7
VN
0
TEXT
8
07_BANG_THONG_KE_COC_BO
10
535.55
20
362.136
30
0.0
40
1.2
1
104,76
7
VN
0
TEXT
8
07_BANG_THONG_KE_COC_BO
10
546.35
20
362.136
30
0.0
40
1.2
1
384,07
7
VN
0
TEXT
8
07_BANG_THONG_KE_COC_BO
10
555.35
20
362.136
30
0.0
40
1.2
1
1
7
VN
0
TEXT
8
07_BANG_THONG_KE_COC_BO
10
562.55
20
362.136
30
0.0
40
1.2
1
350
7
VN
0
TEXT
8
07_BANG_THONG_KE_COC_BO
10
570.65
20
362.136
30
0.0
40
1.2
1
6,5
7
VN
0
TEXT
8
07_BANG_THONG_KE_COC_BO
10
579.65
20
362.136
30
0.0
40
1.2
1
30,2
7
VN
0
TEXT
8
07_BANG_THONG_KE_COC_BO
10
590.45
20
362.136
30
0.0
40
1.2
1
44,6
7
VN
0
TEXT
8
07_BANG_THONG_KE_COC_BO
10
601.25
20
362.136
30
0.0
40
1.2
1
\U+0110\U+1EA0T
7
VN
0
TEXT
8
07_BANG_THONG_KE_COC_BO
10
611.15
20
362.136
30
0.0
40
1.2
1
4\U+03A625 CB400-V
7
VN
0
TEXT
8
07_BANG_THONG_KE_COC_BO
10
627.35
20
362.136
30
0.0
40
1.2
1
XO\U+1EAEN \U+03A68 a150
7
VN
0
TEXT
8
07_BANG_THONG_KE_COC_BO
10
493.25
20
359.496
30
0.0
40
1.2
1
HV-P018
7
VN
0
TEXT
8
07_BANG_THONG_KE_COC_BO
10
505.85
20
359.496
30
0.0
40
1.2
1
B1-D18
7
VN
0
TEXT
8
07_BANG_THONG_KE_COC_BO
10
516.65
20
359.496
30
0.0
40
1.2
1
B\U+00C8 1
7
VN
0
TEXT
8
07_BANG_THONG_KE_COC_BO
10
524.75
20
359.496
30
0.0
40
1.2
1
-126,11
7
VN
0
TEXT
8
07_BANG_THONG_KE_COC_BO
10
535.55
20
359.496
30
0.0
40
1.2
1
82,01
7
VN
0
TEXT
8
07_BANG_THONG_KE_COC_BO
10
546.35
20
359.496
30
0.0
40
1.2
1
384,07
7
VN
0
TEXT
8
07_BANG_THONG_KE_COC_BO
10
555.35
20
359.496
30
0.0
40
1.2
1
1
7
VN
0
TEXT
8
07_BANG_THONG_KE_COC_BO
10
562.55
20
359.496
30
0.0
40
1.2
1
350
7
VN
0
TEXT
8
07_BANG_THONG_KE_COC_BO
10
570.65
20
359.496
30
0.0
40
1.2
1
6,5
7
VN
0
TEXT
8
07_BANG_THONG_KE_COC_BO
10
579.65
20
359.496
30
0.0
40
1.2
1
30,2
7
VN
0
TEXT
8
07_BANG_THONG_KE_COC_BO
10
590.45
20
359.496
30
0.0
40
1.2
1
44,6
7
VN
0
TEXT
8
07_BANG_THONG_KE_COC_BO
10
601.25
20
359.496
30
0.0
40
1.2
1
\U+0110\U+1EA0T
7
VN
0
TEXT
8
07_BANG_THONG_KE_COC_BO
10
611.15
20
359.496
30
0.0
40
1.2
1
4\U+03A625 CB400-V
7
VN
0
TEXT
8
07_BANG_THONG_KE_COC_BO
10
627.35
20
359.496
30
0.0
40
1.2
1
XO\U+1EAEN \U+03A68 a150
7
VN
0
TEXT
8
07_BANG_THONG_KE_COC_BO
10
493.25
20
356.856
30
0.0
40
1.2
1
HV-P020
7
VN
0
TEXT
8
07_BANG_THONG_KE_COC_BO
10
505.85
20
356.856
30
0.0
40
1.2
1
B2-D01
7
VN
0
TEXT
8
07_BANG_THONG_KE_COC_BO
10
516.65
20
356.856
30
0.0
40
1.2
1
B\U+00C8 2
7
VN
0
TEXT
8
07_BANG_THONG_KE_COC_BO
10
524.75
20
356.856
30
0.0
40
1.2
1
-101,87
7
VN
0
TEXT
8
07_BANG_THONG_KE_COC_BO
10
535.55
20
356.856
30
0.0
40
1.2
1
64,92
7
VN
0
TEXT
8
07_BANG_THONG_KE_COC_BO
10
546.35
20
356.856
30
0.0
40
1.2
1
384,65
7
VN
0
TEXT
8
07_BANG_THONG_KE_COC_BO
10
555.35
20
356.856
30
0.0
40
1.2
1
1
7
VN
0
TEXT
8
07_BANG_THONG_KE_COC_BO
10
562.55
20
356.856
30
0.0
40
1.2
1
350
7
VN
0
TEXT
8
07_BANG_THONG_KE_COC_BO
10
570.65
20
356.856
30
0.0
40
1.2
1
6,5
7
VN
0
TEXT
8
07_BANG_THONG_KE_COC_BO
10
579.65
20
356.856
30
0.0
40
1.2
1
27,8
7
VN
0
TEXT
8
07_BANG_THONG_KE_COC_BO
10
590.45
20
356.856
30
0.0
40
1.2
1
44,6
7
VN
0
TEXT
8
07_BANG_THONG_KE_COC_BO
10
601.25
20
356.856
30
0.0
40
1.2
1
\U+0110\U+1EA0T
7
VN
0
TEXT
8
07_BANG_THONG_KE_COC_BO
10
611.15
20
356.856
30
0.0
40
1.2
1
4\U+03A625 CB400-V
7
VN
0
TEXT
8
07_BANG_THONG_KE_COC_BO
10
627.35
20
356.856
30
0.0
40
1.2
1
XO\U+1EAEN \U+03A68 a150
7
VN
0
TEXT
8
07_BANG_THONG_KE_COC_BO
10
493.25
20
354.216
30
0.0
40
1.2
1
HV-P021
7
VN
0
TEXT
8
07_BANG_THONG_KE_COC_BO
10
505.85
20
354.216
30
0.0
40
1.2
1
B2-D02
7
VN
0
TEXT
8
07_BANG_THONG_KE_COC_BO
10
516.65
20
354.216
30
0.0
40
1.2
1
B\U+00C8 2
7
VN
0
TEXT
8
07_BANG_THONG_KE_COC_BO
10
524.75
20
354.216
30
0.0
40
1.2
1
-20,75
7
VN
0
TEXT
8
07_BANG_THONG_KE_COC_BO
10
535.55
20
354.216
30
0.0
40
1.2
1
30,29
7
VN
0
TEXT
8
07_BANG_THONG_KE_COC_BO
10
546.35
20
354.216
30
0.0
40
1.2
1
384,47
7
VN
0
TEXT
8
07_BANG_THONG_KE_COC_BO
10
555.35
20
354.216
30
0.0
40
1.2
1
1
7
VN
0
TEXT
8
07_BANG_THONG_KE_COC_BO
10
562.55
20
354.216
30
0.0
40
1.2
1
350
7
VN
0
TEXT
8
07_BANG_THONG_KE_COC_BO
10
570.65
20
354.216
30
0.0
40
1.2
1
6,5
7
VN
0
TEXT
8
07_BANG_THONG_KE_COC_BO
10
579.65
20
354.216
30
0.0
40
1.2
1
27,8
7
VN
0
TEXT
8
07_BANG_THONG_KE_COC_BO
10
590.45
20
354.216
30
0.0
40
1.2
1
44,6
7
VN
0
TEXT
8
07_BANG_THONG_KE_COC_BO
10
601.25
20
354.216
30
0.0
40
1.2
1
\U+0110\U+1EA0T
7
VN
0
TEXT
8
07_BANG_THONG_KE_COC_BO
10
611.15
20
354.216
30
0.0
40
1.2
1
4\U+03A625 CB400-V
7
VN
0
TEXT
8
07_BANG_THONG_KE_COC_BO
10
627.35
20
354.216
30
0.0
40
1.2
1
XO\U+1EAEN \U+03A68 a150
7
VN
0
TEXT
8
07_BANG_THONG_KE_COC_BO
10
493.25
20
351.576
30
0.0
40
1.2
1
HV-P022
7
VN
0
TEXT
8
07_BANG_THONG_KE_COC_BO
10
505.85
20
351.576
30
0.0
40
1.2
1
B2-D03
7
VN
0
TEXT
8
07_BANG_THONG_KE_COC_BO
10
516.65
20
351.576
30
0.0
40
1.2
1
B\U+00C8 2
7
VN
0
TEXT
8
07_BANG_THONG_KE_COC_BO
10
524.75
20
351.576
30
0.0
40
1.2
1
-25,24
7
VN
0
TEXT
8
07_BANG_THONG_KE_COC_BO
10
535.55
20
351.576
30
0.0
40
1.2
1
36,13
7
VN
0
TEXT
8
07_BANG_THONG_KE_COC_BO
10
546.35
20
351.576
30
0.0
40
1.2
1
384,71
7
VN
0
TEXT
8
07_BANG_THONG_KE_COC_BO
10
555.35
20
351.576
30
0.0
40
1.2
1
1
7
VN
0
TEXT
8
07_BANG_THONG_KE_COC_BO
10
562.55
20
351.576
30
0.0
40
1.2
1
350
7
VN
0
TEXT
8
07_BANG_THONG_KE_COC_BO
10
570.65
20
351.576
30
0.0
40
1.2
1
6,5
7
VN
0
TEXT
8
07_BANG_THONG_KE_COC_BO
10
579.65
20
351.576
30
0.0
40
1.2
1
27,8
7
VN
0
TEXT
8
07_BANG_THONG_KE_COC_BO
10
590.45
20
351.576
30
0.0
40
1.2
1
44,6
7
VN
0
TEXT
8
07_BANG_THONG_KE_COC_BO
10
601.25
20
351.576
30
0.0
40
1.2
1
\U+0110\U+1EA0T
7
VN
0
TEXT
8
07_BANG_THONG_KE_COC_BO
10
611.15
20
351.576
30
0.0
40
1.2
1
4\U+03A625 CB400-V
7
VN
0
TEXT
8
07_BANG_THONG_KE_COC_BO
10
627.35
20
351.576
30
0.0
40
1.2
1
XO\U+1EAEN \U+03A68 a150
7
VN
0
TEXT
8
07_BANG_THONG_KE_COC_BO
10
493.25
20
348.936
30
0.0
40
1.2
1
HV-P023
7
VN
0
TEXT
8
07_BANG_THONG_KE_COC_BO
10
505.85
20
348.936
30
0.0
40
1.2
1
B2-D04
7
VN
0
TEXT
8
07_BANG_THONG_KE_COC_BO
10
516.65
20
348.936
30
0.0
40
1.2
1
B\U+00C8 2
7
VN
0
TEXT
8
07_BANG_THONG_KE_COC_BO
10
524.75
20
348.936
30
0.0
40
1.2
1
-44,58
7
VN
0
TEXT
8
07_BANG_THONG_KE_COC_BO
10
535.55
20
348.936
30
0.0
40
1.2
1
56,23
7
VN
0
TEXT
8
07_BANG_THONG_KE_COC_BO
10
546.35
20
348.936
30
0.0
40
1.2
1
384,51
7
VN
0
TEXT
8
07_BANG_THONG_KE_COC_BO
10
555.35
20
348.936
30
0.0
40
1.2
1
1
7
VN
0
TEXT
8
07_BANG_THONG_KE_COC_BO
10
562.55
20
348.936
30
0.0
40
1.2
1
350
7
VN
0
TEXT
8
07_BANG_THONG_KE_COC_BO
10
570.65
20
348.936
30
0.0
40
1.2
1
6,5
7
VN
0
TEXT
8
07_BANG_THONG_KE_COC_BO
10
579.65
20
348.936
30
0.0
40
1.2
1
27,8
7
VN
0
TEXT
8
07_BANG_THONG_KE_COC_BO
10
590.45
20
348.936
30
0.0
40
1.2
1
44,6
7
VN
0
TEXT
8
07_BANG_THONG_KE_COC_BO
10
601.25
20
348.936
30
0.0
40
1.2
1
\U+0110\U+1EA0T
7
VN
0
TEXT
8
07_BANG_THONG_KE_COC_BO
10
611.15
20
348.936
30
0.0
40
1.2
1
4\U+03A625 CB400-V
7
VN
0
TEXT
8
07_BANG_THONG_KE_COC_BO
10
627.35
20
348.936
30
0.0
40
1.2
1
XO\U+1EAEN \U+03A68 a150
7
VN
0
TEXT
8
07_BANG_THONG_KE_COC_BO
10
493.25
20
346.296
30
0.0
40
1.2
1
HV-P024
7
VN
0
TEXT
8
07_BANG_THONG_KE_COC_BO
10
505.85
20
346.296
30
0.0
40
1.2
1
B2-D05
7
VN
0
TEXT
8
07_BANG_THONG_KE_COC_BO
10
516.65
20
346.296
30
0.0
40
1.2
1
B\U+00C8 2
7
VN
0
TEXT
8
07_BANG_THONG_KE_COC_BO
10
524.75
20
346.296
30
0.0
40
1.2
1
-86,21
7
VN
0
TEXT
8
07_BANG_THONG_KE_COC_BO
10
535.55
20
346.296
30
0.0
40
1.2
1
65,61
7
VN
0
TEXT
8
07_BANG_THONG_KE_COC_BO
10
546.35
20
346.296
30
0.0
40
1.2
1
384,73
7
VN
0
TEXT
8
07_BANG_THONG_KE_COC_BO
10
555.35
20
346.296
30
0.0
40
1.2
1
1
7
VN
0
TEXT
8
07_BANG_THONG_KE_COC_BO
10
562.55
20
346.296
30
0.0
40
1.2
1
350
7
VN
0
TEXT
8
07_BANG_THONG_KE_COC_BO
10
570.65
20
346.296
30
0.0
40
1.2
1
6,5
7
VN
0
TEXT
8
07_BANG_THONG_KE_COC_BO
10
579.65
20
346.296
30
0.0
40
1.2
1
27,8
7
VN
0
TEXT
8
07_BANG_THONG_KE_COC_BO
10
590.45
20
346.296
30
0.0
40
1.2
1
44,6
7
VN
0
TEXT
8
07_BANG_THONG_KE_COC_BO
10
601.25
20
346.296
30
0.0
40
1.2
1
\U+0110\U+1EA0T
7
VN
0
TEXT
8
07_BANG_THONG_KE_COC_BO
10
611.15
20
346.296
30
0.0
40
1.2
1
4\U+03A625 CB400-V
7
VN
0
TEXT
8
07_BANG_THONG_KE_COC_BO
10
627.35
20
346.296
30
0.0
40
1.2
1
XO\U+1EAEN \U+03A68 a150
7
VN
0
TEXT
8
07_BANG_THONG_KE_COC_BO
10
493.25
20
343.656
30
0.0
40
1.2
1
HV-P025
7
VN
0
TEXT
8
07_BANG_THONG_KE_COC_BO
10
505.85
20
343.656
30
0.0
40
1.2
1
B2-D06
7
VN
0
TEXT
8
07_BANG_THONG_KE_COC_BO
10
516.65
20
343.656
30
0.0
40
1.2
1
B\U+00C8 2
7
VN
0
TEXT
8
07_BANG_THONG_KE_COC_BO
10
524.75
20
343.656
30
0.0
40
1.2
1
-90,73
7
VN
0
TEXT
8
07_BANG_THONG_KE_COC_BO
10
535.55
20
343.656
30
0.0
40
1.2
1
64,76
7
VN
0
TEXT
8
07_BANG_THONG_KE_COC_BO
10
546.35
20
343.656
30
0.0
40
1.2
1
384,84
7
VN
0
TEXT
8
07_BANG_THONG_KE_COC_BO
10
555.35
20
343.656
30
0.0
40
1.2
1
1
7
VN
0
TEXT
8
07_BANG_THONG_KE_COC_BO
10
562.55
20
343.656
30
0.0
40
1.2
1
350
7
VN
0
TEXT
8
07_BANG_THONG_KE_COC_BO
10
570.65
20
343.656
30
0.0
40
1.2
1
6,5
7
VN
0
TEXT
8
07_BANG_THONG_KE_COC_BO
10
579.65
20
343.656
30
0.0
40
1.2
1
27,8
7
VN
0
TEXT
8
07_BANG_THONG_KE_COC_BO
10
590.45
20
343.656
30
0.0
40
1.2
1
44,6
7
VN
0
TEXT
8
07_BANG_THONG_KE_COC_BO
10
601.25
20
343.656
30
0.0
40
1.2
1
\U+0110\U+1EA0T
7
VN
0
TEXT
8
07_BANG_THONG_KE_COC_BO
10
611.15
20
343.656
30
0.0
40
1.2
1
4\U+03A625 CB400-V
7
VN
0
TEXT
8
07_BANG_THONG_KE_COC_BO
10
627.35
20
343.656
30
0.0
40
1.2
1
XO\U+1EAEN \U+03A68 a150
7
VN
0
TEXT
8
07_BANG_THONG_KE_COC_BO
10
493.25
20
341.016
30
0.0
40
1.2
1
HV-P026
7
VN
0
TEXT
8
07_BANG_THONG_KE_COC_BO
10
505.85
20
341.016
30
0.0
40
1.2
1
B2-D07
7
VN
0
TEXT
8
07_BANG_THONG_KE_COC_BO
10
516.65
20
341.016
30
0.0
40
1.2
1
B\U+00C8 2
7
VN
0
TEXT
8
07_BANG_THONG_KE_COC_BO
10
524.75
20
341.016
30
0.0
40
1.2
1
-92,95
7
VN
0
TEXT
8
07_BANG_THONG_KE_COC_BO
10
535.55
20
341.016
30
0.0
40
1.2
1
-26,70
7
VN
0
TEXT
8
07_BANG_THONG_KE_COC_BO
10
546.35
20
341.016
30
0.0
40
1.2
1
384,13
7
VN
0
TEXT
8
07_BANG_THONG_KE_COC_BO
10
555.35
20
341.016
30
0.0
40
1.2
1
1
7
VN
0
TEXT
8
07_BANG_THONG_KE_COC_BO
10
562.55
20
341.016
30
0.0
40
1.2
1
350
7
VN
0
TEXT
8
07_BANG_THONG_KE_COC_BO
10
570.65
20
341.016
30
0.0
40
1.2
1
6,5
7
VN
0
TEXT
8
07_BANG_THONG_KE_COC_BO
10
579.65
20
341.016
30
0.0
40
1.2
1
27,8
7
VN
0
TEXT
8
07_BANG_THONG_KE_COC_BO
10
590.45
20
341.016
30
0.0
40
1.2
1
44,6
7
VN
0
TEXT
8
07_BANG_THONG_KE_COC_BO
10
601.25
20
341.016
30
0.0
40
1.2
1
\U+0110\U+1EA0T
7
VN
0
TEXT
8
07_BANG_THONG_KE_COC_BO
10
611.15
20
341.016
30
0.0
40
1.2
1
4\U+03A625 CB400-V
7
VN
0
TEXT
8
07_BANG_THONG_KE_COC_BO
10
627.35
20
341.016
30
0.0
40
1.2
1
XO\U+1EAEN \U+03A68 a150
7
VN
0
TEXT
8
07_BANG_THONG_KE_COC_BO
10
493.25
20
338.376
30
0.0
40
1.2
1
HV-P027
7
VN
0
TEXT
8
07_BANG_THONG_KE_COC_BO
10
505.85
20
338.376
30
0.0
40
1.2
1
B2-D08
7
VN
0
TEXT
8
07_BANG_THONG_KE_COC_BO
10
516.65
20
338.376
30
0.0
40
1.2
1
B\U+00C8 2
7
VN
0
TEXT
8
07_BANG_THONG_KE_COC_BO
10
524.75
20
338.376
30
0.0
40
1.2
1
-86,78
7
VN
0
TEXT
8
07_BANG_THONG_KE_COC_BO
10
535.55
20
338.376
30
0.0
40
1.2
1
-32,68
7
VN
0
TEXT
8
07_BANG_THONG_KE_COC_BO
10
546.35
20
338.376
30
0.0
40
1.2
1
384,44
7
VN
0
TEXT
8
07_BANG_THONG_KE_COC_BO
10
555.35
20
338.376
30
0.0
40
1.2
1
1
7
VN
0
TEXT
8
07_BANG_THONG_KE_COC_BO
10
562.55
20
338.376
30
0.0
40
1.2
1
350
7
VN
0
TEXT
8
07_BANG_THONG_KE_COC_BO
10
570.65
20
338.376
30
0.0
40
1.2
1
6,5
7
VN
0
TEXT
8
07_BANG_THONG_KE_COC_BO
10
579.65
20
338.376
30
0.0
40
1.2
1
27,8
7
VN
0
TEXT
8
07_BANG_THONG_KE_COC_BO
10
590.45
20
338.376
30
0.0
40
1.2
1
44,6
7
VN
0
TEXT
8
07_BANG_THONG_KE_COC_BO
10
601.25
20
338.376
30
0.0
40
1.2
1
\U+0110\U+1EA0T
7
VN
0
TEXT
8
07_BANG_THONG_KE_COC_BO
10
611.15
20
338.376
30
0.0
40
1.2
1
4\U+03A625 CB400-V
7
VN
0
TEXT
8
07_BANG_THONG_KE_COC_BO
10
627.35
20
338.376
30
0.0
40
1.2
1
XO\U+1EAEN \U+03A68 a150
7
VN
0
TEXT
8
07_BANG_THONG_KE_COC_BO
10
493.25
20
335.736
30
0.0
40
1.2
1
HV-P028
7
VN
0
TEXT
8
07_BANG_THONG_KE_COC_BO
10
505.85
20
335.736
30
0.0
40
1.2
1
B2-D09
7
VN
0
TEXT
8
07_BANG_THONG_KE_COC_BO
10
516.65
20
335.736
30
0.0
40
1.2
1
B\U+00C8 2
7
VN
0
TEXT
8
07_BANG_THONG_KE_COC_BO
10
524.75
20
335.736
30
0.0
40
1.2
1
-75,90
7
VN
0
TEXT
8
07_BANG_THONG_KE_COC_BO
10
535.55
20
335.736
30
0.0
40
1.2
1
-40,38
7
VN
0
TEXT
8
07_BANG_THONG_KE_COC_BO
10
546.35
20
335.736
30
0.0
40
1.2
1
383,96
7
VN
0
TEXT
8
07_BANG_THONG_KE_COC_BO
10
555.35
20
335.736
30
0.0
40
1.2
1
1
7
VN
0
TEXT
8
07_BANG_THONG_KE_COC_BO
10
562.55
20
335.736
30
0.0
40
1.2
1
350
7
VN
0
TEXT
8
07_BANG_THONG_KE_COC_BO
10
570.65
20
335.736
30
0.0
40
1.2
1
6,5
7
VN
0
TEXT
8
07_BANG_THONG_KE_COC_BO
10
579.65
20
335.736
30
0.0
40
1.2
1
27,8
7
VN
0
TEXT
8
07_BANG_THONG_KE_COC_BO
10
590.45
20
335.736
30
0.0
40
1.2
1
44,6
7
VN
0
TEXT
8
07_BANG_THONG_KE_COC_BO
10
601.25
20
335.736
30
0.0
40
1.2
1
\U+0110\U+1EA0T
7
VN
0
TEXT
8
07_BANG_THONG_KE_COC_BO
10
611.15
20
335.736
30
0.0
40
1.2
1
4\U+03A625 CB400-V
7
VN
0
TEXT
8
07_BANG_THONG_KE_COC_BO
10
627.35
20
335.736
30
0.0
40
1.2
1
XO\U+1EAEN \U+03A68 a150
7
VN
0
TEXT
8
07_BANG_THONG_KE_COC_BO
10
493.25
20
333.096
30
0.0
40
1.2
1
HV-P029
7
VN
0
TEXT
8
07_BANG_THONG_KE_COC_BO
10
505.85
20
333.096
30
0.0
40
1.2
1
B2-D10
7
VN
0
TEXT
8
07_BANG_THONG_KE_COC_BO
10
516.65
20
333.096
30
0.0
40
1.2
1
B\U+00C8 2
7
VN
0
TEXT
8
07_BANG_THONG_KE_COC_BO
10
524.75
20
333.096
30
0.0
40
1.2
1
-154,43
7
VN
0
TEXT
8
07_BANG_THONG_KE_COC_BO
10
535.55
20
333.096
30
0.0
40
1.2
1
14,11
7
VN
0
TEXT
8
07_BANG_THONG_KE_COC_BO
10
546.35
20
333.096
30
0.0
40
1.2
1
384,49
7
VN
0
TEXT
8
07_BANG_THONG_KE_COC_BO
10
555.35
20
333.096
30
0.0
40
1.2
1
1
7
VN
0
TEXT
8
07_BANG_THONG_KE_COC_BO
10
562.55
20
333.096
30
0.0
40
1.2
1
350
7
VN
0
TEXT
8
07_BANG_THONG_KE_COC_BO
10
570.65
20
333.096
30
0.0
40
1.2
1
6,5
7
VN
0
TEXT
8
07_BANG_THONG_KE_COC_BO
10
579.65
20
333.096
30
0.0
40
1.2
1
27,8
7
VN
0
TEXT
8
07_BANG_THONG_KE_COC_BO
10
590.45
20
333.096
30
0.0
40
1.2
1
44,6
7
VN
0
TEXT
8
07_BANG_THONG_KE_COC_BO
10
601.25
20
333.096
30
0.0
40
1.2
1
\U+0110\U+1EA0T
7
VN
0
TEXT
8
07_BANG_THONG_KE_COC_BO
10
611.15
20
333.096
30
0.0
40
1.2
1
4\U+03A625 CB400-V
7
VN
0
TEXT
8
07_BANG_THONG_KE_COC_BO
10
627.35
20
333.096
30
0.0
40
1.2
1
XO\U+1EAEN \U+03A68 a150
7
VN
0
TEXT
8
07_BANG_THONG_KE_COC_BO
10
493.25
20
330.456
30
0.0
40
1.2
1
HV-P030
7
VN
0
TEXT
8
07_BANG_THONG_KE_COC_BO
10
505.85
20
330.456
30
0.0
40
1.2
1
B2-D11
7
VN
0
TEXT
8
07_BANG_THONG_KE_COC_BO
10
516.65
20
330.456
30
0.0
40
1.2
1
B\U+00C8 2
7
VN
0
TEXT
8
07_BANG_THONG_KE_COC_BO
10
524.75
20
330.456
30
0.0
40
1.2
1
-110,01
7
VN
0
TEXT
8
07_BANG_THONG_KE_COC_BO
10
535.55
20
330.456
30
0.0
40
1.2
1
-25,18
7
VN
0
TEXT
8
07_BANG_THONG_KE_COC_BO
10
546.35
20
330.456
30
0.0
40
1.2
1
384,08
7
VN
0
TEXT
8
07_BANG_THONG_KE_COC_BO
10
555.35
20
330.456
30
0.0
40
1.2
1
1
7
VN
0
TEXT
8
07_BANG_THONG_KE_COC_BO
10
562.55
20
330.456
30
0.0
40
1.2
1
350
7
VN
0
TEXT
8
07_BANG_THONG_KE_COC_BO
10
570.65
20
330.456
30
0.0
40
1.2
1
6,5
7
VN
0
TEXT
8
07_BANG_THONG_KE_COC_BO
10
579.65
20
330.456
30
0.0
40
1.2
1
27,8
7
VN
0
TEXT
8
07_BANG_THONG_KE_COC_BO
10
590.45
20
330.456
30
0.0
40
1.2
1
44,6
7
VN
0
TEXT
8
07_BANG_THONG_KE_COC_BO
10
601.25
20
330.456
30
0.0
40
1.2
1
\U+0110\U+1EA0T
7
VN
0
TEXT
8
07_BANG_THONG_KE_COC_BO
10
611.15
20
330.456
30
0.0
40
1.2
1
4\U+03A625 CB400-V
7
VN
0
TEXT
8
07_BANG_THONG_KE_COC_BO
10
627.35
20
330.456
30
0.0
40
1.2
1
XO\U+1EAEN \U+03A68 a150
7
VN
0
TEXT
8
07_BANG_THONG_KE_COC_BO
10
493.25
20
327.816
30
0.0
40
1.2
1
HV-P033
7
VN
0
TEXT
8
07_BANG_THONG_KE_COC_BO
10
505.85
20
327.816
30
0.0
40
1.2
1
B2-D14
7
VN
0
TEXT
8
07_BANG_THONG_KE_COC_BO
10
516.65
20
327.816
30
0.0
40
1.2
1
B\U+00C8 2
7
VN
0
TEXT
8
07_BANG_THONG_KE_COC_BO
10
524.75
20
327.816
30
0.0
40
1.2
1
-81,11
7
VN
0
TEXT
8
07_BANG_THONG_KE_COC_BO
10
535.55
20
327.816
30
0.0
40
1.2
1
65,62
7
VN
0
TEXT
8
07_BANG_THONG_KE_COC_BO
10
546.35
20
327.816
30
0.0
40
1.2
1
384,09
7
VN
0
TEXT
8
07_BANG_THONG_KE_COC_BO
10
555.35
20
327.816
30
0.0
40
1.2
1
1
7
VN
0
TEXT
8
07_BANG_THONG_KE_COC_BO
10
562.55
20
327.816
30
0.0
40
1.2
1
350
7
VN
0
TEXT
8
07_BANG_THONG_KE_COC_BO
10
570.65
20
327.816
30
0.0
40
1.2
1
6,5
7
VN
0
TEXT
8
07_BANG_THONG_KE_COC_BO
10
579.65
20
327.816
30
0.0
40
1.2
1
27,8
7
VN
0
TEXT
8
07_BANG_THONG_KE_COC_BO
10
590.45
20
327.816
30
0.0
40
1.2
1
44,6
7
VN
0
TEXT
8
07_BANG_THONG_KE_COC_BO
10
601.25
20
327.816
30
0.0
40
1.2
1
\U+0110\U+1EA0T
7
VN
0
TEXT
8
07_BANG_THONG_KE_COC_BO
10
611.15
20
327.816
30
0.0
40
1.2
1
4\U+03A625 CB400-V
7
VN
0
TEXT
8
07_BANG_THONG_KE_COC_BO
10
627.35
20
327.816
30
0.0
40
1.2
1
XO\U+1EAEN \U+03A68 a150
7
VN
0
TEXT
8
07_BANG_THONG_KE_COC_BO
10
493.25
20
325.176
30
0.0
40
1.2
1
HV-P034
7
VN
0
TEXT
8
07_BANG_THONG_KE_COC_BO
10
505.85
20
325.176
30
0.0
40
1.2
1
B2-D15
7
VN
0
TEXT
8
07_BANG_THONG_KE_COC_BO
10
516.65
20
325.176
30
0.0
40
1.2
1
B\U+00C8 2
7
VN
0
TEXT
8
07_BANG_THONG_KE_COC_BO
10
524.75
20
325.176
30
0.0
40
1.2
1
-102,01
7
VN
0
TEXT
8
07_BANG_THONG_KE_COC_BO
10
535.55
20
325.176
30
0.0
40
1.2
1
-21,55
7
VN
0
TEXT
8
07_BANG_THONG_KE_COC_BO
10
546.35
20
325.176
30
0.0
40
1.2
1
384,14
7
VN
0
TEXT
8
07_BANG_THONG_KE_COC_BO
10
555.35
20
325.176
30
0.0
40
1.2
1
1
7
VN
0
TEXT
8
07_BANG_THONG_KE_COC_BO
10
562.55
20
325.176
30
0.0
40
1.2
1
350
7
VN
0
TEXT
8
07_BANG_THONG_KE_COC_BO
10
570.65
20
325.176
30
0.0
40
1.2
1
6,5
7
VN
0
TEXT
8
07_BANG_THONG_KE_COC_BO
10
579.65
20
325.176
30
0.0
40
1.2
1
27,8
7
VN
0
TEXT
8
07_BANG_THONG_KE_COC_BO
10
590.45
20
325.176
30
0.0
40
1.2
1
44,6
7
VN
0
TEXT
8
07_BANG_THONG_KE_COC_BO
10
601.25
20
325.176
30
0.0
40
1.2
1
\U+0110\U+1EA0T
7
VN
0
TEXT
8
07_BANG_THONG_KE_COC_BO
10
611.15
20
325.176
30
0.0
40
1.2
1
4\U+03A625 CB400-V
7
VN
0
TEXT
8
07_BANG_THONG_KE_COC_BO
10
627.35
20
325.176
30
0.0
40
1.2
1
XO\U+1EAEN \U+03A68 a150
7
VN
0
TEXT
8
07_BANG_THONG_KE_COC_BO
10
493.25
20
322.536
30
0.0
40
1.2
1
HV-P035
7
VN
0
TEXT
8
07_BANG_THONG_KE_COC_BO
10
505.85
20
322.536
30
0.0
40
1.2
1
B2-D16
7
VN
0
TEXT
8
07_BANG_THONG_KE_COC_BO
10
516.65
20
322.536
30
0.0
40
1.2
1
B\U+00C8 2
7
VN
0
TEXT
8
07_BANG_THONG_KE_COC_BO
10
524.75
20
322.536
30
0.0
40
1.2
1
-161,76
7
VN
0
TEXT
8
07_BANG_THONG_KE_COC_BO
10
535.55
20
322.536
30
0.0
40
1.2
1
-2,49
7
VN
0
TEXT
8
07_BANG_THONG_KE_COC_BO
10
546.35
20
322.536
30
0.0
40
1.2
1
384,08
7
VN
0
TEXT
8
07_BANG_THONG_KE_COC_BO
10
555.35
20
322.536
30
0.0
40
1.2
1
1
7
VN
0
TEXT
8
07_BANG_THONG_KE_COC_BO
10
562.55
20
322.536
30
0.0
40
1.2
1
350
7
VN
0
TEXT
8
07_BANG_THONG_KE_COC_BO
10
570.65
20
322.536
30
0.0
40
1.2
1
6,5
7
VN
0
TEXT
8
07_BANG_THONG_KE_COC_BO
10
579.65
20
322.536
30
0.0
40
1.2
1
27,8
7
VN
0
TEXT
8
07_BANG_THONG_KE_COC_BO
10
590.45
20
322.536
30
0.0
40
1.2
1
44,6
7
VN
0
TEXT
8
07_BANG_THONG_KE_COC_BO
10
601.25
20
322.536
30
0.0
40
1.2
1
\U+0110\U+1EA0T
7
VN
0
TEXT
8
07_BANG_THONG_KE_COC_BO
10
611.15
20
322.536
30
0.0
40
1.2
1
4\U+03A625 CB400-V
7
VN
0
TEXT
8
07_BANG_THONG_KE_COC_BO
10
627.35
20
322.536
30
0.0
40
1.2
1
XO\U+1EAEN \U+03A68 a150
7
VN
0
TEXT
8
07_BANG_THONG_KE_COC_BO
10
493.25
20
319.896
30
0.0
40
1.2
1
HV-P038
7
VN
0
TEXT
8
07_BANG_THONG_KE_COC_BO
10
505.85
20
319.896
30
0.0
40
1.2
1
B2-D19
7
VN
0
TEXT
8
07_BANG_THONG_KE_COC_BO
10
516.65
20
319.896
30
0.0
40
1.2
1
B\U+00C8 2
7
VN
0
TEXT
8
07_BANG_THONG_KE_COC_BO
10
524.75
20
319.896
30
0.0
40
1.2
1
-35,07
7
VN
0
TEXT
8
07_BANG_THONG_KE_COC_BO
10
535.55
20
319.896
30
0.0
40
1.2
1
46,08
7
VN
0
TEXT
8
07_BANG_THONG_KE_COC_BO
10
546.35
20
319.896
30
0.0
40
1.2
1
384,02
7
VN
0
TEXT
8
07_BANG_THONG_KE_COC_BO
10
555.35
20
319.896
30
0.0
40
1.2
1
1
7
VN
0
TEXT
8
07_BANG_THONG_KE_COC_BO
10
562.55
20
319.896
30
0.0
40
1.2
1
350
7
VN
0
TEXT
8
07_BANG_THONG_KE_COC_BO
10
570.65
20
319.896
30
0.0
40
1.2
1
6,5
7
VN
0
TEXT
8
07_BANG_THONG_KE_COC_BO
10
579.65
20
319.896
30
0.0
40
1.2
1
27,8
7
VN
0
TEXT
8
07_BANG_THONG_KE_COC_BO
10
590.45
20
319.896
30
0.0
40
1.2
1
44,6
7
VN
0
TEXT
8
07_BANG_THONG_KE_COC_BO
10
601.25
20
319.896
30
0.0
40
1.2
1
\U+0110\U+1EA0T
7
VN
0
TEXT
8
07_BANG_THONG_KE_COC_BO
10
611.15
20
319.896
30
0.0
40
1.2
1
4\U+03A625 CB400-V
7
VN
0
TEXT
8
07_BANG_THONG_KE_COC_BO
10
627.35
20
319.896
30
0.0
40
1.2
1
XO\U+1EAEN \U+03A68 a150
7
VN
0
TEXT
8
07_BANG_THONG_KE_COC_BO
10
493.25
20
317.256
30
0.0
40
1.2
1
HV-P040
7
VN
0
TEXT
8
07_BANG_THONG_KE_COC_BO
10
505.85
20
317.256
30
0.0
40
1.2
1
B3-D01
7
VN
0
TEXT
8
07_BANG_THONG_KE_COC_BO
10
516.65
20
317.256
30
0.0
40
1.2
1
B\U+00C8 3
7
VN
0
TEXT
8
07_BANG_THONG_KE_COC_BO
10
524.75
20
317.256
30
0.0
40
1.2
1
24,14
7
VN
0
TEXT
8
07_BANG_THONG_KE_COC_BO
10
535.55
20
317.256
30
0.0
40
1.2
1
-13,54
7
VN
0
TEXT
8
07_BANG_THONG_KE_COC_BO
10
546.35
20
317.256
30
0.0
40
1.2
1
385,04
7
VN
0
TEXT
8
07_BANG_THONG_KE_COC_BO
10
555.35
20
317.256
30
0.0
40
1.2
1
1
7
VN
0
TEXT
8
07_BANG_THONG_KE_COC_BO
10
562.55
20
317.256
30
0.0
40
1.2
1
350
7
VN
0
TEXT
8
07_BANG_THONG_KE_COC_BO
10
570.65
20
317.256
30
0.0
40
1.2
1
6,5
7
VN
0
TEXT
8
07_BANG_THONG_KE_COC_BO
10
579.65
20
317.256
30
0.0
40
1.2
1
38,6
7
VN
0
TEXT
8
07_BANG_THONG_KE_COC_BO
10
590.45
20
317.256
30
0.0
40
1.2
1
44,6
7
VN
0
TEXT
8
07_BANG_THONG_KE_COC_BO
10
601.25
20
317.256
30
0.0
40
1.2
1
\U+0110\U+1EA0T
7
VN
0
TEXT
8
07_BANG_THONG_KE_COC_BO
10
611.15
20
317.256
30
0.0
40
1.2
1
4\U+03A625 CB400-V
7
VN
0
TEXT
8
07_BANG_THONG_KE_COC_BO
10
627.35
20
317.256
30
0.0
40
1.2
1
XO\U+1EAEN \U+03A68 a150
7
VN
0
TEXT
8
07_BANG_THONG_KE_COC_BO
10
493.25
20
314.616
30
0.0
40
1.2
1
HV-P041
7
VN
0
TEXT
8
07_BANG_THONG_KE_COC_BO
10
505.85
20
314.616
30
0.0
40
1.2
1
B3-D02
7
VN
0
TEXT
8
07_BANG_THONG_KE_COC_BO
10
516.65
20
314.616
30
0.0
40
1.2
1
B\U+00C8 3
7
VN
0
TEXT
8
07_BANG_THONG_KE_COC_BO
10
524.75
20
314.616
30
0.0
40
1.2
1
50,13
7
VN
0
TEXT
8
07_BANG_THONG_KE_COC_BO
10
535.55
20
314.616
30
0.0
40
1.2
1
-84,42
7
VN
0
TEXT
8
07_BANG_THONG_KE_COC_BO
10
546.35
20
314.616
30
0.0
40
1.2
1
384,55
7
VN
0
TEXT
8
07_BANG_THONG_KE_COC_BO
10
555.35
20
314.616
30
0.0
40
1.2
1
1
7
VN
0
TEXT
8
07_BANG_THONG_KE_COC_BO
10
562.55
20
314.616
30
0.0
40
1.2
1
350
7
VN
0
TEXT
8
07_BANG_THONG_KE_COC_BO
10
570.65
20
314.616
30
0.0
40
1.2
1
6,5
7
VN
0
TEXT
8
07_BANG_THONG_KE_COC_BO
10
579.65
20
314.616
30
0.0
40
1.2
1
38,6
7
VN
0
TEXT
8
07_BANG_THONG_KE_COC_BO
10
590.45
20
314.616
30
0.0
40
1.2
1
44,6
7
VN
0
TEXT
8
07_BANG_THONG_KE_COC_BO
10
601.25
20
314.616
30
0.0
40
1.2
1
\U+0110\U+1EA0T
7
VN
0
TEXT
8
07_BANG_THONG_KE_COC_BO
10
611.15
20
314.616
30
0.0
40
1.2
1
4\U+03A625 CB400-V
7
VN
0
TEXT
8
07_BANG_THONG_KE_COC_BO
10
627.35
20
314.616
30
0.0
40
1.2
1
XO\U+1EAEN \U+03A68 a150
7
VN
0
TEXT
8
07_BANG_THONG_KE_COC_BO
10
493.25
20
311.976
30
0.0
40
1.2
1
HV-P042
7
VN
0
TEXT
8
07_BANG_THONG_KE_COC_BO
10
505.85
20
311.976
30
0.0
40
1.2
1
B3-D03
7
VN
0
TEXT
8
07_BANG_THONG_KE_COC_BO
10
516.65
20
311.976
30
0.0
40
1.2
1
B\U+00C8 3
7
VN
0
TEXT
8
07_BANG_THONG_KE_COC_BO
10
524.75
20
311.976
30
0.0
40
1.2
1
45,42
7
VN
0
TEXT
8
07_BANG_THONG_KE_COC_BO
10
535.55
20
311.976
30
0.0
40
1.2
1
-70,66
7
VN
0
TEXT
8
07_BANG_THONG_KE_COC_BO
10
546.35
20
311.976
30
0.0
40
1.2
1
384,50
7
VN
0
TEXT
8
07_BANG_THONG_KE_COC_BO
10
555.35
20
311.976
30
0.0
40
1.2
1
1
7
VN
0
TEXT
8
07_BANG_THONG_KE_COC_BO
10
562.55
20
311.976
30
0.0
40
1.2
1
350
7
VN
0
TEXT
8
07_BANG_THONG_KE_COC_BO
10
570.65
20
311.976
30
0.0
40
1.2
1
6,5
7
VN
0
TEXT
8
07_BANG_THONG_KE_COC_BO
10
579.65
20
311.976
30
0.0
40
1.2
1
38,6
7
VN
0
TEXT
8
07_BANG_THONG_KE_COC_BO
10
590.45
20
311.976
30
0.0
40
1.2
1
44,6
7
VN
0
TEXT
8
07_BANG_THONG_KE_COC_BO
10
601.25
20
311.976
30
0.0
40
1.2
1
\U+0110\U+1EA0T
7
VN
0
TEXT
8
07_BANG_THONG_KE_COC_BO
10
611.15
20
311.976
30
0.0
40
1.2
1
4\U+03A625 CB400-V
7
VN
0
TEXT
8
07_BANG_THONG_KE_COC_BO
10
627.35
20
311.976
30
0.0
40
1.2
1
XO\U+1EAEN \U+03A68 a150
7
VN
0
TEXT
8
07_BANG_THONG_KE_COC_BO
10
493.25
20
309.336
30
0.0
40
1.2
1
HV-P043
7
VN
0
TEXT
8
07_BANG_THONG_KE_COC_BO
10
505.85
20
309.336
30
0.0
40
1.2
1
B3-D04
7
VN
0
TEXT
8
07_BANG_THONG_KE_COC_BO
10
516.65
20
309.336
30
0.0
40
1.2
1
B\U+00C8 3
7
VN
0
TEXT
8
07_BANG_THONG_KE_COC_BO
10
524.75
20
309.336
30
0.0
40
1.2
1
40,02
7
VN
0
TEXT
8
07_BANG_THONG_KE_COC_BO
10
535.55
20
309.336
30
0.0
40
1.2
1
-55,97
7
VN
0
TEXT
8
07_BANG_THONG_KE_COC_BO
10
546.35
20
309.336
30
0.0
40
1.2
1
384,95
7
VN
0
TEXT
8
07_BANG_THONG_KE_COC_BO
10
555.35
20
309.336
30
0.0
40
1.2
1
1
7
VN
0
TEXT
8
07_BANG_THONG_KE_COC_BO
10
562.55
20
309.336
30
0.0
40
1.2
1
350
7
VN
0
TEXT
8
07_BANG_THONG_KE_COC_BO
10
570.65
20
309.336
30
0.0
40
1.2
1
6,5
7
VN
0
TEXT
8
07_BANG_THONG_KE_COC_BO
10
579.65
20
309.336
30
0.0
40
1.2
1
38,6
7
VN
0
TEXT
8
07_BANG_THONG_KE_COC_BO
10
590.45
20
309.336
30
0.0
40
1.2
1
44,6
7
VN
0
TEXT
8
07_BANG_THONG_KE_COC_BO
10
601.25
20
309.336
30
0.0
40
1.2
1
\U+0110\U+1EA0T
7
VN
0
TEXT
8
07_BANG_THONG_KE_COC_BO
10
611.15
20
309.336
30
0.0
40
1.2
1
4\U+03A625 CB400-V
7
VN
0
TEXT
8
07_BANG_THONG_KE_COC_BO
10
627.35
20
309.336
30
0.0
40
1.2
1
XO\U+1EAEN \U+03A68 a150
7
VN
0
TEXT
8
07_BANG_THONG_KE_COC_BO
10
493.25
20
306.696
30
0.0
40
1.2
1
HV-P044
7
VN
0
TEXT
8
07_BANG_THONG_KE_COC_BO
10
505.85
20
306.696
30
0.0
40
1.2
1
B3-D05
7
VN
0
TEXT
8
07_BANG_THONG_KE_COC_BO
10
516.65
20
306.696
30
0.0
40
1.2
1
B\U+00C8 3
7
VN
0
TEXT
8
07_BANG_THONG_KE_COC_BO
10
524.75
20
306.696
30
0.0
40
1.2
1
36,15
7
VN
0
TEXT
8
07_BANG_THONG_KE_COC_BO
10
535.55
20
306.696
30
0.0
40
1.2
1
-40,80
7
VN
0
TEXT
8
07_BANG_THONG_KE_COC_BO
10
546.35
20
306.696
30
0.0
40
1.2
1
384,24
7
VN
0
TEXT
8
07_BANG_THONG_KE_COC_BO
10
555.35
20
306.696
30
0.0
40
1.2
1
1
7
VN
0
TEXT
8
07_BANG_THONG_KE_COC_BO
10
562.55
20
306.696
30
0.0
40
1.2
1
350
7
VN
0
TEXT
8
07_BANG_THONG_KE_COC_BO
10
570.65
20
306.696
30
0.0
40
1.2
1
6,5
7
VN
0
TEXT
8
07_BANG_THONG_KE_COC_BO
10
579.65
20
306.696
30
0.0
40
1.2
1
38,6
7
VN
0
TEXT
8
07_BANG_THONG_KE_COC_BO
10
590.45
20
306.696
30
0.0
40
1.2
1
44,6
7
VN
0
TEXT
8
07_BANG_THONG_KE_COC_BO
10
601.25
20
306.696
30
0.0
40
1.2
1
\U+0110\U+1EA0T
7
VN
0
TEXT
8
07_BANG_THONG_KE_COC_BO
10
611.15
20
306.696
30
0.0
40
1.2
1
4\U+03A625 CB400-V
7
VN
0
TEXT
8
07_BANG_THONG_KE_COC_BO
10
627.35
20
306.696
30
0.0
40
1.2
1
XO\U+1EAEN \U+03A68 a150
7
VN
0
TEXT
8
07_BANG_THONG_KE_COC_BO
10
493.25
20
304.056
30
0.0
40
1.2
1
HV-P045
7
VN
0
TEXT
8
07_BANG_THONG_KE_COC_BO
10
505.85
20
304.056
30
0.0
40
1.2
1
B3-D06
7
VN
0
TEXT
8
07_BANG_THONG_KE_COC_BO
10
516.65
20
304.056
30
0.0
40
1.2
1
B\U+00C8 3
7
VN
0
TEXT
8
07_BANG_THONG_KE_COC_BO
10
524.75
20
304.056
30
0.0
40
1.2
1
36,91
7
VN
0
TEXT
8
07_BANG_THONG_KE_COC_BO
10
535.55
20
304.056
30
0.0
40
1.2
1
-43,91
7
VN
0
TEXT
8
07_BANG_THONG_KE_COC_BO
10
546.35
20
304.056
30
0.0
40
1.2
1
384,49
7
VN
0
TEXT
8
07_BANG_THONG_KE_COC_BO
10
555.35
20
304.056
30
0.0
40
1.2
1
1
7
VN
0
TEXT
8
07_BANG_THONG_KE_COC_BO
10
562.55
20
304.056
30
0.0
40
1.2
1
350
7
VN
0
TEXT
8
07_BANG_THONG_KE_COC_BO
10
570.65
20
304.056
30
0.0
40
1.2
1
6,5
7
VN
0
TEXT
8
07_BANG_THONG_KE_COC_BO
10
579.65
20
304.056
30
0.0
40
1.2
1
38,6
7
VN
0
TEXT
8
07_BANG_THONG_KE_COC_BO
10
590.45
20
304.056
30
0.0
40
1.2
1
44,6
7
VN
0
TEXT
8
07_BANG_THONG_KE_COC_BO
10
601.25
20
304.056
30
0.0
40
1.2
1
\U+0110\U+1EA0T
7
VN
0
TEXT
8
07_BANG_THONG_KE_COC_BO
10
611.15
20
304.056
30
0.0
40
1.2
1
4\U+03A625 CB400-V
7
VN
0
TEXT
8
07_BANG_THONG_KE_COC_BO
10
627.35
20
304.056
30
0.0
40
1.2
1
XO\U+1EAEN \U+03A68 a150
7
VN
0
TEXT
8
07_BANG_THONG_KE_COC_BO
10
493.25
20
301.416
30
0.0
40
1.2
1
HV-P046
7
VN
0
TEXT
8
07_BANG_THONG_KE_COC_BO
10
505.85
20
301.416
30
0.0
40
1.2
1
B3-D07
7
VN
0
TEXT
8
07_BANG_THONG_KE_COC_BO
10
516.65
20
301.416
30
0.0
40
1.2
1
B\U+00C8 3
7
VN
0
TEXT
8
07_BANG_THONG_KE_COC_BO
10
524.75
20
301.416
30
0.0
40
1.2
1
-67,33
7
VN
0
TEXT
8
07_BANG_THONG_KE_COC_BO
10
535.55
20
301.416
30
0.0
40
1.2
1
-58,38
7
VN
0
TEXT
8
07_BANG_THONG_KE_COC_BO
10
546.35
20
301.416
30
0.0
40
1.2
1
384,30
7
VN
0
TEXT
8
07_BANG_THONG_KE_COC_BO
10
555.35
20
301.416
30
0.0
40
1.2
1
1
7
VN
0
TEXT
8
07_BANG_THONG_KE_COC_BO
10
562.55
20
301.416
30
0.0
40
1.2
1
350
7
VN
0
TEXT
8
07_BANG_THONG_KE_COC_BO
10
570.65
20
301.416
30
0.0
40
1.2
1
6,5
7
VN
0
TEXT
8
07_BANG_THONG_KE_COC_BO
10
579.65
20
301.416
30
0.0
40
1.2
1
38,6
7
VN
0
TEXT
8
07_BANG_THONG_KE_COC_BO
10
590.45
20
301.416
30
0.0
40
1.2
1
44,6
7
VN
0
TEXT
8
07_BANG_THONG_KE_COC_BO
10
601.25
20
301.416
30
0.0
40
1.2
1
\U+0110\U+1EA0T
7
VN
0
TEXT
8
07_BANG_THONG_KE_COC_BO
10
611.15
20
301.416
30
0.0
40
1.2
1
4\U+03A625 CB400-V
7
VN
0
TEXT
8
07_BANG_THONG_KE_COC_BO
10
627.35
20
301.416
30
0.0
40
1.2
1
XO\U+1EAEN \U+03A68 a150
7
VN
0
TEXT
8
07_BANG_THONG_KE_COC_BO
10
493.25
20
298.776
30
0.0
40
1.2
1
HV-P047
7
VN
0
TEXT
8
07_BANG_THONG_KE_COC_BO
10
505.85
20
298.776
30
0.0
40
1.2
1
B3-D08
7
VN
0
TEXT
8
07_BANG_THONG_KE_COC_BO
10
516.65
20
298.776
30
0.0
40
1.2
1
B\U+00C8 3
7
VN
0
TEXT
8
07_BANG_THONG_KE_COC_BO
10
524.75
20
298.776
30
0.0
40
1.2
1
-59,73
7
VN
0
TEXT
8
07_BANG_THONG_KE_COC_BO
10
535.55
20
298.776
30
0.0
40
1.2
1
-83,89
7
VN
0
TEXT
8
07_BANG_THONG_KE_COC_BO
10
546.35
20
298.776
30
0.0
40
1.2
1
384,38
7
VN
0
TEXT
8
07_BANG_THONG_KE_COC_BO
10
555.35
20
298.776
30
0.0
40
1.2
1
1
7
VN
0
TEXT
8
07_BANG_THONG_KE_COC_BO
10
562.55
20
298.776
30
0.0
40
1.2
1
350
7
VN
0
TEXT
8
07_BANG_THONG_KE_COC_BO
10
570.65
20
298.776
30
0.0
40
1.2
1
6,5
7
VN
0
TEXT
8
07_BANG_THONG_KE_COC_BO
10
579.65
20
298.776
30
0.0
40
1.2
1
38,6
7
VN
0
TEXT
8
07_BANG_THONG_KE_COC_BO
10
590.45
20
298.776
30
0.0
40
1.2
1
44,6
7
VN
0
TEXT
8
07_BANG_THONG_KE_COC_BO
10
601.25
20
298.776
30
0.0
40
1.2
1
\U+0110\U+1EA0T
7
VN
0
TEXT
8
07_BANG_THONG_KE_COC_BO
10
611.15
20
298.776
30
0.0
40
1.2
1
4\U+03A625 CB400-V
7
VN
0
TEXT
8
07_BANG_THONG_KE_COC_BO
10
627.35
20
298.776
30
0.0
40
1.2
1
XO\U+1EAEN \U+03A68 a150
7
VN
0
TEXT
8
07_BANG_THONG_KE_COC_BO
10
493.25
20
296.136
30
0.0
40
1.2
1
HV-P048
7
VN
0
TEXT
8
07_BANG_THONG_KE_COC_BO
10
505.85
20
296.136
30
0.0
40
1.2
1
B3-D09
7
VN
0
TEXT
8
07_BANG_THONG_KE_COC_BO
10
516.65
20
296.136
30
0.0
40
1.2
1
B\U+00C8 3
7
VN
0
TEXT
8
07_BANG_THONG_KE_COC_BO
10
524.75
20
296.136
30
0.0
40
1.2
1
-56,16
7
VN
0
TEXT
8
07_BANG_THONG_KE_COC_BO
10
535.55
20
296.136
30
0.0
40
1.2
1
-93,27
7
VN
0
TEXT
8
07_BANG_THONG_KE_COC_BO
10
546.35
20
296.136
30
0.0
40
1.2
1
384,45
7
VN
0
TEXT
8
07_BANG_THONG_KE_COC_BO
10
555.35
20
296.136
30
0.0
40
1.2
1
1
7
VN
0
TEXT
8
07_BANG_THONG_KE_COC_BO
10
562.55
20
296.136
30
0.0
40
1.2
1
350
7
VN
0
TEXT
8
07_BANG_THONG_KE_COC_BO
10
570.65
20
296.136
30
0.0
40
1.2
1
6,5
7
VN
0
TEXT
8
07_BANG_THONG_KE_COC_BO
10
579.65
20
296.136
30
0.0
40
1.2
1
38,6
7
VN
0
TEXT
8
07_BANG_THONG_KE_COC_BO
10
590.45
20
296.136
30
0.0
40
1.2
1
44,6
7
VN
0
TEXT
8
07_BANG_THONG_KE_COC_BO
10
601.25
20
296.136
30
0.0
40
1.2
1
\U+0110\U+1EA0T
7
VN
0
TEXT
8
07_BANG_THONG_KE_COC_BO
10
611.15
20
296.136
30
0.0
40
1.2
1
4\U+03A625 CB400-V
7
VN
0
TEXT
8
07_BANG_THONG_KE_COC_BO
10
627.35
20
296.136
30
0.0
40
1.2
1
XO\U+1EAEN \U+03A68 a150
7
VN
0
TEXT
8
07_BANG_THONG_KE_COC_BO
10
493.25
20
293.496
30
0.0
40
1.2
1
HV-P049
7
VN
0
TEXT
8
07_BANG_THONG_KE_COC_BO
10
505.85
20
293.496
30
0.0
40
1.2
1
B3-D10
7
VN
0
TEXT
8
07_BANG_THONG_KE_COC_BO
10
516.65
20
293.496
30
0.0
40
1.2
1
B\U+00C8 3
7
VN
0
TEXT
8
07_BANG_THONG_KE_COC_BO
10
524.75
20
293.496
30
0.0
40
1.2
1
-54,60
7
VN
0
TEXT
8
07_BANG_THONG_KE_COC_BO
10
535.55
20
293.496
30
0.0
40
1.2
1
-100,83
7
VN
0
TEXT
8
07_BANG_THONG_KE_COC_BO
10
546.35
20
293.496
30
0.0
40
1.2
1
384,29
7
VN
0
TEXT
8
07_BANG_THONG_KE_COC_BO
10
555.35
20
293.496
30
0.0
40
1.2
1
1
7
VN
0
TEXT
8
07_BANG_THONG_KE_COC_BO
10
562.55
20
293.496
30
0.0
40
1.2
1
350
7
VN
0
TEXT
8
07_BANG_THONG_KE_COC_BO
10
570.65
20
293.496
30
0.0
40
1.2
1
6,5
7
VN
0
TEXT
8
07_BANG_THONG_KE_COC_BO
10
579.65
20
293.496
30
0.0
40
1.2
1
38,6
7
VN
0
TEXT
8
07_BANG_THONG_KE_COC_BO
10
590.45
20
293.496
30
0.0
40
1.2
1
44,6
7
VN
0
TEXT
8
07_BANG_THONG_KE_COC_BO
10
601.25
20
293.496
30
0.0
40
1.2
1
\U+0110\U+1EA0T
7
VN
0
TEXT
8
07_BANG_THONG_KE_COC_BO
10
611.15
20
293.496
30
0.0
40
1.2
1
4\U+03A625 CB400-V
7
VN
0
TEXT
8
07_BANG_THONG_KE_COC_BO
10
627.35
20
293.496
30
0.0
40
1.2
1
XO\U+1EAEN \U+03A68 a150
7
VN
0
TEXT
8
07_BANG_THONG_KE_COC_BO
10
493.25
20
290.856
30
0.0
40
1.2
1
HV-P050
7
VN
0
TEXT
8
07_BANG_THONG_KE_COC_BO
10
505.85
20
290.856
30
0.0
40
1.2
1
B3-D11
7
VN
0
TEXT
8
07_BANG_THONG_KE_COC_BO
10
516.65
20
290.856
30
0.0
40
1.2
1
B\U+00C8 3
7
VN
0
TEXT
8
07_BANG_THONG_KE_COC_BO
10
524.75
20
290.856
30
0.0
40
1.2
1
-46,25
7
VN
0
TEXT
8
07_BANG_THONG_KE_COC_BO
10
535.55
20
290.856
30
0.0
40
1.2
1
-122,46
7
VN
0
TEXT
8
07_BANG_THONG_KE_COC_BO
10
546.35
20
290.856
30
0.0
40
1.2
1
384,47
7
VN
0
TEXT
8
07_BANG_THONG_KE_COC_BO
10
555.35
20
290.856
30
0.0
40
1.2
1
1
7
VN
0
TEXT
8
07_BANG_THONG_KE_COC_BO
10
562.55
20
290.856
30
0.0
40
1.2
1
350
7
VN
0
TEXT
8
07_BANG_THONG_KE_COC_BO
10
570.65
20
290.856
30
0.0
40
1.2
1
6,5
7
VN
0
TEXT
8
07_BANG_THONG_KE_COC_BO
10
579.65
20
290.856
30
0.0
40
1.2
1
38,6
7
VN
0
TEXT
8
07_BANG_THONG_KE_COC_BO
10
590.45
20
290.856
30
0.0
40
1.2
1
44,6
7
VN
0
TEXT
8
07_BANG_THONG_KE_COC_BO
10
601.25
20
290.856
30
0.0
40
1.2
1
\U+0110\U+1EA0T
7
VN
0
TEXT
8
07_BANG_THONG_KE_COC_BO
10
611.15
20
290.856
30
0.0
40
1.2
1
4\U+03A625 CB400-V
7
VN
0
TEXT
8
07_BANG_THONG_KE_COC_BO
10
627.35
20
290.856
30
0.0
40
1.2
1
XO\U+1EAEN \U+03A68 a150
7
VN
0
TEXT
8
07_BANG_THONG_KE_COC_BO
10
493.25
20
288.216
30
0.0
40
1.2
1
HV-P054
7
VN
0
TEXT
8
07_BANG_THONG_KE_COC_BO
10
505.85
20
288.216
30
0.0
40
1.2
1
B3-D15
7
VN
0
TEXT
8
07_BANG_THONG_KE_COC_BO
10
516.65
20
288.216
30
0.0
40
1.2
1
B\U+00C8 3
7
VN
0
TEXT
8
07_BANG_THONG_KE_COC_BO
10
524.75
20
288.216
30
0.0
40
1.2
1
-35,80
7
VN
0
TEXT
8
07_BANG_THONG_KE_COC_BO
10
535.55
20
288.216
30
0.0
40
1.2
1
-179,26
7
VN
0
TEXT
8
07_BANG_THONG_KE_COC_BO
10
546.35
20
288.216
30
0.0
40
1.2
1
385,08
7
VN
0
TEXT
8
07_BANG_THONG_KE_COC_BO
10
555.35
20
288.216
30
0.0
40
1.2
1
1
7
VN
0
TEXT
8
07_BANG_THONG_KE_COC_BO
10
562.55
20
288.216
30
0.0
40
1.2
1
350
7
VN
0
TEXT
8
07_BANG_THONG_KE_COC_BO
10
570.65
20
288.216
30
0.0
40
1.2
1
6,5
7
VN
0
TEXT
8
07_BANG_THONG_KE_COC_BO
10
579.65
20
288.216
30
0.0
40
1.2
1
38,6
7
VN
0
TEXT
8
07_BANG_THONG_KE_COC_BO
10
590.45
20
288.216
30
0.0
40
1.2
1
44,6
7
VN
0
TEXT
8
07_BANG_THONG_KE_COC_BO
10
601.25
20
288.216
30
0.0
40
1.2
1
\U+0110\U+1EA0T
7
VN
0
TEXT
8
07_BANG_THONG_KE_COC_BO
10
611.15
20
288.216
30
0.0
40
1.2
1
4\U+03A625 CB400-V
7
VN
0
TEXT
8
07_BANG_THONG_KE_COC_BO
10
627.35
20
288.216
30
0.0
40
1.2
1
XO\U+1EAEN \U+03A68 a150
7
VN
0
TEXT
8
07_BANG_THONG_KE_COC_BO
10
493.25
20
285.576
30
0.0
40
1.2
1
HV-P055
7
VN
0
TEXT
8
07_BANG_THONG_KE_COC_BO
10
505.85
20
285.576
30
0.0
40
1.2
1
B3-D16
7
VN
0
TEXT
8
07_BANG_THONG_KE_COC_BO
10
516.65
20
285.576
30
0.0
40
1.2
1
B\U+00C8 3
7
VN
0
TEXT
8
07_BANG_THONG_KE_COC_BO
10
524.75
20
285.576
30
0.0
40
1.2
1
21,83
7
VN
0
TEXT
8
07_BANG_THONG_KE_COC_BO
10
535.55
20
285.576
30
0.0
40
1.2
1
-16,49
7
VN
0
TEXT
8
07_BANG_THONG_KE_COC_BO
10
546.35
20
285.576
30
0.0
40
1.2
1
384,06
7
VN
0
TEXT
8
07_BANG_THONG_KE_COC_BO
10
555.35
20
285.576
30
0.0
40
1.2
1
1
7
VN
0
TEXT
8
07_BANG_THONG_KE_COC_BO
10
562.55
20
285.576
30
0.0
40
1.2
1
350
7
VN
0
TEXT
8
07_BANG_THONG_KE_COC_BO
10
570.65
20
285.576
30
0.0
40
1.2
1
6,5
7
VN
0
TEXT
8
07_BANG_THONG_KE_COC_BO
10
579.65
20
285.576
30
0.0
40
1.2
1
38,6
7
VN
0
TEXT
8
07_BANG_THONG_KE_COC_BO
10
590.45
20
285.576
30
0.0
40
1.2
1
44,6
7
VN
0
TEXT
8
07_BANG_THONG_KE_COC_BO
10
601.25
20
285.576
30
0.0
40
1.2
1
\U+0110\U+1EA0T
7
VN
0
TEXT
8
07_BANG_THONG_KE_COC_BO
10
611.15
20
285.576
30
0.0
40
1.2
1
4\U+03A625 CB400-V
7
VN
0
TEXT
8
07_BANG_THONG_KE_COC_BO
10
627.35
20
285.576
30
0.0
40
1.2
1
XO\U+1EAEN \U+03A68 a150
7
VN
0
TEXT
8
07_BANG_THONG_KE_COC_BO
10
493.25
20
282.936
30
0.0
40
1.2
1
HV-P057
7
VN
0
TEXT
8
07_BANG_THONG_KE_COC_BO
10
505.85
20
282.936
30
0.0
40
1.2
1
B3-D18
7
VN
0
TEXT
8
07_BANG_THONG_KE_COC_BO
10
516.65
20
282.936
30
0.0
40
1.2
1
B\U+00C8 3
7
VN
0
TEXT
8
07_BANG_THONG_KE_COC_BO
10
524.75
20
282.936
30
0.0
40
1.2
1
-65,16
7
VN
0
TEXT
8
07_BANG_THONG_KE_COC_BO
10
535.55
20
282.936
30
0.0
40
1.2
1
-69,51
7
VN
0
TEXT
8
07_BANG_THONG_KE_COC_BO
10
546.35
20
282.936
30
0.0
40
1.2
1
384,03
7
VN
0
TEXT
8
07_BANG_THONG_KE_COC_BO
10
555.35
20
282.936
30
0.0
40
1.2
1
1
7
VN
0
TEXT
8
07_BANG_THONG_KE_COC_BO
10
562.55
20
282.936
30
0.0
40
1.2
1
350
7
VN
0
TEXT
8
07_BANG_THONG_KE_COC_BO
10
570.65
20
282.936
30
0.0
40
1.2
1
6,5
7
VN
0
TEXT
8
07_BANG_THONG_KE_COC_BO
10
579.65
20
282.936
30
0.0
40
1.2
1
38,6
7
VN
0
TEXT
8
07_BANG_THONG_KE_COC_BO
10
590.45
20
282.936
30
0.0
40
1.2
1
44,6
7
VN
0
TEXT
8
07_BANG_THONG_KE_COC_BO
10
601.25
20
282.936
30
0.0
40
1.2
1
\U+0110\U+1EA0T
7
VN
0
TEXT
8
07_BANG_THONG_KE_COC_BO
10
611.15
20
282.936
30
0.0
40
1.2
1
4\U+03A625 CB400-V
7
VN
0
TEXT
8
07_BANG_THONG_KE_COC_BO
10
627.35
20
282.936
30
0.0
40
1.2
1
XO\U+1EAEN \U+03A68 a150
7
VN
0
TEXT
8
07_BANG_THONG_KE_COC_BO
10
493.25
20
280.296
30
0.0
40
1.2
1
HV-P058
7
VN
0
TEXT
8
07_BANG_THONG_KE_COC_BO
10
505.85
20
280.296
30
0.0
40
1.2
1
B3-D19
7
VN
0
TEXT
8
07_BANG_THONG_KE_COC_BO
10
516.65
20
280.296
30
0.0
40
1.2
1
B\U+00C8 3
7
VN
0
TEXT
8
07_BANG_THONG_KE_COC_BO
10
524.75
20
280.296
30
0.0
40
1.2
1
54,04
7
VN
0
TEXT
8
07_BANG_THONG_KE_COC_BO
10
535.55
20
280.296
30
0.0
40
1.2
1
-95,87
7
VN
0
TEXT
8
07_BANG_THONG_KE_COC_BO
10
546.35
20
280.296
30
0.0
40
1.2
1
384,05
7
VN
0
TEXT
8
07_BANG_THONG_KE_COC_BO
10
555.35
20
280.296
30
0.0
40
1.2
1
1
7
VN
0
TEXT
8
07_BANG_THONG_KE_COC_BO
10
562.55
20
280.296
30
0.0
40
1.2
1
350
7
VN
0
TEXT
8
07_BANG_THONG_KE_COC_BO
10
570.65
20
280.296
30
0.0
40
1.2
1
6,5
7
VN
0
TEXT
8
07_BANG_THONG_KE_COC_BO
10
579.65
20
280.296
30
0.0
40
1.2
1
38,6
7
VN
0
TEXT
8
07_BANG_THONG_KE_COC_BO
10
590.45
20
280.296
30
0.0
40
1.2
1
44,6
7
VN
0
TEXT
8
07_BANG_THONG_KE_COC_BO
10
601.25
20
280.296
30
0.0
40
1.2
1
\U+0110\U+1EA0T
7
VN
0
TEXT
8
07_BANG_THONG_KE_COC_BO
10
611.15
20
280.296
30
0.0
40
1.2
1
4\U+03A625 CB400-V
7
VN
0
TEXT
8
07_BANG_THONG_KE_COC_BO
10
627.35
20
280.296
30
0.0
40
1.2
1
XO\U+1EAEN \U+03A68 a150
7
VN
0
TEXT
8
07_BANG_THONG_KE_COC_BO
10
493.25
20
277.656
30
0.0
40
1.2
1
HV-P062
7
VN
0
TEXT
8
07_BANG_THONG_KE_COC_BO
10
505.85
20
277.656
30
0.0
40
1.2
1
B3A-D01
7
VN
0
TEXT
8
07_BANG_THONG_KE_COC_BO
10
516.65
20
277.656
30
0.0
40
1.2
1
B\U+00C8 3A
7
VN
0
TEXT
8
07_BANG_THONG_KE_COC_BO
10
524.75
20
277.656
30
0.0
40
1.2
1
71,30
7
VN
0
TEXT
8
07_BANG_THONG_KE_COC_BO
10
535.55
20
277.656
30
0.0
40
1.2
1
-113,98
7
VN
0
TEXT
8
07_BANG_THONG_KE_COC_BO
10
546.35
20
277.656
30
0.0
40
1.2
1
384,26
7
VN
0
TEXT
8
07_BANG_THONG_KE_COC_BO
10
555.35
20
277.656
30
0.0
40
1.2
1
1
7
VN
0
TEXT
8
07_BANG_THONG_KE_COC_BO
10
562.55
20
277.656
30
0.0
40
1.2
1
350
7
VN
0
TEXT
8
07_BANG_THONG_KE_COC_BO
10
570.65
20
277.656
30
0.0
40
1.2
1
6,5
7
VN
0
TEXT
8
07_BANG_THONG_KE_COC_BO
10
579.65
20
277.656
30
0.0
40
1.2
1
73,7
7
VN
0
TEXT
8
07_BANG_THONG_KE_COC_BO
10
590.45
20
277.656
30
0.0
40
1.2
1
81,9
7
VN
0
TEXT
8
07_BANG_THONG_KE_COC_BO
10
601.25
20
277.656
30
0.0
40
1.2
1
\U+0110\U+1EA0T
7
VN
0
TEXT
8
07_BANG_THONG_KE_COC_BO
10
611.15
20
277.656
30
0.0
40
1.2
1
6\U+03A628 CB400-V
7
VN
0
TEXT
8
07_BANG_THONG_KE_COC_BO
10
627.35
20
277.656
30
0.0
40
1.2
1
XO\U+1EAEN \U+03A68 a150
7
VN
0
TEXT
8
07_BANG_THONG_KE_COC_BO
10
493.25
20
275.016
30
0.0
40
1.2
1
HV-P063
7
VN
0
TEXT
8
07_BANG_THONG_KE_COC_BO
10
505.85
20
275.016
30
0.0
40
1.2
1
B3A-D02
7
VN
0
TEXT
8
07_BANG_THONG_KE_COC_BO
10
516.65
20
275.016
30
0.0
40
1.2
1
B\U+00C8 3A
7
VN
0
TEXT
8
07_BANG_THONG_KE_COC_BO
10
524.75
20
275.016
30
0.0
40
1.2
1
67,10
7
VN
0
TEXT
8
07_BANG_THONG_KE_COC_BO
10
535.55
20
275.016
30
0.0
40
1.2
1
-112,47
7
VN
0
TEXT
8
07_BANG_THONG_KE_COC_BO
10
546.35
20
275.016
30
0.0
40
1.2
1
383,79
7
VN
0
TEXT
8
07_BANG_THONG_KE_COC_BO
10
555.35
20
275.016
30
0.0
40
1.2
1
1
7
VN
0
TEXT
8
07_BANG_THONG_KE_COC_BO
10
562.55
20
275.016
30
0.0
40
1.2
1
350
7
VN
0
TEXT
8
07_BANG_THONG_KE_COC_BO
10
570.65
20
275.016
30
0.0
40
1.2
1
6,5
7
VN
0
TEXT
8
07_BANG_THONG_KE_COC_BO
10
579.65
20
275.016
30
0.0
40
1.2
1
73,7
7
VN
0
TEXT
8
07_BANG_THONG_KE_COC_BO
10
590.45
20
275.016
30
0.0
40
1.2
1
81,9
7
VN
0
TEXT
8
07_BANG_THONG_KE_COC_BO
10
601.25
20
275.016
30
0.0
40
1.2
1
\U+0110\U+1EA0T
7
VN
0
TEXT
8
07_BANG_THONG_KE_COC_BO
10
611.15
20
275.016
30
0.0
40
1.2
1
6\U+03A628 CB400-V
7
VN
0
TEXT
8
07_BANG_THONG_KE_COC_BO
10
627.35
20
275.016
30
0.0
40
1.2
1
XO\U+1EAEN \U+03A68 a150
7
VN
0
TEXT
8
07_BANG_THONG_KE_COC_BO
10
493.25
20
272.376
30
0.0
40
1.2
1
HV-P064
7
VN
0
TEXT
8
07_BANG_THONG_KE_COC_BO
10
505.85
20
272.376
30
0.0
40
1.2
1
B3A-D03
7
VN
0
TEXT
8
07_BANG_THONG_KE_COC_BO
10
516.65
20
272.376
30
0.0
40
1.2
1
B\U+00C8 3A
7
VN
0
TEXT
8
07_BANG_THONG_KE_COC_BO
10
524.75
20
272.376
30
0.0
40
1.2
1
-1,29
7
VN
0
TEXT
8
07_BANG_THONG_KE_COC_BO
10
535.55
20
272.376
30
0.0
40
1.2
1
-216,94
7
VN
0
TEXT
8
07_BANG_THONG_KE_COC_BO
10
546.35
20
272.376
30
0.0
40
1.2
1
384,85
7
VN
0
TEXT
8
07_BANG_THONG_KE_COC_BO
10
555.35
20
272.376
30
0.0
40
1.2
1
1
7
VN
0
TEXT
8
07_BANG_THONG_KE_COC_BO
10
562.55
20
272.376
30
0.0
40
1.2
1
350
7
VN
0
TEXT
8
07_BANG_THONG_KE_COC_BO
10
570.65
20
272.376
30
0.0
40
1.2
1
6,5
7
VN
0
TEXT
8
07_BANG_THONG_KE_COC_BO
10
579.65
20
272.376
30
0.0
40
1.2
1
73,7
7
VN
0
TEXT
8
07_BANG_THONG_KE_COC_BO
10
590.45
20
272.376
30
0.0
40
1.2
1
81,9
7
VN
0
TEXT
8
07_BANG_THONG_KE_COC_BO
10
601.25
20
272.376
30
0.0
40
1.2
1
\U+0110\U+1EA0T
7
VN
0
TEXT
8
07_BANG_THONG_KE_COC_BO
10
611.15
20
272.376
30
0.0
40
1.2
1
6\U+03A628 CB400-V
7
VN
0
TEXT
8
07_BANG_THONG_KE_COC_BO
10
627.35
20
272.376
30
0.0
40
1.2
1
XO\U+1EAEN \U+03A68 a150
7
VN
0
TEXT
8
07_BANG_THONG_KE_COC_BO
10
493.25
20
269.736
30
0.0
40
1.2
1
HV-P065
7
VN
0
TEXT
8
07_BANG_THONG_KE_COC_BO
10
505.85
20
269.736
30
0.0
40
1.2
1
B3A-D04
7
VN
0
TEXT
8
07_BANG_THONG_KE_COC_BO
10
516.65
20
269.736
30
0.0
40
1.2
1
B\U+00C8 3A
7
VN
0
TEXT
8
07_BANG_THONG_KE_COC_BO
10
524.75
20
269.736
30
0.0
40
1.2
1
-11,50
7
VN
0
TEXT
8
07_BANG_THONG_KE_COC_BO
10
535.55
20
269.736
30
0.0
40
1.2
1
-205,54
7
VN
0
TEXT
8
07_BANG_THONG_KE_COC_BO
10
546.35
20
269.736
30
0.0
40
1.2
1
384,60
7
VN
0
TEXT
8
07_BANG_THONG_KE_COC_BO
10
555.35
20
269.736
30
0.0
40
1.2
1
1
7
VN
0
TEXT
8
07_BANG_THONG_KE_COC_BO
10
562.55
20
269.736
30
0.0
40
1.2
1
350
7
VN
0
TEXT
8
07_BANG_THONG_KE_COC_BO
10
570.65
20
269.736
30
0.0
40
1.2
1
6,5
7
VN
0
TEXT
8
07_BANG_THONG_KE_COC_BO
10
579.65
20
269.736
30
0.0
40
1.2
1
73,7
7
VN
0
TEXT
8
07_BANG_THONG_KE_COC_BO
10
590.45
20
269.736
30
0.0
40
1.2
1
81,9
7
VN
0
TEXT
8
07_BANG_THONG_KE_COC_BO
10
601.25
20
269.736
30
0.0
40
1.2
1
\U+0110\U+1EA0T
7
VN
0
TEXT
8
07_BANG_THONG_KE_COC_BO
10
611.15
20
269.736
30
0.0
40
1.2
1
6\U+03A628 CB400-V
7
VN
0
TEXT
8
07_BANG_THONG_KE_COC_BO
10
627.35
20
269.736
30
0.0
40
1.2
1
XO\U+1EAEN \U+03A68 a150
7
VN
0
TEXT
8
07_BANG_THONG_KE_COC_BO
10
493.25
20
267.096
30
0.0
40
1.2
1
HV-P066
7
VN
0
TEXT
8
07_BANG_THONG_KE_COC_BO
10
505.85
20
267.096
30
0.0
40
1.2
1
B3A-D05
7
VN
0
TEXT
8
07_BANG_THONG_KE_COC_BO
10
516.65
20
267.096
30
0.0
40
1.2
1
B\U+00C8 3A
7
VN
0
TEXT
8
07_BANG_THONG_KE_COC_BO
10
524.75
20
267.096
30
0.0
40
1.2
1
35,26
7
VN
0
TEXT
8
07_BANG_THONG_KE_COC_BO
10
535.55
20
267.096
30
0.0
40
1.2
1
-244,13
7
VN
0
TEXT
8
07_BANG_THONG_KE_COC_BO
10
546.35
20
267.096
30
0.0
40
1.2
1
384,06
7
VN
0
TEXT
8
07_BANG_THONG_KE_COC_BO
10
555.35
20
267.096
30
0.0
40
1.2
1
1
7
VN
0
TEXT
8
07_BANG_THONG_KE_COC_BO
10
562.55
20
267.096
30
0.0
40
1.2
1
350
7
VN
0
TEXT
8
07_BANG_THONG_KE_COC_BO
10
570.65
20
267.096
30
0.0
40
1.2
1
6,5
7
VN
0
TEXT
8
07_BANG_THONG_KE_COC_BO
10
579.65
20
267.096
30
0.0
40
1.2
1
73,7
7
VN
0
TEXT
8
07_BANG_THONG_KE_COC_BO
10
590.45
20
267.096
30
0.0
40
1.2
1
81,9
7
VN
0
TEXT
8
07_BANG_THONG_KE_COC_BO
10
601.25
20
267.096
30
0.0
40
1.2
1
\U+0110\U+1EA0T
7
VN
0
TEXT
8
07_BANG_THONG_KE_COC_BO
10
611.15
20
267.096
30
0.0
40
1.2
1
6\U+03A628 CB400-V
7
VN
0
TEXT
8
07_BANG_THONG_KE_COC_BO
10
627.35
20
267.096
30
0.0
40
1.2
1
XO\U+1EAEN \U+03A68 a150
7
VN
0
TEXT
8
07_BANG_THONG_KE_COC_BO
10
493.25
20
264.456
30
0.0
40
1.2
1
HV-P067
7
VN
0
TEXT
8
07_BANG_THONG_KE_COC_BO
10
505.85
20
264.456
30
0.0
40
1.2
1
B3A-D06
7
VN
0
TEXT
8
07_BANG_THONG_KE_COC_BO
10
516.65
20
264.456
30
0.0
40
1.2
1
B\U+00C8 3A
7
VN
0
TEXT
8
07_BANG_THONG_KE_COC_BO
10
524.75
20
264.456
30
0.0
40
1.2
1
-16,15
7
VN
0
TEXT
8
07_BANG_THONG_KE_COC_BO
10
535.55
20
264.456
30
0.0
40
1.2
1
-195,46
7
VN
0
TEXT
8
07_BANG_THONG_KE_COC_BO
10
546.35
20
264.456
30
0.0
40
1.2
1
384,43
7
VN
0
TEXT
8
07_BANG_THONG_KE_COC_BO
10
555.35
20
264.456
30
0.0
40
1.2
1
1
7
VN
0
TEXT
8
07_BANG_THONG_KE_COC_BO
10
562.55
20
264.456
30
0.0
40
1.2
1
350
7
VN
0
TEXT
8
07_BANG_THONG_KE_COC_BO
10
570.65
20
264.456
30
0.0
40
1.2
1
6,5
7
VN
0
TEXT
8
07_BANG_THONG_KE_COC_BO
10
579.65
20
264.456
30
0.0
40
1.2
1
73,7
7
VN
0
TEXT
8
07_BANG_THONG_KE_COC_BO
10
590.45
20
264.456
30
0.0
40
1.2
1
81,9
7
VN
0
TEXT
8
07_BANG_THONG_KE_COC_BO
10
601.25
20
264.456
30
0.0
40
1.2
1
\U+0110\U+1EA0T
7
VN
0
TEXT
8
07_BANG_THONG_KE_COC_BO
10
611.15
20
264.456
30
0.0
40
1.2
1
6\U+03A628 CB400-V
7
VN
0
TEXT
8
07_BANG_THONG_KE_COC_BO
10
627.35
20
264.456
30
0.0
40
1.2
1
XO\U+1EAEN \U+03A68 a150
7
VN
0
TEXT
8
07_BANG_THONG_KE_COC_BO
10
493.25
20
261.816
30
0.0
40
1.2
1
HV-P068
7
VN
0
TEXT
8
07_BANG_THONG_KE_COC_BO
10
505.85
20
261.816
30
0.0
40
1.2
1
B3A-D07
7
VN
0
TEXT
8
07_BANG_THONG_KE_COC_BO
10
516.65
20
261.816
30
0.0
40
1.2
1
B\U+00C8 3A
7
VN
0
TEXT
8
07_BANG_THONG_KE_COC_BO
10
524.75
20
261.816
30
0.0
40
1.2
1
109,27
7
VN
0
TEXT
8
07_BANG_THONG_KE_COC_BO
10
535.55
20
261.816
30
0.0
40
1.2
1
-287,50
7
VN
0
TEXT
8
07_BANG_THONG_KE_COC_BO
10
546.35
20
261.816
30
0.0
40
1.2
1
384,50
7
VN
0
TEXT
8
07_BANG_THONG_KE_COC_BO
10
555.35
20
261.816
30
0.0
40
1.2
1
1
7
VN
0
TEXT
8
07_BANG_THONG_KE_COC_BO
10
562.55
20
261.816
30
0.0
40
1.2
1
350
7
VN
0
TEXT
8
07_BANG_THONG_KE_COC_BO
10
570.65
20
261.816
30
0.0
40
1.2
1
6,5
7
VN
0
TEXT
8
07_BANG_THONG_KE_COC_BO
10
579.65
20
261.816
30
0.0
40
1.2
1
73,7
7
VN
0
TEXT
8
07_BANG_THONG_KE_COC_BO
10
590.45
20
261.816
30
0.0
40
1.2
1
81,9
7
VN
0
TEXT
8
07_BANG_THONG_KE_COC_BO
10
601.25
20
261.816
30
0.0
40
1.2
1
\U+0110\U+1EA0T
7
VN
0
TEXT
8
07_BANG_THONG_KE_COC_BO
10
611.15
20
261.816
30
0.0
40
1.2
1
6\U+03A628 CB400-V
7
VN
0
TEXT
8
07_BANG_THONG_KE_COC_BO
10
627.35
20
261.816
30
0.0
40
1.2
1
XO\U+1EAEN \U+03A68 a150
7
VN
0
TEXT
8
07_BANG_THONG_KE_COC_BO
10
493.25
20
259.176
30
0.0
40
1.2
1
HV-P069
7
VN
0
TEXT
8
07_BANG_THONG_KE_COC_BO
10
505.85
20
259.176
30
0.0
40
1.2
1
B3A-D08
7
VN
0
TEXT
8
07_BANG_THONG_KE_COC_BO
10
516.65
20
259.176
30
0.0
40
1.2
1
B\U+00C8 3A
7
VN
0
TEXT
8
07_BANG_THONG_KE_COC_BO
10
524.75
20
259.176
30
0.0
40
1.2
1
120,26
7
VN
0
TEXT
8
07_BANG_THONG_KE_COC_BO
10
535.55
20
259.176
30
0.0
40
1.2
1
-287,94
7
VN
0
TEXT
8
07_BANG_THONG_KE_COC_BO
10
546.35
20
259.176
30
0.0
40
1.2
1
384,44
7
VN
0
TEXT
8
07_BANG_THONG_KE_COC_BO
10
555.35
20
259.176
30
0.0
40
1.2
1
1
7
VN
0
TEXT
8
07_BANG_THONG_KE_COC_BO
10
562.55
20
259.176
30
0.0
40
1.2
1
350
7
VN
0
TEXT
8
07_BANG_THONG_KE_COC_BO
10
570.65
20
259.176
30
0.0
40
1.2
1
6,5
7
VN
0
TEXT
8
07_BANG_THONG_KE_COC_BO
10
579.65
20
259.176
30
0.0
40
1.2
1
73,7
7
VN
0
TEXT
8
07_BANG_THONG_KE_COC_BO
10
590.45
20
259.176
30
0.0
40
1.2
1
81,9
7
VN
0
TEXT
8
07_BANG_THONG_KE_COC_BO
10
601.25
20
259.176
30
0.0
40
1.2
1
\U+0110\U+1EA0T
7
VN
0
TEXT
8
07_BANG_THONG_KE_COC_BO
10
611.15
20
259.176
30
0.0
40
1.2
1
6\U+03A628 CB400-V
7
VN
0
TEXT
8
07_BANG_THONG_KE_COC_BO
10
627.35
20
259.176
30
0.0
40
1.2
1
XO\U+1EAEN \U+03A68 a150
7
VN
0
TEXT
8
07_BANG_THONG_KE_COC_BO
10
493.25
20
256.536
30
0.0
40
1.2
1
HV-P070
7
VN
0
TEXT
8
07_BANG_THONG_KE_COC_BO
10
505.85
20
256.536
30
0.0
40
1.2
1
B3A-D09
7
VN
0
TEXT
8
07_BANG_THONG_KE_COC_BO
10
516.65
20
256.536
30
0.0
40
1.2
1
B\U+00C8 3A
7
VN
0
TEXT
8
07_BANG_THONG_KE_COC_BO
10
524.75
20
256.536
30
0.0
40
1.2
1
132,99
7
VN
0
TEXT
8
07_BANG_THONG_KE_COC_BO
10
535.55
20
256.536
30
0.0
40
1.2
1
-288,76
7
VN
0
TEXT
8
07_BANG_THONG_KE_COC_BO
10
546.35
20
256.536
30
0.0
40
1.2
1
384,50
7
VN
0
TEXT
8
07_BANG_THONG_KE_COC_BO
10
555.35
20
256.536
30
0.0
40
1.2
1
1
7
VN
0
TEXT
8
07_BANG_THONG_KE_COC_BO
10
562.55
20
256.536
30
0.0
40
1.2
1
350
7
VN
0
TEXT
8
07_BANG_THONG_KE_COC_BO
10
570.65
20
256.536
30
0.0
40
1.2
1
6,5
7
VN
0
TEXT
8
07_BANG_THONG_KE_COC_BO
10
579.65
20
256.536
30
0.0
40
1.2
1
73,7
7
VN
0
TEXT
8
07_BANG_THONG_KE_COC_BO
10
590.45
20
256.536
30
0.0
40
1.2
1
81,9
7
VN
0
TEXT
8
07_BANG_THONG_KE_COC_BO
10
601.25
20
256.536
30
0.0
40
1.2
1
\U+0110\U+1EA0T
7
VN
0
TEXT
8
07_BANG_THONG_KE_COC_BO
10
611.15
20
256.536
30
0.0
40
1.2
1
6\U+03A628 CB400-V
7
VN
0
TEXT
8
07_BANG_THONG_KE_COC_BO
10
627.35
20
256.536
30
0.0
40
1.2
1
XO\U+1EAEN \U+03A68 a150
7
VN
0
TEXT
8
07_BANG_THONG_KE_COC_BO
10
493.25
20
253.896
30
0.0
40
1.2
1
HV-P071
7
VN
0
TEXT
8
07_BANG_THONG_KE_COC_BO
10
505.85
20
253.896
30
0.0
40
1.2
1
B3A-D10
7
VN
0
TEXT
8
07_BANG_THONG_KE_COC_BO
10
516.65
20
253.896
30
0.0
40
1.2
1
B\U+00C8 3A
7
VN
0
TEXT
8
07_BANG_THONG_KE_COC_BO
10
524.75
20
253.896
30
0.0
40
1.2
1
142,42
7
VN
0
TEXT
8
07_BANG_THONG_KE_COC_BO
10
535.55
20
253.896
30
0.0
40
1.2
1
-288,94
7
VN
0
TEXT
8
07_BANG_THONG_KE_COC_BO
10
546.35
20
253.896
30
0.0
40
1.2
1
384,49
7
VN
0
TEXT
8
07_BANG_THONG_KE_COC_BO
10
555.35
20
253.896
30
0.0
40
1.2
1
1
7
VN
0
TEXT
8
07_BANG_THONG_KE_COC_BO
10
562.55
20
253.896
30
0.0
40
1.2
1
350
7
VN
0
TEXT
8
07_BANG_THONG_KE_COC_BO
10
570.65
20
253.896
30
0.0
40
1.2
1
6,5
7
VN
0
TEXT
8
07_BANG_THONG_KE_COC_BO
10
579.65
20
253.896
30
0.0
40
1.2
1
73,7
7
VN
0
TEXT
8
07_BANG_THONG_KE_COC_BO
10
590.45
20
253.896
30
0.0
40
1.2
1
81,9
7
VN
0
TEXT
8
07_BANG_THONG_KE_COC_BO
10
601.25
20
253.896
30
0.0
40
1.2
1
\U+0110\U+1EA0T
7
VN
0
TEXT
8
07_BANG_THONG_KE_COC_BO
10
611.15
20
253.896
30
0.0
40
1.2
1
6\U+03A628 CB400-V
7
VN
0
TEXT
8
07_BANG_THONG_KE_COC_BO
10
627.35
20
253.896
30
0.0
40
1.2
1
XO\U+1EAEN \U+03A68 a150
7
VN
0
TEXT
8
07_BANG_THONG_KE_COC_BO
10
493.25
20
251.256
30
0.0
40
1.2
1
HV-P072
7
VN
0
TEXT
8
07_BANG_THONG_KE_COC_BO
10
505.85
20
251.256
30
0.0
40
1.2
1
B3A-D11
7
VN
0
TEXT
8
07_BANG_THONG_KE_COC_BO
10
516.65
20
251.256
30
0.0
40
1.2
1
B\U+00C8 3A
7
VN
0
TEXT
8
07_BANG_THONG_KE_COC_BO
10
524.75
20
251.256
30
0.0
40
1.2
1
152,41
7
VN
0
TEXT
8
07_BANG_THONG_KE_COC_BO
10
535.55
20
251.256
30
0.0
40
1.2
1
-289,34
7
VN
0
TEXT
8
07_BANG_THONG_KE_COC_BO
10
546.35
20
251.256
30
0.0
40
1.2
1
384,39
7
VN
0
TEXT
8
07_BANG_THONG_KE_COC_BO
10
555.35
20
251.256
30
0.0
40
1.2
1
1
7
VN
0
TEXT
8
07_BANG_THONG_KE_COC_BO
10
562.55
20
251.256
30
0.0
40
1.2
1
350
7
VN
0
TEXT
8
07_BANG_THONG_KE_COC_BO
10
570.65
20
251.256
30
0.0
40
1.2
1
6,5
7
VN
0
TEXT
8
07_BANG_THONG_KE_COC_BO
10
579.65
20
251.256
30
0.0
40
1.2
1
73,7
7
VN
0
TEXT
8
07_BANG_THONG_KE_COC_BO
10
590.45
20
251.256
30
0.0
40
1.2
1
81,9
7
VN
0
TEXT
8
07_BANG_THONG_KE_COC_BO
10
601.25
20
251.256
30
0.0
40
1.2
1
\U+0110\U+1EA0T
7
VN
0
TEXT
8
07_BANG_THONG_KE_COC_BO
10
611.15
20
251.256
30
0.0
40
1.2
1
6\U+03A628 CB400-V
7
VN
0
TEXT
8
07_BANG_THONG_KE_COC_BO
10
627.35
20
251.256
30
0.0
40
1.2
1
XO\U+1EAEN \U+03A68 a150
7
VN
0
TEXT
8
07_BANG_THONG_KE_COC_BO
10
493.25
20
248.616
30
0.0
40
1.2
1
HV-P073
7
VN
0
TEXT
8
07_BANG_THONG_KE_COC_BO
10
505.85
20
248.616
30
0.0
40
1.2
1
B3A-D12
7
VN
0
TEXT
8
07_BANG_THONG_KE_COC_BO
10
516.65
20
248.616
30
0.0
40
1.2
1
B\U+00C8 3A
7
VN
0
TEXT
8
07_BANG_THONG_KE_COC_BO
10
524.75
20
248.616
30
0.0
40
1.2
1
164,26
7
VN
0
TEXT
8
07_BANG_THONG_KE_COC_BO
10
535.55
20
248.616
30
0.0
40
1.2
1
-289,80
7
VN
0
TEXT
8
07_BANG_THONG_KE_COC_BO
10
546.35
20
248.616
30
0.0
40
1.2
1
384,45
7
VN
0
TEXT
8
07_BANG_THONG_KE_COC_BO
10
555.35
20
248.616
30
0.0
40
1.2
1
1
7
VN
0
TEXT
8
07_BANG_THONG_KE_COC_BO
10
562.55
20
248.616
30
0.0
40
1.2
1
350
7
VN
0
TEXT
8
07_BANG_THONG_KE_COC_BO
10
570.65
20
248.616
30
0.0
40
1.2
1
6,5
7
VN
0
TEXT
8
07_BANG_THONG_KE_COC_BO
10
579.65
20
248.616
30
0.0
40
1.2
1
73,7
7
VN
0
TEXT
8
07_BANG_THONG_KE_COC_BO
10
590.45
20
248.616
30
0.0
40
1.2
1
81,9
7
VN
0
TEXT
8
07_BANG_THONG_KE_COC_BO
10
601.25
20
248.616
30
0.0
40
1.2
1
\U+0110\U+1EA0T
7
VN
0
TEXT
8
07_BANG_THONG_KE_COC_BO
10
611.15
20
248.616
30
0.0
40
1.2
1
6\U+03A628 CB400-V
7
VN
0
TEXT
8
07_BANG_THONG_KE_COC_BO
10
627.35
20
248.616
30
0.0
40
1.2
1
XO\U+1EAEN \U+03A68 a150
7
VN
0
TEXT
8
07_BANG_THONG_KE_COC_BO
10
493.25
20
245.976
30
0.0
40
1.2
1
HV-P074
7
VN
0
TEXT
8
07_BANG_THONG_KE_COC_BO
10
505.85
20
245.976
30
0.0
40
1.2
1
B3A-D13
7
VN
0
TEXT
8
07_BANG_THONG_KE_COC_BO
10
516.65
20
245.976
30
0.0
40
1.2
1
B\U+00C8 3A
7
VN
0
TEXT
8
07_BANG_THONG_KE_COC_BO
10
524.75
20
245.976
30
0.0
40
1.2
1
177,85
7
VN
0
TEXT
8
07_BANG_THONG_KE_COC_BO
10
535.55
20
245.976
30
0.0
40
1.2
1
-290,39
7
VN
0
TEXT
8
07_BANG_THONG_KE_COC_BO
10
546.35
20
245.976
30
0.0
40
1.2
1
384,45
7
VN
0
TEXT
8
07_BANG_THONG_KE_COC_BO
10
555.35
20
245.976
30
0.0
40
1.2
1
1
7
VN
0
TEXT
8
07_BANG_THONG_KE_COC_BO
10
562.55
20
245.976
30
0.0
40
1.2
1
350
7
VN
0
TEXT
8
07_BANG_THONG_KE_COC_BO
10
570.65
20
245.976
30
0.0
40
1.2
1
6,5
7
VN
0
TEXT
8
07_BANG_THONG_KE_COC_BO
10
579.65
20
245.976
30
0.0
40
1.2
1
73,7
7
VN
0
TEXT
8
07_BANG_THONG_KE_COC_BO
10
590.45
20
245.976
30
0.0
40
1.2
1
81,9
7
VN
0
TEXT
8
07_BANG_THONG_KE_COC_BO
10
601.25
20
245.976
30
0.0
40
1.2
1
\U+0110\U+1EA0T
7
VN
0
TEXT
8
07_BANG_THONG_KE_COC_BO
10
611.15
20
245.976
30
0.0
40
1.2
1
6\U+03A628 CB400-V
7
VN
0
TEXT
8
07_BANG_THONG_KE_COC_BO
10
627.35
20
245.976
30
0.0
40
1.2
1
XO\U+1EAEN \U+03A68 a150
7
VN
0
TEXT
8
07_BANG_THONG_KE_COC_BO
10
493.25
20
243.336
30
0.0
40
1.2
1
HV-P075
7
VN
0
TEXT
8
07_BANG_THONG_KE_COC_BO
10
505.85
20
243.336
30
0.0
40
1.2
1
B3A-D14
7
VN
0
TEXT
8
07_BANG_THONG_KE_COC_BO
10
516.65
20
243.336
30
0.0
40
1.2
1
B\U+00C8 3A
7
VN
0
TEXT
8
07_BANG_THONG_KE_COC_BO
10
524.75
20
243.336
30
0.0
40
1.2
1
186,56
7
VN
0
TEXT
8
07_BANG_THONG_KE_COC_BO
10
535.55
20
243.336
30
0.0
40
1.2
1
-290,82
7
VN
0
TEXT
8
07_BANG_THONG_KE_COC_BO
10
546.35
20
243.336
30
0.0
40
1.2
1
384,49
7
VN
0
TEXT
8
07_BANG_THONG_KE_COC_BO
10
555.35
20
243.336
30
0.0
40
1.2
1
1
7
VN
0
TEXT
8
07_BANG_THONG_KE_COC_BO
10
562.55
20
243.336
30
0.0
40
1.2
1
350
7
VN
0
TEXT
8
07_BANG_THONG_KE_COC_BO
10
570.65
20
243.336
30
0.0
40
1.2
1
6,5
7
VN
0
TEXT
8
07_BANG_THONG_KE_COC_BO
10
579.65
20
243.336
30
0.0
40
1.2
1
73,7
7
VN
0
TEXT
8
07_BANG_THONG_KE_COC_BO
10
590.45
20
243.336
30
0.0
40
1.2
1
81,9
7
VN
0
TEXT
8
07_BANG_THONG_KE_COC_BO
10
601.25
20
243.336
30
0.0
40
1.2
1
\U+0110\U+1EA0T
7
VN
0
TEXT
8
07_BANG_THONG_KE_COC_BO
10
611.15
20
243.336
30
0.0
40
1.2
1
6\U+03A628 CB400-V
7
VN
0
TEXT
8
07_BANG_THONG_KE_COC_BO
10
627.35
20
243.336
30
0.0
40
1.2
1
XO\U+1EAEN \U+03A68 a150
7
VN
0
TEXT
8
07_BANG_THONG_KE_COC_BO
10
493.25
20
240.696
30
0.0
40
1.2
1
HV-P076
7
VN
0
TEXT
8
07_BANG_THONG_KE_COC_BO
10
505.85
20
240.696
30
0.0
40
1.2
1
B3A-D15
7
VN
0
TEXT
8
07_BANG_THONG_KE_COC_BO
10
516.65
20
240.696
30
0.0
40
1.2
1
B\U+00C8 3A
7
VN
0
TEXT
8
07_BANG_THONG_KE_COC_BO
10
524.75
20
240.696
30
0.0
40
1.2
1
197,50
7
VN
0
TEXT
8
07_BANG_THONG_KE_COC_BO
10
535.55
20
240.696
30
0.0
40
1.2
1
-291,25
7
VN
0
TEXT
8
07_BANG_THONG_KE_COC_BO
10
546.35
20
240.696
30
0.0
40
1.2
1
384,33
7
VN
0
TEXT
8
07_BANG_THONG_KE_COC_BO
10
555.35
20
240.696
30
0.0
40
1.2
1
1
7
VN
0
TEXT
8
07_BANG_THONG_KE_COC_BO
10
562.55
20
240.696
30
0.0
40
1.2
1
350
7
VN
0
TEXT
8
07_BANG_THONG_KE_COC_BO
10
570.65
20
240.696
30
0.0
40
1.2
1
6,5
7
VN
0
TEXT
8
07_BANG_THONG_KE_COC_BO
10
579.65
20
240.696
30
0.0
40
1.2
1
73,7
7
VN
0
TEXT
8
07_BANG_THONG_KE_COC_BO
10
590.45
20
240.696
30
0.0
40
1.2
1
81,9
7
VN
0
TEXT
8
07_BANG_THONG_KE_COC_BO
10
601.25
20
240.696
30
0.0
40
1.2
1
\U+0110\U+1EA0T
7
VN
0
TEXT
8
07_BANG_THONG_KE_COC_BO
10
611.15
20
240.696
30
0.0
40
1.2
1
6\U+03A628 CB400-V
7
VN
0
TEXT
8
07_BANG_THONG_KE_COC_BO
10
627.35
20
240.696
30
0.0
40
1.2
1
XO\U+1EAEN \U+03A68 a150
7
VN
0
TEXT
8
07_BANG_THONG_KE_COC_BO
10
493.25
20
238.056
30
0.0
40
1.2
1
HV-P077
7
VN
0
TEXT
8
07_BANG_THONG_KE_COC_BO
10
505.85
20
238.056
30
0.0
40
1.2
1
B3A-D16
7
VN
0
TEXT
8
07_BANG_THONG_KE_COC_BO
10
516.65
20
238.056
30
0.0
40
1.2
1
B\U+00C8 3A
7
VN
0
TEXT
8
07_BANG_THONG_KE_COC_BO
10
524.75
20
238.056
30
0.0
40
1.2
1
82,12
7
VN
0
TEXT
8
07_BANG_THONG_KE_COC_BO
10
535.55
20
238.056
30
0.0
40
1.2
1
-101,35
7
VN
0
TEXT
8
07_BANG_THONG_KE_COC_BO
10
546.35
20
238.056
30
0.0
40
1.2
1
384,37
7
VN
0
TEXT
8
07_BANG_THONG_KE_COC_BO
10
555.35
20
238.056
30
0.0
40
1.2
1
1
7
VN
0
TEXT
8
07_BANG_THONG_KE_COC_BO
10
562.55
20
238.056
30
0.0
40
1.2
1
350
7
VN
0
TEXT
8
07_BANG_THONG_KE_COC_BO
10
570.65
20
238.056
30
0.0
40
1.2
1
6,5
7
VN
0
TEXT
8
07_BANG_THONG_KE_COC_BO
10
579.65
20
238.056
30
0.0
40
1.2
1
73,7
7
VN
0
TEXT
8
07_BANG_THONG_KE_COC_BO
10
590.45
20
238.056
30
0.0
40
1.2
1
81,9
7
VN
0
TEXT
8
07_BANG_THONG_KE_COC_BO
10
601.25
20
238.056
30
0.0
40
1.2
1
\U+0110\U+1EA0T
7
VN
0
TEXT
8
07_BANG_THONG_KE_COC_BO
10
611.15
20
238.056
30
0.0
40
1.2
1
6\U+03A628 CB400-V
7
VN
0
TEXT
8
07_BANG_THONG_KE_COC_BO
10
627.35
20
238.056
30
0.0
40
1.2
1
XO\U+1EAEN \U+03A68 a150
7
VN
0
TEXT
8
07_BANG_THONG_KE_COC_BO
10
493.25
20
235.416
30
0.0
40
1.2
1
HV-P078
7
VN
0
TEXT
8
07_BANG_THONG_KE_COC_BO
10
505.85
20
235.416
30
0.0
40
1.2
1
B3A-D17
7
VN
0
TEXT
8
07_BANG_THONG_KE_COC_BO
10
516.65
20
235.416
30
0.0
40
1.2
1
B\U+00C8 3A
7
VN
0
TEXT
8
07_BANG_THONG_KE_COC_BO
10
524.75
20
235.416
30
0.0
40
1.2
1
82,15
7
VN
0
TEXT
8
07_BANG_THONG_KE_COC_BO
10
535.55
20
235.416
30
0.0
40
1.2
1
-106,44
7
VN
0
TEXT
8
07_BANG_THONG_KE_COC_BO
10
546.35
20
235.416
30
0.0
40
1.2
1
384,35
7
VN
0
TEXT
8
07_BANG_THONG_KE_COC_BO
10
555.35
20
235.416
30
0.0
40
1.2
1
1
7
VN
0
TEXT
8
07_BANG_THONG_KE_COC_BO
10
562.55
20
235.416
30
0.0
40
1.2
1
350
7
VN
0
TEXT
8
07_BANG_THONG_KE_COC_BO
10
570.65
20
235.416
30
0.0
40
1.2
1
6,5
7
VN
0
TEXT
8
07_BANG_THONG_KE_COC_BO
10
579.65
20
235.416
30
0.0
40
1.2
1
73,7
7
VN
0
TEXT
8
07_BANG_THONG_KE_COC_BO
10
590.45
20
235.416
30
0.0
40
1.2
1
81,9
7
VN
0
TEXT
8
07_BANG_THONG_KE_COC_BO
10
601.25
20
235.416
30
0.0
40
1.2
1
\U+0110\U+1EA0T
7
VN
0
TEXT
8
07_BANG_THONG_KE_COC_BO
10
611.15
20
235.416
30
0.0
40
1.2
1
6\U+03A628 CB400-V
7
VN
0
TEXT
8
07_BANG_THONG_KE_COC_BO
10
627.35
20
235.416
30
0.0
40
1.2
1
XO\U+1EAEN \U+03A68 a150
7
VN
0
TEXT
8
07_BANG_THONG_KE_COC_BO
10
493.25
20
232.776
30
0.0
40
1.2
1
HV-P079
7
VN
0
TEXT
8
07_BANG_THONG_KE_COC_BO
10
505.85
20
232.776
30
0.0
40
1.2
1
B3A-D18
7
VN
0
TEXT
8
07_BANG_THONG_KE_COC_BO
10
516.65
20
232.776
30
0.0
40
1.2
1
B\U+00C8 3A
7
VN
0
TEXT
8
07_BANG_THONG_KE_COC_BO
10
524.75
20
232.776
30
0.0
40
1.2
1
81,83
7
VN
0
TEXT
8
07_BANG_THONG_KE_COC_BO
10
535.55
20
232.776
30
0.0
40
1.2
1
-110,16
7
VN
0
TEXT
8
07_BANG_THONG_KE_COC_BO
10
546.35
20
232.776
30
0.0
40
1.2
1
384,07
7
VN
0
TEXT
8
07_BANG_THONG_KE_COC_BO
10
555.35
20
232.776
30
0.0
40
1.2
1
1
7
VN
0
TEXT
8
07_BANG_THONG_KE_COC_BO
10
562.55
20
232.776
30
0.0
40
1.2
1
350
7
VN
0
TEXT
8
07_BANG_THONG_KE_COC_BO
10
570.65
20
232.776
30
0.0
40
1.2
1
6,5
7
VN
0
TEXT
8
07_BANG_THONG_KE_COC_BO
10
579.65
20
232.776
30
0.0
40
1.2
1
73,7
7
VN
0
TEXT
8
07_BANG_THONG_KE_COC_BO
10
590.45
20
232.776
30
0.0
40
1.2
1
81,9
7
VN
0
TEXT
8
07_BANG_THONG_KE_COC_BO
10
601.25
20
232.776
30
0.0
40
1.2
1
\U+0110\U+1EA0T
7
VN
0
TEXT
8
07_BANG_THONG_KE_COC_BO
10
611.15
20
232.776
30
0.0
40
1.2
1
6\U+03A628 CB400-V
7
VN
0
TEXT
8
07_BANG_THONG_KE_COC_BO
10
627.35
20
232.776
30
0.0
40
1.2
1
XO\U+1EAEN \U+03A68 a150
7
VN
0
TEXT
8
07_BANG_THONG_KE_COC_BO
10
493.25
20
230.136
30
0.0
40
1.2
1
HV-P080
7
VN
0
TEXT
8
07_BANG_THONG_KE_COC_BO
10
505.85
20
230.136
30
0.0
40
1.2
1
B3A-D19
7
VN
0
TEXT
8
07_BANG_THONG_KE_COC_BO
10
516.65
20
230.136
30
0.0
40
1.2
1
B\U+00C8 3A
7
VN
0
TEXT
8
07_BANG_THONG_KE_COC_BO
10
524.75
20
230.136
30
0.0
40
1.2
1
77,16
7
VN
0
TEXT
8
07_BANG_THONG_KE_COC_BO
10
535.55
20
230.136
30
0.0
40
1.2
1
-111,41
7
VN
0
TEXT
8
07_BANG_THONG_KE_COC_BO
10
546.35
20
230.136
30
0.0
40
1.2
1
384,46
7
VN
0
TEXT
8
07_BANG_THONG_KE_COC_BO
10
555.35
20
230.136
30
0.0
40
1.2
1
1
7
VN
0
TEXT
8
07_BANG_THONG_KE_COC_BO
10
562.55
20
230.136
30
0.0
40
1.2
1
350
7
VN
0
TEXT
8
07_BANG_THONG_KE_COC_BO
10
570.65
20
230.136
30
0.0
40
1.2
1
6,5
7
VN
0
TEXT
8
07_BANG_THONG_KE_COC_BO
10
579.65
20
230.136
30
0.0
40
1.2
1
73,7
7
VN
0
TEXT
8
07_BANG_THONG_KE_COC_BO
10
590.45
20
230.136
30
0.0
40
1.2
1
81,9
7
VN
0
TEXT
8
07_BANG_THONG_KE_COC_BO
10
601.25
20
230.136
30
0.0
40
1.2
1
\U+0110\U+1EA0T
7
VN
0
TEXT
8
07_BANG_THONG_KE_COC_BO
10
611.15
20
230.136
30
0.0
40
1.2
1
6\U+03A628 CB400-V
7
VN
0
TEXT
8
07_BANG_THONG_KE_COC_BO
10
627.35
20
230.136
30
0.0
40
1.2
1
XO\U+1EAEN \U+03A68 a150
7
VN
0
TEXT
8
07_BANG_THONG_KE_COC_BO
10
493.25
20
227.496
30
0.0
40
1.2
1
HV-P081
7
VN
0
TEXT
8
07_BANG_THONG_KE_COC_BO
10
505.85
20
227.496
30
0.0
40
1.2
1
B3A-D20
7
VN
0
TEXT
8
07_BANG_THONG_KE_COC_BO
10
516.65
20
227.496
30
0.0
40
1.2
1
B\U+00C8 3A
7
VN
0
TEXT
8
07_BANG_THONG_KE_COC_BO
10
524.75
20
227.496
30
0.0
40
1.2
1
79,69
7
VN
0
TEXT
8
07_BANG_THONG_KE_COC_BO
10
535.55
20
227.496
30
0.0
40
1.2
1
-113,64
7
VN
0
TEXT
8
07_BANG_THONG_KE_COC_BO
10
546.35
20
227.496
30
0.0
40
1.2
1
384,01
7
VN
0
TEXT
8
07_BANG_THONG_KE_COC_BO
10
555.35
20
227.496
30
0.0
40
1.2
1
1
7
VN
0
TEXT
8
07_BANG_THONG_KE_COC_BO
10
562.55
20
227.496
30
0.0
40
1.2
1
350
7
VN
0
TEXT
8
07_BANG_THONG_KE_COC_BO
10
570.65
20
227.496
30
0.0
40
1.2
1
6,5
7
VN
0
TEXT
8
07_BANG_THONG_KE_COC_BO
10
579.65
20
227.496
30
0.0
40
1.2
1
73,7
7
VN
0
TEXT
8
07_BANG_THONG_KE_COC_BO
10
590.45
20
227.496
30
0.0
40
1.2
1
81,9
7
VN
0
TEXT
8
07_BANG_THONG_KE_COC_BO
10
601.25
20
227.496
30
0.0
40
1.2
1
\U+0110\U+1EA0T
7
VN
0
TEXT
8
07_BANG_THONG_KE_COC_BO
10
611.15
20
227.496
30
0.0
40
1.2
1
6\U+03A628 CB400-V
7
VN
0
TEXT
8
07_BANG_THONG_KE_COC_BO
10
627.35
20
227.496
30
0.0
40
1.2
1
XO\U+1EAEN \U+03A68 a150
7
VN
0
TEXT
8
07_BANG_THONG_KE_COC_BO
10
493.25
20
224.856
30
0.0
40
1.2
1
HV-P086
7
VN
0
TEXT
8
07_BANG_THONG_KE_COC_BO
10
505.85
20
224.856
30
0.0
40
1.2
1
B3A-D25
7
VN
0
TEXT
8
07_BANG_THONG_KE_COC_BO
10
516.65
20
224.856
30
0.0
40
1.2
1
B\U+00C8 3A
7
VN
0
TEXT
8
07_BANG_THONG_KE_COC_BO
10
524.75
20
224.856
30
0.0
40
1.2
1
-33,69
7
VN
0
TEXT
8
07_BANG_THONG_KE_COC_BO
10
535.55
20
224.856
30
0.0
40
1.2
1
-177,07
7
VN
0
TEXT
8
07_BANG_THONG_KE_COC_BO
10
546.35
20
224.856
30
0.0
40
1.2
1
384,04
7
VN
0
TEXT
8
07_BANG_THONG_KE_COC_BO
10
555.35
20
224.856
30
0.0
40
1.2
1
1
7
VN
0
TEXT
8
07_BANG_THONG_KE_COC_BO
10
562.55
20
224.856
30
0.0
40
1.2
1
350
7
VN
0
TEXT
8
07_BANG_THONG_KE_COC_BO
10
570.65
20
224.856
30
0.0
40
1.2
1
6,5
7
VN
0
TEXT
8
07_BANG_THONG_KE_COC_BO
10
579.65
20
224.856
30
0.0
40
1.2
1
73,7
7
VN
0
TEXT
8
07_BANG_THONG_KE_COC_BO
10
590.45
20
224.856
30
0.0
40
1.2
1
81,9
7
VN
0
TEXT
8
07_BANG_THONG_KE_COC_BO
10
601.25
20
224.856
30
0.0
40
1.2
1
\U+0110\U+1EA0T
7
VN
0
TEXT
8
07_BANG_THONG_KE_COC_BO
10
611.15
20
224.856
30
0.0
40
1.2
1
6\U+03A628 CB400-V
7
VN
0
TEXT
8
07_BANG_THONG_KE_COC_BO
10
627.35
20
224.856
30
0.0
40
1.2
1
XO\U+1EAEN \U+03A68 a150
7
VN
0
TEXT
8
07_BANG_THONG_KE_COC_BO
10
493.25
20
222.216
30
0.0
40
1.2
1
HV-P087
7
VN
0
TEXT
8
07_BANG_THONG_KE_COC_BO
10
505.85
20
222.216
30
0.0
40
1.2
1
B3A-D26
7
VN
0
TEXT
8
07_BANG_THONG_KE_COC_BO
10
516.65
20
222.216
30
0.0
40
1.2
1
B\U+00C8 3A
7
VN
0
TEXT
8
07_BANG_THONG_KE_COC_BO
10
524.75
20
222.216
30
0.0
40
1.2
1
-19,89
7
VN
0
TEXT
8
07_BANG_THONG_KE_COC_BO
10
535.55
20
222.216
30
0.0
40
1.2
1
-190,28
7
VN
0
TEXT
8
07_BANG_THONG_KE_COC_BO
10
546.35
20
222.216
30
0.0
40
1.2
1
384,07
7
VN
0
TEXT
8
07_BANG_THONG_KE_COC_BO
10
555.35
20
222.216
30
0.0
40
1.2
1
1
7
VN
0
TEXT
8
07_BANG_THONG_KE_COC_BO
10
562.55
20
222.216
30
0.0
40
1.2
1
350
7
VN
0
TEXT
8
07_BANG_THONG_KE_COC_BO
10
570.65
20
222.216
30
0.0
40
1.2
1
6,5
7
VN
0
TEXT
8
07_BANG_THONG_KE_COC_BO
10
579.65
20
222.216
30
0.0
40
1.2
1
73,7
7
VN
0
TEXT
8
07_BANG_THONG_KE_COC_BO
10
590.45
20
222.216
30
0.0
40
1.2
1
81,9
7
VN
0
TEXT
8
07_BANG_THONG_KE_COC_BO
10
601.25
20
222.216
30
0.0
40
1.2
1
\U+0110\U+1EA0T
7
VN
0
TEXT
8
07_BANG_THONG_KE_COC_BO
10
611.15
20
222.216
30
0.0
40
1.2
1
6\U+03A628 CB400-V
7
VN
0
TEXT
8
07_BANG_THONG_KE_COC_BO
10
627.35
20
222.216
30
0.0
40
1.2
1
XO\U+1EAEN \U+03A68 a150
7
VN
0
TEXT
8
07_BANG_THONG_KE_COC_BO
10
493.25
20
219.576
30
0.0
40
1.2
1
HV-P088
7
VN
0
TEXT
8
07_BANG_THONG_KE_COC_BO
10
505.85
20
219.576
30
0.0
40
1.2
1
B3A-D27
7
VN
0
TEXT
8
07_BANG_THONG_KE_COC_BO
10
516.65
20
219.576
30
0.0
40
1.2
1
B\U+00C8 3A
7
VN
0
TEXT
8
07_BANG_THONG_KE_COC_BO
10
524.75
20
219.576
30
0.0
40
1.2
1
-19,53
7
VN
0
TEXT
8
07_BANG_THONG_KE_COC_BO
10
535.55
20
219.576
30
0.0
40
1.2
1
-195,07
7
VN
0
TEXT
8
07_BANG_THONG_KE_COC_BO
10
546.35
20
219.576
30
0.0
40
1.2
1
385,25
7
VN
0
TEXT
8
07_BANG_THONG_KE_COC_BO
10
555.35
20
219.576
30
0.0
40
1.2
1
1
7
VN
0
TEXT
8
07_BANG_THONG_KE_COC_BO
10
562.55
20
219.576
30
0.0
40
1.2
1
350
7
VN
0
TEXT
8
07_BANG_THONG_KE_COC_BO
10
570.65
20
219.576
30
0.0
40
1.2
1
6,5
7
VN
0
TEXT
8
07_BANG_THONG_KE_COC_BO
10
579.65
20
219.576
30
0.0
40
1.2
1
73,7
7
VN
0
TEXT
8
07_BANG_THONG_KE_COC_BO
10
590.45
20
219.576
30
0.0
40
1.2
1
81,9
7
VN
0
TEXT
8
07_BANG_THONG_KE_COC_BO
10
601.25
20
219.576
30
0.0
40
1.2
1
\U+0110\U+1EA0T
7
VN
0
TEXT
8
07_BANG_THONG_KE_COC_BO
10
611.15
20
219.576
30
0.0
40
1.2
1
6\U+03A628 CB400-V
7
VN
0
TEXT
8
07_BANG_THONG_KE_COC_BO
10
627.35
20
219.576
30
0.0
40
1.2
1
XO\U+1EAEN \U+03A68 a150
7
VN
0
TEXT
8
07_BANG_THONG_KE_COC_BO
10
493.25
20
216.936
30
0.0
40
1.2
1
HV-P089
7
VN
0
TEXT
8
07_BANG_THONG_KE_COC_BO
10
505.85
20
216.936
30
0.0
40
1.2
1
B3A-D28
7
VN
0
TEXT
8
07_BANG_THONG_KE_COC_BO
10
516.65
20
216.936
30
0.0
40
1.2
1
B\U+00C8 3A
7
VN
0
TEXT
8
07_BANG_THONG_KE_COC_BO
10
524.75
20
216.936
30
0.0
40
1.2
1
4,62
7
VN
0
TEXT
8
07_BANG_THONG_KE_COC_BO
10
535.55
20
216.936
30
0.0
40
1.2
1
-217,31
7
VN
0
TEXT
8
07_BANG_THONG_KE_COC_BO
10
546.35
20
216.936
30
0.0
40
1.2
1
384,14
7
VN
0
TEXT
8
07_BANG_THONG_KE_COC_BO
10
555.35
20
216.936
30
0.0
40
1.2
1
1
7
VN
0
TEXT
8
07_BANG_THONG_KE_COC_BO
10
562.55
20
216.936
30
0.0
40
1.2
1
350
7
VN
0
TEXT
8
07_BANG_THONG_KE_COC_BO
10
570.65
20
216.936
30
0.0
40
1.2
1
6,5
7
VN
0
TEXT
8
07_BANG_THONG_KE_COC_BO
10
579.65
20
216.936
30
0.0
40
1.2
1
73,7
7
VN
0
TEXT
8
07_BANG_THONG_KE_COC_BO
10
590.45
20
216.936
30
0.0
40
1.2
1
81,9
7
VN
0
TEXT
8
07_BANG_THONG_KE_COC_BO
10
601.25
20
216.936
30
0.0
40
1.2
1
\U+0110\U+1EA0T
7
VN
0
TEXT
8
07_BANG_THONG_KE_COC_BO
10
611.15
20
216.936
30
0.0
40
1.2
1
6\U+03A628 CB400-V
7
VN
0
TEXT
8
07_BANG_THONG_KE_COC_BO
10
627.35
20
216.936
30
0.0
40
1.2
1
XO\U+1EAEN \U+03A68 a150
7
VN
0
TEXT
8
07_BANG_THONG_KE_COC_BO
10
493.25
20
214.296
30
0.0
40
1.2
1
HV-P090
7
VN
0
TEXT
8
07_BANG_THONG_KE_COC_BO
10
505.85
20
214.296
30
0.0
40
1.2
1
B3A-D29
7
VN
0
TEXT
8
07_BANG_THONG_KE_COC_BO
10
516.65
20
214.296
30
0.0
40
1.2
1
B\U+00C8 3A
7
VN
0
TEXT
8
07_BANG_THONG_KE_COC_BO
10
524.75
20
214.296
30
0.0
40
1.2
1
14,16
7
VN
0
TEXT
8
07_BANG_THONG_KE_COC_BO
10
535.55
20
214.296
30
0.0
40
1.2
1
-225,47
7
VN
0
TEXT
8
07_BANG_THONG_KE_COC_BO
10
546.35
20
214.296
30
0.0
40
1.2
1
384,11
7
VN
0
TEXT
8
07_BANG_THONG_KE_COC_BO
10
555.35
20
214.296
30
0.0
40
1.2
1
1
7
VN
0
TEXT
8
07_BANG_THONG_KE_COC_BO
10
562.55
20
214.296
30
0.0
40
1.2
1
350
7
VN
0
TEXT
8
07_BANG_THONG_KE_COC_BO
10
570.65
20
214.296
30
0.0
40
1.2
1
6,5
7
VN
0
TEXT
8
07_BANG_THONG_KE_COC_BO
10
579.65
20
214.296
30
0.0
40
1.2
1
73,7
7
VN
0
TEXT
8
07_BANG_THONG_KE_COC_BO
10
590.45
20
214.296
30
0.0
40
1.2
1
81,9
7
VN
0
TEXT
8
07_BANG_THONG_KE_COC_BO
10
601.25
20
214.296
30
0.0
40
1.2
1
\U+0110\U+1EA0T
7
VN
0
TEXT
8
07_BANG_THONG_KE_COC_BO
10
611.15
20
214.296
30
0.0
40
1.2
1
6\U+03A628 CB400-V
7
VN
0
TEXT
8
07_BANG_THONG_KE_COC_BO
10
627.35
20
214.296
30
0.0
40
1.2
1
XO\U+1EAEN \U+03A68 a150
7
VN
0
TEXT
8
07_BANG_THONG_KE_COC_BO
10
493.25
20
211.656
30
0.0
40
1.2
1
HV-P091
7
VN
0
TEXT
8
07_BANG_THONG_KE_COC_BO
10
505.85
20
211.656
30
0.0
40
1.2
1
B3A-D30
7
VN
0
TEXT
8
07_BANG_THONG_KE_COC_BO
10
516.65
20
211.656
30
0.0
40
1.2
1
B\U+00C8 3A
7
VN
0
TEXT
8
07_BANG_THONG_KE_COC_BO
10
524.75
20
211.656
30
0.0
40
1.2
1
25,36
7
VN
0
TEXT
8
07_BANG_THONG_KE_COC_BO
10
535.55
20
211.656
30
0.0
40
1.2
1
-234,26
7
VN
0
TEXT
8
07_BANG_THONG_KE_COC_BO
10
546.35
20
211.656
30
0.0
40
1.2
1
384,03
7
VN
0
TEXT
8
07_BANG_THONG_KE_COC_BO
10
555.35
20
211.656
30
0.0
40
1.2
1
1
7
VN
0
TEXT
8
07_BANG_THONG_KE_COC_BO
10
562.55
20
211.656
30
0.0
40
1.2
1
350
7
VN
0
TEXT
8
07_BANG_THONG_KE_COC_BO
10
570.65
20
211.656
30
0.0
40
1.2
1
6,5
7
VN
0
TEXT
8
07_BANG_THONG_KE_COC_BO
10
579.65
20
211.656
30
0.0
40
1.2
1
73,7
7
VN
0
TEXT
8
07_BANG_THONG_KE_COC_BO
10
590.45
20
211.656
30
0.0
40
1.2
1
81,9
7
VN
0
TEXT
8
07_BANG_THONG_KE_COC_BO
10
601.25
20
211.656
30
0.0
40
1.2
1
\U+0110\U+1EA0T
7
VN
0
TEXT
8
07_BANG_THONG_KE_COC_BO
10
611.15
20
211.656
30
0.0
40
1.2
1
6\U+03A628 CB400-V
7
VN
0
TEXT
8
07_BANG_THONG_KE_COC_BO
10
627.35
20
211.656
30
0.0
40
1.2
1
XO\U+1EAEN \U+03A68 a150
7
VN
0
TEXT
8
07_BANG_THONG_KE_COC_BO
10
493.25
20
209.016
30
0.0
40
1.2
1
HV-P092
7
VN
0
TEXT
8
07_BANG_THONG_KE_COC_BO
10
505.85
20
209.016
30
0.0
40
1.2
1
B3A-D31
7
VN
0
TEXT
8
07_BANG_THONG_KE_COC_BO
10
516.65
20
209.016
30
0.0
40
1.2
1
B\U+00C8 3A
7
VN
0
TEXT
8
07_BANG_THONG_KE_COC_BO
10
524.75
20
209.016
30
0.0
40
1.2
1
28,19
7
VN
0
TEXT
8
07_BANG_THONG_KE_COC_BO
10
535.55
20
209.016
30
0.0
40
1.2
1
-236,49
7
VN
0
TEXT
8
07_BANG_THONG_KE_COC_BO
10
546.35
20
209.016
30
0.0
40
1.2
1
384,12
7
VN
0
TEXT
8
07_BANG_THONG_KE_COC_BO
10
555.35
20
209.016
30
0.0
40
1.2
1
1
7
VN
0
TEXT
8
07_BANG_THONG_KE_COC_BO
10
562.55
20
209.016
30
0.0
40
1.2
1
350
7
VN
0
TEXT
8
07_BANG_THONG_KE_COC_BO
10
570.65
20
209.016
30
0.0
40
1.2
1
6,5
7
VN
0
TEXT
8
07_BANG_THONG_KE_COC_BO
10
579.65
20
209.016
30
0.0
40
1.2
1
73,7
7
VN
0
TEXT
8
07_BANG_THONG_KE_COC_BO
10
590.45
20
209.016
30
0.0
40
1.2
1
81,9
7
VN
0
TEXT
8
07_BANG_THONG_KE_COC_BO
10
601.25
20
209.016
30
0.0
40
1.2
1
\U+0110\U+1EA0T
7
VN
0
TEXT
8
07_BANG_THONG_KE_COC_BO
10
611.15
20
209.016
30
0.0
40
1.2
1
6\U+03A628 CB400-V
7
VN
0
TEXT
8
07_BANG_THONG_KE_COC_BO
10
627.35
20
209.016
30
0.0
40
1.2
1
XO\U+1EAEN \U+03A68 a150
7
VN
0
TEXT
8
07_BANG_THONG_KE_COC_BO
10
493.25
20
206.376
30
0.0
40
1.2
1
HV-P093
7
VN
0
TEXT
8
07_BANG_THONG_KE_COC_BO
10
505.85
20
206.376
30
0.0
40
1.2
1
B3A-D32
7
VN
0
TEXT
8
07_BANG_THONG_KE_COC_BO
10
516.65
20
206.376
30
0.0
40
1.2
1
B\U+00C8 3A
7
VN
0
TEXT
8
07_BANG_THONG_KE_COC_BO
10
524.75
20
206.376
30
0.0
40
1.2
1
28,05
7
VN
0
TEXT
8
07_BANG_THONG_KE_COC_BO
10
535.55
20
206.376
30
0.0
40
1.2
1
-240,56
7
VN
0
TEXT
8
07_BANG_THONG_KE_COC_BO
10
546.35
20
206.376
30
0.0
40
1.2
1
385,26
7
VN
0
TEXT
8
07_BANG_THONG_KE_COC_BO
10
555.35
20
206.376
30
0.0
40
1.2
1
1
7
VN
0
TEXT
8
07_BANG_THONG_KE_COC_BO
10
562.55
20
206.376
30
0.0
40
1.2
1
350
7
VN
0
TEXT
8
07_BANG_THONG_KE_COC_BO
10
570.65
20
206.376
30
0.0
40
1.2
1
6,5
7
VN
0
TEXT
8
07_BANG_THONG_KE_COC_BO
10
579.65
20
206.376
30
0.0
40
1.2
1
73,7
7
VN
0
TEXT
8
07_BANG_THONG_KE_COC_BO
10
590.45
20
206.376
30
0.0
40
1.2
1
81,9
7
VN
0
TEXT
8
07_BANG_THONG_KE_COC_BO
10
601.25
20
206.376
30
0.0
40
1.2
1
\U+0110\U+1EA0T
7
VN
0
TEXT
8
07_BANG_THONG_KE_COC_BO
10
611.15
20
206.376
30
0.0
40
1.2
1
6\U+03A628 CB400-V
7
VN
0
TEXT
8
07_BANG_THONG_KE_COC_BO
10
627.35
20
206.376
30
0.0
40
1.2
1
XO\U+1EAEN \U+03A68 a150
7
VN
0
TEXT
8
07_BANG_THONG_KE_COC_BO
10
493.25
20
203.736
30
0.0
40
1.2
1
HV-P094
7
VN
0
TEXT
8
07_BANG_THONG_KE_COC_BO
10
505.85
20
203.736
30
0.0
40
1.2
1
B3A-D33
7
VN
0
TEXT
8
07_BANG_THONG_KE_COC_BO
10
516.65
20
203.736
30
0.0
40
1.2
1
B\U+00C8 3A
7
VN
0
TEXT
8
07_BANG_THONG_KE_COC_BO
10
524.75
20
203.736
30
0.0
40
1.2
1
31,09
7
VN
0
TEXT
8
07_BANG_THONG_KE_COC_BO
10
535.55
20
203.736
30
0.0
40
1.2
1
-239,68
7
VN
0
TEXT
8
07_BANG_THONG_KE_COC_BO
10
546.35
20
203.736
30
0.0
40
1.2
1
384,15
7
VN
0
TEXT
8
07_BANG_THONG_KE_COC_BO
10
555.35
20
203.736
30
0.0
40
1.2
1
1
7
VN
0
TEXT
8
07_BANG_THONG_KE_COC_BO
10
562.55
20
203.736
30
0.0
40
1.2
1
350
7
VN
0
TEXT
8
07_BANG_THONG_KE_COC_BO
10
570.65
20
203.736
30
0.0
40
1.2
1
6,5
7
VN
0
TEXT
8
07_BANG_THONG_KE_COC_BO
10
579.65
20
203.736
30
0.0
40
1.2
1
73,7
7
VN
0
TEXT
8
07_BANG_THONG_KE_COC_BO
10
590.45
20
203.736
30
0.0
40
1.2
1
81,9
7
VN
0
TEXT
8
07_BANG_THONG_KE_COC_BO
10
601.25
20
203.736
30
0.0
40
1.2
1
\U+0110\U+1EA0T
7
VN
0
TEXT
8
07_BANG_THONG_KE_COC_BO
10
611.15
20
203.736
30
0.0
40
1.2
1
6\U+03A628 CB400-V
7
VN
0
TEXT
8
07_BANG_THONG_KE_COC_BO
10
627.35
20
203.736
30
0.0
40
1.2
1
XO\U+1EAEN \U+03A68 a150
7
VN
0
TEXT
8
07_BANG_THONG_KE_COC_BO
10
493.25
20
201.096
30
0.0
40
1.2
1
HV-P095
7
VN
0
TEXT
8
07_BANG_THONG_KE_COC_BO
10
505.85
20
201.096
30
0.0
40
1.2
1
B3A-D34
7
VN
0
TEXT
8
07_BANG_THONG_KE_COC_BO
10
516.65
20
201.096
30
0.0
40
1.2
1
B\U+00C8 3A
7
VN
0
TEXT
8
07_BANG_THONG_KE_COC_BO
10
524.75
20
201.096
30
0.0
40
1.2
1
80,44
7
VN
0
TEXT
8
07_BANG_THONG_KE_COC_BO
10
535.55
20
201.096
30
0.0
40
1.2
1
-284,54
7
VN
0
TEXT
8
07_BANG_THONG_KE_COC_BO
10
546.35
20
201.096
30
0.0
40
1.2
1
384,08
7
VN
0
TEXT
8
07_BANG_THONG_KE_COC_BO
10
555.35
20
201.096
30
0.0
40
1.2
1
1
7
VN
0
TEXT
8
07_BANG_THONG_KE_COC_BO
10
562.55
20
201.096
30
0.0
40
1.2
1
350
7
VN
0
TEXT
8
07_BANG_THONG_KE_COC_BO
10
570.65
20
201.096
30
0.0
40
1.2
1
6,5
7
VN
0
TEXT
8
07_BANG_THONG_KE_COC_BO
10
579.65
20
201.096
30
0.0
40
1.2
1
73,7
7
VN
0
TEXT
8
07_BANG_THONG_KE_COC_BO
10
590.45
20
201.096
30
0.0
40
1.2
1
81,9
7
VN
0
TEXT
8
07_BANG_THONG_KE_COC_BO
10
601.25
20
201.096
30
0.0
40
1.2
1
\U+0110\U+1EA0T
7
VN
0
TEXT
8
07_BANG_THONG_KE_COC_BO
10
611.15
20
201.096
30
0.0
40
1.2
1
6\U+03A628 CB400-V
7
VN
0
TEXT
8
07_BANG_THONG_KE_COC_BO
10
627.35
20
201.096
30
0.0
40
1.2
1
XO\U+1EAEN \U+03A68 a150
7
VN
0
TEXT
8
07_BANG_THONG_KE_COC_BO
10
493.25
20
198.456
30
0.0
40
1.2
1
HV-P096
7
VN
0
TEXT
8
07_BANG_THONG_KE_COC_BO
10
505.85
20
198.456
30
0.0
40
1.2
1
B3A-D35
7
VN
0
TEXT
8
07_BANG_THONG_KE_COC_BO
10
516.65
20
198.456
30
0.0
40
1.2
1
B\U+00C8 3A
7
VN
0
TEXT
8
07_BANG_THONG_KE_COC_BO
10
524.75
20
198.456
30
0.0
40
1.2
1
94,94
7
VN
0
TEXT
8
07_BANG_THONG_KE_COC_BO
10
535.55
20
198.456
30
0.0
40
1.2
1
-285,54
7
VN
0
TEXT
8
07_BANG_THONG_KE_COC_BO
10
546.35
20
198.456
30
0.0
40
1.2
1
384,12
7
VN
0
TEXT
8
07_BANG_THONG_KE_COC_BO
10
555.35
20
198.456
30
0.0
40
1.2
1
1
7
VN
0
TEXT
8
07_BANG_THONG_KE_COC_BO
10
562.55
20
198.456
30
0.0
40
1.2
1
350
7
VN
0
TEXT
8
07_BANG_THONG_KE_COC_BO
10
570.65
20
198.456
30
0.0
40
1.2
1
6,5
7
VN
0
TEXT
8
07_BANG_THONG_KE_COC_BO
10
579.65
20
198.456
30
0.0
40
1.2
1
73,7
7
VN
0
TEXT
8
07_BANG_THONG_KE_COC_BO
10
590.45
20
198.456
30
0.0
40
1.2
1
81,9
7
VN
0
TEXT
8
07_BANG_THONG_KE_COC_BO
10
601.25
20
198.456
30
0.0
40
1.2
1
\U+0110\U+1EA0T
7
VN
0
TEXT
8
07_BANG_THONG_KE_COC_BO
10
611.15
20
198.456
30
0.0
40
1.2
1
6\U+03A628 CB400-V
7
VN
0
TEXT
8
07_BANG_THONG_KE_COC_BO
10
627.35
20
198.456
30
0.0
40
1.2
1
XO\U+1EAEN \U+03A68 a150
7
VN
0
TEXT
8
07_BANG_THONG_KE_COC_BO
10
493.25
20
195.816
30
0.0
40
1.2
1
HV-P112
7
VN
0
TEXT
8
07_BANG_THONG_KE_COC_BO
10
505.85
20
195.816
30
0.0
40
1.2
1
B5A-D01
7
VN
0
TEXT
8
07_BANG_THONG_KE_COC_BO
10
516.65
20
195.816
30
0.0
40
1.2
1
B\U+00C8 5A
7
VN
0
TEXT
8
07_BANG_THONG_KE_COC_BO
10
524.75
20
195.816
30
0.0
40
1.2
1
219,74
7
VN
0
TEXT
8
07_BANG_THONG_KE_COC_BO
10
535.55
20
195.816
30
0.0
40
1.2
1
-292,14
7
VN
0
TEXT
8
07_BANG_THONG_KE_COC_BO
10
546.35
20
195.816
30
0.0
40
1.2
1
384,42
7
VN
0
TEXT
8
07_BANG_THONG_KE_COC_BO
10
555.35
20
195.816
30
0.0
40
1.2
1
1
7
VN
0
TEXT
8
07_BANG_THONG_KE_COC_BO
10
562.55
20
195.816
30
0.0
40
1.2
1
350
7
VN
0
TEXT
8
07_BANG_THONG_KE_COC_BO
10
570.65
20
195.816
30
0.0
40
1.2
1
6,5
7
VN
0
TEXT
8
07_BANG_THONG_KE_COC_BO
10
579.65
20
195.816
30
0.0
40
1.2
1
87,3
7
VN
0
TEXT
8
07_BANG_THONG_KE_COC_BO
10
590.45
20
195.816
30
0.0
40
1.2
1
99,6
7
VN
0
TEXT
8
07_BANG_THONG_KE_COC_BO
10
601.25
20
195.816
30
0.0
40
1.2
1
\U+0110\U+1EA0T
7
VN
0
TEXT
8
07_BANG_THONG_KE_COC_BO
10
611.15
20
195.816
30
0.0
40
1.2
1
6\U+03A632 CB400-V
7
VN
0
TEXT
8
07_BANG_THONG_KE_COC_BO
10
627.35
20
195.816
30
0.0
40
1.2
1
XO\U+1EAEN \U+03A68 a150
7
VN
0
TEXT
8
07_BANG_THONG_KE_COC_BO
10
493.25
20
193.176
30
0.0
40
1.2
1
HV-P113
7
VN
0
TEXT
8
07_BANG_THONG_KE_COC_BO
10
505.85
20
193.176
30
0.0
40
1.2
1
B5A-D02
7
VN
0
TEXT
8
07_BANG_THONG_KE_COC_BO
10
516.65
20
193.176
30
0.0
40
1.2
1
B\U+00C8 5A
7
VN
0
TEXT
8
07_BANG_THONG_KE_COC_BO
10
524.75
20
193.176
30
0.0
40
1.2
1
405,89
7
VN
0
TEXT
8
07_BANG_THONG_KE_COC_BO
10
535.55
20
193.176
30
0.0
40
1.2
1
-230,56
7
VN
0
TEXT
8
07_BANG_THONG_KE_COC_BO
10
546.35
20
193.176
30
0.0
40
1.2
1
384,04
7
VN
0
TEXT
8
07_BANG_THONG_KE_COC_BO
10
555.35
20
193.176
30
0.0
40
1.2
1
1
7
VN
0
TEXT
8
07_BANG_THONG_KE_COC_BO
10
562.55
20
193.176
30
0.0
40
1.2
1
350
7
VN
0
TEXT
8
07_BANG_THONG_KE_COC_BO
10
570.65
20
193.176
30
0.0
40
1.2
1
6,5
7
VN
0
TEXT
8
07_BANG_THONG_KE_COC_BO
10
579.65
20
193.176
30
0.0
40
1.2
1
87,3
7
VN
0
TEXT
8
07_BANG_THONG_KE_COC_BO
10
590.45
20
193.176
30
0.0
40
1.2
1
99,6
7
VN
0
TEXT
8
07_BANG_THONG_KE_COC_BO
10
601.25
20
193.176
30
0.0
40
1.2
1
\U+0110\U+1EA0T
7
VN
0
TEXT
8
07_BANG_THONG_KE_COC_BO
10
611.15
20
193.176
30
0.0
40
1.2
1
6\U+03A632 CB400-V
7
VN
0
TEXT
8
07_BANG_THONG_KE_COC_BO
10
627.35
20
193.176
30
0.0
40
1.2
1
XO\U+1EAEN \U+03A68 a150
7
VN
0
TEXT
8
07_BANG_THONG_KE_COC_BO
10
493.25
20
190.536
30
0.0
40
1.2
1
HV-P114
7
VN
0
TEXT
8
07_BANG_THONG_KE_COC_BO
10
505.85
20
190.536
30
0.0
40
1.2
1
B5A-D03
7
VN
0
TEXT
8
07_BANG_THONG_KE_COC_BO
10
516.65
20
190.536
30
0.0
40
1.2
1
B\U+00C8 5A
7
VN
0
TEXT
8
07_BANG_THONG_KE_COC_BO
10
524.75
20
190.536
30
0.0
40
1.2
1
392,37
7
VN
0
TEXT
8
07_BANG_THONG_KE_COC_BO
10
535.55
20
190.536
30
0.0
40
1.2
1
-246,48
7
VN
0
TEXT
8
07_BANG_THONG_KE_COC_BO
10
546.35
20
190.536
30
0.0
40
1.2
1
384,59
7
VN
0
TEXT
8
07_BANG_THONG_KE_COC_BO
10
555.35
20
190.536
30
0.0
40
1.2
1
1
7
VN
0
TEXT
8
07_BANG_THONG_KE_COC_BO
10
562.55
20
190.536
30
0.0
40
1.2
1
350
7
VN
0
TEXT
8
07_BANG_THONG_KE_COC_BO
10
570.65
20
190.536
30
0.0
40
1.2
1
6,5
7
VN
0
TEXT
8
07_BANG_THONG_KE_COC_BO
10
579.65
20
190.536
30
0.0
40
1.2
1
87,3
7
VN
0
TEXT
8
07_BANG_THONG_KE_COC_BO
10
590.45
20
190.536
30
0.0
40
1.2
1
99,6
7
VN
0
TEXT
8
07_BANG_THONG_KE_COC_BO
10
601.25
20
190.536
30
0.0
40
1.2
1
\U+0110\U+1EA0T
7
VN
0
TEXT
8
07_BANG_THONG_KE_COC_BO
10
611.15
20
190.536
30
0.0
40
1.2
1
6\U+03A632 CB400-V
7
VN
0
TEXT
8
07_BANG_THONG_KE_COC_BO
10
627.35
20
190.536
30
0.0
40
1.2
1
XO\U+1EAEN \U+03A68 a150
7
VN
0
TEXT
8
07_BANG_THONG_KE_COC_BO
10
493.25
20
187.896
30
0.0
40
1.2
1
HV-P115
7
VN
0
TEXT
8
07_BANG_THONG_KE_COC_BO
10
505.85
20
187.896
30
0.0
40
1.2
1
B5A-D04
7
VN
0
TEXT
8
07_BANG_THONG_KE_COC_BO
10
516.65
20
187.896
30
0.0
40
1.2
1
B\U+00C8 5A
7
VN
0
TEXT
8
07_BANG_THONG_KE_COC_BO
10
524.75
20
187.896
30
0.0
40
1.2
1
385,01
7
VN
0
TEXT
8
07_BANG_THONG_KE_COC_BO
10
535.55
20
187.896
30
0.0
40
1.2
1
-253,64
7
VN
0
TEXT
8
07_BANG_THONG_KE_COC_BO
10
546.35
20
187.896
30
0.0
40
1.2
1
384,53
7
VN
0
TEXT
8
07_BANG_THONG_KE_COC_BO
10
555.35
20
187.896
30
0.0
40
1.2
1
1
7
VN
0
TEXT
8
07_BANG_THONG_KE_COC_BO
10
562.55
20
187.896
30
0.0
40
1.2
1
350
7
VN
0
TEXT
8
07_BANG_THONG_KE_COC_BO
10
570.65
20
187.896
30
0.0
40
1.2
1
6,5
7
VN
0
TEXT
8
07_BANG_THONG_KE_COC_BO
10
579.65
20
187.896
30
0.0
40
1.2
1
87,3
7
VN
0
TEXT
8
07_BANG_THONG_KE_COC_BO
10
590.45
20
187.896
30
0.0
40
1.2
1
99,6
7
VN
0
TEXT
8
07_BANG_THONG_KE_COC_BO
10
601.25
20
187.896
30
0.0
40
1.2
1
\U+0110\U+1EA0T
7
VN
0
TEXT
8
07_BANG_THONG_KE_COC_BO
10
611.15
20
187.896
30
0.0
40
1.2
1
6\U+03A632 CB400-V
7
VN
0
TEXT
8
07_BANG_THONG_KE_COC_BO
10
627.35
20
187.896
30
0.0
40
1.2
1
XO\U+1EAEN \U+03A68 a150
7
VN
0
TEXT
8
07_BANG_THONG_KE_COC_BO
10
493.25
20
185.256
30
0.0
40
1.2
1
HV-P116
7
VN
0
TEXT
8
07_BANG_THONG_KE_COC_BO
10
505.85
20
185.256
30
0.0
40
1.2
1
B5A-D05
7
VN
0
TEXT
8
07_BANG_THONG_KE_COC_BO
10
516.65
20
185.256
30
0.0
40
1.2
1
B\U+00C8 5A
7
VN
0
TEXT
8
07_BANG_THONG_KE_COC_BO
10
524.75
20
185.256
30
0.0
40
1.2
1
379,04
7
VN
0
TEXT
8
07_BANG_THONG_KE_COC_BO
10
535.55
20
185.256
30
0.0
40
1.2
1
-259,57
7
VN
0
TEXT
8
07_BANG_THONG_KE_COC_BO
10
546.35
20
185.256
30
0.0
40
1.2
1
384,48
7
VN
0
TEXT
8
07_BANG_THONG_KE_COC_BO
10
555.35
20
185.256
30
0.0
40
1.2
1
1
7
VN
0
TEXT
8
07_BANG_THONG_KE_COC_BO
10
562.55
20
185.256
30
0.0
40
1.2
1
350
7
VN
0
TEXT
8
07_BANG_THONG_KE_COC_BO
10
570.65
20
185.256
30
0.0
40
1.2
1
6,5
7
VN
0
TEXT
8
07_BANG_THONG_KE_COC_BO
10
579.65
20
185.256
30
0.0
40
1.2
1
87,3
7
VN
0
TEXT
8
07_BANG_THONG_KE_COC_BO
10
590.45
20
185.256
30
0.0
40
1.2
1
99,6
7
VN
0
TEXT
8
07_BANG_THONG_KE_COC_BO
10
601.25
20
185.256
30
0.0
40
1.2
1
\U+0110\U+1EA0T
7
VN
0
TEXT
8
07_BANG_THONG_KE_COC_BO
10
611.15
20
185.256
30
0.0
40
1.2
1
6\U+03A632 CB400-V
7
VN
0
TEXT
8
07_BANG_THONG_KE_COC_BO
10
627.35
20
185.256
30
0.0
40
1.2
1
XO\U+1EAEN \U+03A68 a150
7
VN
0
TEXT
8
07_BANG_THONG_KE_COC_BO
10
493.25
20
182.616
30
0.0
40
1.2
1
HV-P117
7
VN
0
TEXT
8
07_BANG_THONG_KE_COC_BO
10
505.85
20
182.616
30
0.0
40
1.2
1
B5A-D06
7
VN
0
TEXT
8
07_BANG_THONG_KE_COC_BO
10
516.65
20
182.616
30
0.0
40
1.2
1
B\U+00C8 5A
7
VN
0
TEXT
8
07_BANG_THONG_KE_COC_BO
10
524.75
20
182.616
30
0.0
40
1.2
1
421,97
7
VN
0
TEXT
8
07_BANG_THONG_KE_COC_BO
10
535.55
20
182.616
30
0.0
40
1.2
1
-132,72
7
VN
0
TEXT
8
07_BANG_THONG_KE_COC_BO
10
546.35
20
182.616
30
0.0
40
1.2
1
385,12
7
VN
0
TEXT
8
07_BANG_THONG_KE_COC_BO
10
555.35
20
182.616
30
0.0
40
1.2
1
1
7
VN
0
TEXT
8
07_BANG_THONG_KE_COC_BO
10
562.55
20
182.616
30
0.0
40
1.2
1
350
7
VN
0
TEXT
8
07_BANG_THONG_KE_COC_BO
10
570.65
20
182.616
30
0.0
40
1.2
1
6,5
7
VN
0
TEXT
8
07_BANG_THONG_KE_COC_BO
10
579.65
20
182.616
30
0.0
40
1.2
1
87,3
7
VN
0
TEXT
8
07_BANG_THONG_KE_COC_BO
10
590.45
20
182.616
30
0.0
40
1.2
1
99,6
7
VN
0
TEXT
8
07_BANG_THONG_KE_COC_BO
10
601.25
20
182.616
30
0.0
40
1.2
1
\U+0110\U+1EA0T
7
VN
0
TEXT
8
07_BANG_THONG_KE_COC_BO
10
611.15
20
182.616
30
0.0
40
1.2
1
6\U+03A632 CB400-V
7
VN
0
TEXT
8
07_BANG_THONG_KE_COC_BO
10
627.35
20
182.616
30
0.0
40
1.2
1
XO\U+1EAEN \U+03A68 a150
7
VN
0
TEXT
8
07_BANG_THONG_KE_COC_BO
10
493.25
20
179.976
30
0.0
40
1.2
1
HV-P118
7
VN
0
TEXT
8
07_BANG_THONG_KE_COC_BO
10
505.85
20
179.976
30
0.0
40
1.2
1
B5A-D07
7
VN
0
TEXT
8
07_BANG_THONG_KE_COC_BO
10
516.65
20
179.976
30
0.0
40
1.2
1
B\U+00C8 5A
7
VN
0
TEXT
8
07_BANG_THONG_KE_COC_BO
10
524.75
20
179.976
30
0.0
40
1.2
1
419,64
7
VN
0
TEXT
8
07_BANG_THONG_KE_COC_BO
10
535.55
20
179.976
30
0.0
40
1.2
1
-119,00
7
VN
0
TEXT
8
07_BANG_THONG_KE_COC_BO
10
546.35
20
179.976
30
0.0
40
1.2
1
384,26
7
VN
0
TEXT
8
07_BANG_THONG_KE_COC_BO
10
555.35
20
179.976
30
0.0
40
1.2
1
1
7
VN
0
TEXT
8
07_BANG_THONG_KE_COC_BO
10
562.55
20
179.976
30
0.0
40
1.2
1
350
7
VN
0
TEXT
8
07_BANG_THONG_KE_COC_BO
10
570.65
20
179.976
30
0.0
40
1.2
1
6,5
7
VN
0
TEXT
8
07_BANG_THONG_KE_COC_BO
10
579.65
20
179.976
30
0.0
40
1.2
1
87,3
7
VN
0
TEXT
8
07_BANG_THONG_KE_COC_BO
10
590.45
20
179.976
30
0.0
40
1.2
1
99,6
7
VN
0
TEXT
8
07_BANG_THONG_KE_COC_BO
10
601.25
20
179.976
30
0.0
40
1.2
1
\U+0110\U+1EA0T
7
VN
0
TEXT
8
07_BANG_THONG_KE_COC_BO
10
611.15
20
179.976
30
0.0
40
1.2
1
6\U+03A632 CB400-V
7
VN
0
TEXT
8
07_BANG_THONG_KE_COC_BO
10
627.35
20
179.976
30
0.0
40
1.2
1
XO\U+1EAEN \U+03A68 a150
7
VN
0
TEXT
8
07_BANG_THONG_KE_COC_BO
10
493.25
20
177.336
30
0.0
40
1.2
1
HV-P119
7
VN
0
TEXT
8
07_BANG_THONG_KE_COC_BO
10
505.85
20
177.336
30
0.0
40
1.2
1
B5A-D08
7
VN
0
TEXT
8
07_BANG_THONG_KE_COC_BO
10
516.65
20
177.336
30
0.0
40
1.2
1
B\U+00C8 5A
7
VN
0
TEXT
8
07_BANG_THONG_KE_COC_BO
10
524.75
20
177.336
30
0.0
40
1.2
1
422,16
7
VN
0
TEXT
8
07_BANG_THONG_KE_COC_BO
10
535.55
20
177.336
30
0.0
40
1.2
1
-143,26
7
VN
0
TEXT
8
07_BANG_THONG_KE_COC_BO
10
546.35
20
177.336
30
0.0
40
1.2
1
385,62
7
VN
0
TEXT
8
07_BANG_THONG_KE_COC_BO
10
555.35
20
177.336
30
0.0
40
1.2
1
1
7
VN
0
TEXT
8
07_BANG_THONG_KE_COC_BO
10
562.55
20
177.336
30
0.0
40
1.2
1
350
7
VN
0
TEXT
8
07_BANG_THONG_KE_COC_BO
10
570.65
20
177.336
30
0.0
40
1.2
1
6,5
7
VN
0
TEXT
8
07_BANG_THONG_KE_COC_BO
10
579.65
20
177.336
30
0.0
40
1.2
1
87,3
7
VN
0
TEXT
8
07_BANG_THONG_KE_COC_BO
10
590.45
20
177.336
30
0.0
40
1.2
1
99,6
7
VN
0
TEXT
8
07_BANG_THONG_KE_COC_BO
10
601.25
20
177.336
30
0.0
40
1.2
1
\U+0110\U+1EA0T
7
VN
0
TEXT
8
07_BANG_THONG_KE_COC_BO
10
611.15
20
177.336
30
0.0
40
1.2
1
6\U+03A632 CB400-V
7
VN
0
TEXT
8
07_BANG_THONG_KE_COC_BO
10
627.35
20
177.336
30
0.0
40
1.2
1
XO\U+1EAEN \U+03A68 a150
7
VN
0
TEXT
8
07_BANG_THONG_KE_COC_BO
10
493.25
20
174.696
30
0.0
40
1.2
1
HV-P120
7
VN
0
TEXT
8
07_BANG_THONG_KE_COC_BO
10
505.85
20
174.696
30
0.0
40
1.2
1
B5A-D09
7
VN
0
TEXT
8
07_BANG_THONG_KE_COC_BO
10
516.65
20
174.696
30
0.0
40
1.2
1
B\U+00C8 5A
7
VN
0
TEXT
8
07_BANG_THONG_KE_COC_BO
10
524.75
20
174.696
30
0.0
40
1.2
1
419,97
7
VN
0
TEXT
8
07_BANG_THONG_KE_COC_BO
10
535.55
20
174.696
30
0.0
40
1.2
1
-145,88
7
VN
0
TEXT
8
07_BANG_THONG_KE_COC_BO
10
546.35
20
174.696
30
0.0
40
1.2
1
384,22
7
VN
0
TEXT
8
07_BANG_THONG_KE_COC_BO
10
555.35
20
174.696
30
0.0
40
1.2
1
1
7
VN
0
TEXT
8
07_BANG_THONG_KE_COC_BO
10
562.55
20
174.696
30
0.0
40
1.2
1
350
7
VN
0
TEXT
8
07_BANG_THONG_KE_COC_BO
10
570.65
20
174.696
30
0.0
40
1.2
1
6,5
7
VN
0
TEXT
8
07_BANG_THONG_KE_COC_BO
10
579.65
20
174.696
30
0.0
40
1.2
1
87,3
7
VN
0
TEXT
8
07_BANG_THONG_KE_COC_BO
10
590.45
20
174.696
30
0.0
40
1.2
1
99,6
7
VN
0
TEXT
8
07_BANG_THONG_KE_COC_BO
10
601.25
20
174.696
30
0.0
40
1.2
1
\U+0110\U+1EA0T
7
VN
0
TEXT
8
07_BANG_THONG_KE_COC_BO
10
611.15
20
174.696
30
0.0
40
1.2
1
6\U+03A632 CB400-V
7
VN
0
TEXT
8
07_BANG_THONG_KE_COC_BO
10
627.35
20
174.696
30
0.0
40
1.2
1
XO\U+1EAEN \U+03A68 a150
7
VN
0
TEXT
8
07_BANG_THONG_KE_COC_BO
10
493.25
20
172.056
30
0.0
40
1.2
1
HV-P121
7
VN
0
TEXT
8
07_BANG_THONG_KE_COC_BO
10
505.85
20
172.056
30
0.0
40
1.2
1
B5A-D10
7
VN
0
TEXT
8
07_BANG_THONG_KE_COC_BO
10
516.65
20
172.056
30
0.0
40
1.2
1
B\U+00C8 5A
7
VN
0
TEXT
8
07_BANG_THONG_KE_COC_BO
10
524.75
20
172.056
30
0.0
40
1.2
1
415,42
7
VN
0
TEXT
8
07_BANG_THONG_KE_COC_BO
10
535.55
20
172.056
30
0.0
40
1.2
1
-101,73
7
VN
0
TEXT
8
07_BANG_THONG_KE_COC_BO
10
546.35
20
172.056
30
0.0
40
1.2
1
384,02
7
VN
0
TEXT
8
07_BANG_THONG_KE_COC_BO
10
555.35
20
172.056
30
0.0
40
1.2
1
1
7
VN
0
TEXT
8
07_BANG_THONG_KE_COC_BO
10
562.55
20
172.056
30
0.0
40
1.2
1
350
7
VN
0
TEXT
8
07_BANG_THONG_KE_COC_BO
10
570.65
20
172.056
30
0.0
40
1.2
1
6,5
7
VN
0
TEXT
8
07_BANG_THONG_KE_COC_BO
10
579.65
20
172.056
30
0.0
40
1.2
1
87,3
7
VN
0
TEXT
8
07_BANG_THONG_KE_COC_BO
10
590.45
20
172.056
30
0.0
40
1.2
1
99,6
7
VN
0
TEXT
8
07_BANG_THONG_KE_COC_BO
10
601.25
20
172.056
30
0.0
40
1.2
1
\U+0110\U+1EA0T
7
VN
0
TEXT
8
07_BANG_THONG_KE_COC_BO
10
611.15
20
172.056
30
0.0
40
1.2
1
6\U+03A632 CB400-V
7
VN
0
TEXT
8
07_BANG_THONG_KE_COC_BO
10
627.35
20
172.056
30
0.0
40
1.2
1
XO\U+1EAEN \U+03A68 a150
7
VN
0
TEXT
8
07_BANG_THONG_KE_COC_BO
10
493.25
20
169.416
30
0.0
40
1.2
1
HV-P122
7
VN
0
TEXT
8
07_BANG_THONG_KE_COC_BO
10
505.85
20
169.416
30
0.0
40
1.2
1
B5A-D11
7
VN
0
TEXT
8
07_BANG_THONG_KE_COC_BO
10
516.65
20
169.416
30
0.0
40
1.2
1
B\U+00C8 5A
7
VN
0
TEXT
8
07_BANG_THONG_KE_COC_BO
10
524.75
20
169.416
30
0.0
40
1.2
1
412,34
7
VN
0
TEXT
8
07_BANG_THONG_KE_COC_BO
10
535.55
20
169.416
30
0.0
40
1.2
1
-78,29
7
VN
0
TEXT
8
07_BANG_THONG_KE_COC_BO
10
546.35
20
169.416
30
0.0
40
1.2
1
384,06
7
VN
0
TEXT
8
07_BANG_THONG_KE_COC_BO
10
555.35
20
169.416
30
0.0
40
1.2
1
1
7
VN
0
TEXT
8
07_BANG_THONG_KE_COC_BO
10
562.55
20
169.416
30
0.0
40
1.2
1
350
7
VN
0
TEXT
8
07_BANG_THONG_KE_COC_BO
10
570.65
20
169.416
30
0.0
40
1.2
1
6,5
7
VN
0
TEXT
8
07_BANG_THONG_KE_COC_BO
10
579.65
20
169.416
30
0.0
40
1.2
1
87,3
7
VN
0
TEXT
8
07_BANG_THONG_KE_COC_BO
10
590.45
20
169.416
30
0.0
40
1.2
1
99,6
7
VN
0
TEXT
8
07_BANG_THONG_KE_COC_BO
10
601.25
20
169.416
30
0.0
40
1.2
1
\U+0110\U+1EA0T
7
VN
0
TEXT
8
07_BANG_THONG_KE_COC_BO
10
611.15
20
169.416
30
0.0
40
1.2
1
6\U+03A632 CB400-V
7
VN
0
TEXT
8
07_BANG_THONG_KE_COC_BO
10
627.35
20
169.416
30
0.0
40
1.2
1
XO\U+1EAEN \U+03A68 a150
7
VN
0
TEXT
8
07_BANG_THONG_KE_COC_BO
10
493.25
20
166.776
30
0.0
40
1.2
1
HV-P123
7
VN
0
TEXT
8
07_BANG_THONG_KE_COC_BO
10
505.85
20
166.776
30
0.0
40
1.2
1
B5A-D12
7
VN
0
TEXT
8
07_BANG_THONG_KE_COC_BO
10
516.65
20
166.776
30
0.0
40
1.2
1
B\U+00C8 5A
7
VN
0
TEXT
8
07_BANG_THONG_KE_COC_BO
10
524.75
20
166.776
30
0.0
40
1.2
1
416,91
7
VN
0
TEXT
8
07_BANG_THONG_KE_COC_BO
10
535.55
20
166.776
30
0.0
40
1.2
1
-74,16
7
VN
0
TEXT
8
07_BANG_THONG_KE_COC_BO
10
546.35
20
166.776
30
0.0
40
1.2
1
384,54
7
VN
0
TEXT
8
07_BANG_THONG_KE_COC_BO
10
555.35
20
166.776
30
0.0
40
1.2
1
1
7
VN
0
TEXT
8
07_BANG_THONG_KE_COC_BO
10
562.55
20
166.776
30
0.0
40
1.2
1
350
7
VN
0
TEXT
8
07_BANG_THONG_KE_COC_BO
10
570.65
20
166.776
30
0.0
40
1.2
1
6,5
7
VN
0
TEXT
8
07_BANG_THONG_KE_COC_BO
10
579.65
20
166.776
30
0.0
40
1.2
1
87,3
7
VN
0
TEXT
8
07_BANG_THONG_KE_COC_BO
10
590.45
20
166.776
30
0.0
40
1.2
1
99,6
7
VN
0
TEXT
8
07_BANG_THONG_KE_COC_BO
10
601.25
20
166.776
30
0.0
40
1.2
1
\U+0110\U+1EA0T
7
VN
0
TEXT
8
07_BANG_THONG_KE_COC_BO
10
611.15
20
166.776
30
0.0
40
1.2
1
6\U+03A632 CB400-V
7
VN
0
TEXT
8
07_BANG_THONG_KE_COC_BO
10
627.35
20
166.776
30
0.0
40
1.2
1
XO\U+1EAEN \U+03A68 a150
7
VN
0
TEXT
8
07_BANG_THONG_KE_COC_BO
10
493.25
20
164.136
30
0.0
40
1.2
1
HV-P127
7
VN
0
TEXT
8
07_BANG_THONG_KE_COC_BO
10
505.85
20
164.136
30
0.0
40
1.2
1
B5A-D16
7
VN
0
TEXT
8
07_BANG_THONG_KE_COC_BO
10
516.65
20
164.136
30
0.0
40
1.2
1
B\U+00C8 5A
7
VN
0
TEXT
8
07_BANG_THONG_KE_COC_BO
10
524.75
20
164.136
30
0.0
40
1.2
1
287,57
7
VN
0
TEXT
8
07_BANG_THONG_KE_COC_BO
10
535.55
20
164.136
30
0.0
40
1.2
1
-50,09
7
VN
0
TEXT
8
07_BANG_THONG_KE_COC_BO
10
546.35
20
164.136
30
0.0
40
1.2
1
384,00
7
VN
0
TEXT
8
07_BANG_THONG_KE_COC_BO
10
555.35
20
164.136
30
0.0
40
1.2
1
1
7
VN
0
TEXT
8
07_BANG_THONG_KE_COC_BO
10
562.55
20
164.136
30
0.0
40
1.2
1
350
7
VN
0
TEXT
8
07_BANG_THONG_KE_COC_BO
10
570.65
20
164.136
30
0.0
40
1.2
1
6,5
7
VN
0
TEXT
8
07_BANG_THONG_KE_COC_BO
10
579.65
20
164.136
30
0.0
40
1.2
1
87,3
7
VN
0
TEXT
8
07_BANG_THONG_KE_COC_BO
10
590.45
20
164.136
30
0.0
40
1.2
1
99,6
7
VN
0
TEXT
8
07_BANG_THONG_KE_COC_BO
10
601.25
20
164.136
30
0.0
40
1.2
1
\U+0110\U+1EA0T
7
VN
0
TEXT
8
07_BANG_THONG_KE_COC_BO
10
611.15
20
164.136
30
0.0
40
1.2
1
6\U+03A632 CB400-V
7
VN
0
TEXT
8
07_BANG_THONG_KE_COC_BO
10
627.35
20
164.136
30
0.0
40
1.2
1
XO\U+1EAEN \U+03A68 a150
7
VN
0
TEXT
8
07_BANG_THONG_KE_COC_BO
10
493.25
20
161.496
30
0.0
40
1.2
1
HV-P128
7
VN
0
TEXT
8
07_BANG_THONG_KE_COC_BO
10
505.85
20
161.496
30
0.0
40
1.2
1
B5A-D17
7
VN
0
TEXT
8
07_BANG_THONG_KE_COC_BO
10
516.65
20
161.496
30
0.0
40
1.2
1
B\U+00C8 5A
7
VN
0
TEXT
8
07_BANG_THONG_KE_COC_BO
10
524.75
20
161.496
30
0.0
40
1.2
1
280,43
7
VN
0
TEXT
8
07_BANG_THONG_KE_COC_BO
10
535.55
20
161.496
30
0.0
40
1.2
1
-60,00
7
VN
0
TEXT
8
07_BANG_THONG_KE_COC_BO
10
546.35
20
161.496
30
0.0
40
1.2
1
384,02
7
VN
0
TEXT
8
07_BANG_THONG_KE_COC_BO
10
555.35
20
161.496
30
0.0
40
1.2
1
1
7
VN
0
TEXT
8
07_BANG_THONG_KE_COC_BO
10
562.55
20
161.496
30
0.0
40
1.2
1
350
7
VN
0
TEXT
8
07_BANG_THONG_KE_COC_BO
10
570.65
20
161.496
30
0.0
40
1.2
1
6,5
7
VN
0
TEXT
8
07_BANG_THONG_KE_COC_BO
10
579.65
20
161.496
30
0.0
40
1.2
1
87,3
7
VN
0
TEXT
8
07_BANG_THONG_KE_COC_BO
10
590.45
20
161.496
30
0.0
40
1.2
1
99,6
7
VN
0
TEXT
8
07_BANG_THONG_KE_COC_BO
10
601.25
20
161.496
30
0.0
40
1.2
1
\U+0110\U+1EA0T
7
VN
0
TEXT
8
07_BANG_THONG_KE_COC_BO
10
611.15
20
161.496
30
0.0
40
1.2
1
6\U+03A632 CB400-V
7
VN
0
TEXT
8
07_BANG_THONG_KE_COC_BO
10
627.35
20
161.496
30
0.0
40
1.2
1
XO\U+1EAEN \U+03A68 a150
7
VN
0
TEXT
8
07_BANG_THONG_KE_COC_BO
10
493.25
20
158.856
30
0.0
40
1.2
1
HV-P129
7
VN
0
TEXT
8
07_BANG_THONG_KE_COC_BO
10
505.85
20
158.856
30
0.0
40
1.2
1
B5A-D18
7
VN
0
TEXT
8
07_BANG_THONG_KE_COC_BO
10
516.65
20
158.856
30
0.0
40
1.2
1
B\U+00C8 5A
7
VN
0
TEXT
8
07_BANG_THONG_KE_COC_BO
10
524.75
20
158.856
30
0.0
40
1.2
1
273,29
7
VN
0
TEXT
8
07_BANG_THONG_KE_COC_BO
10
535.55
20
158.856
30
0.0
40
1.2
1
-69,92
7
VN
0
TEXT
8
07_BANG_THONG_KE_COC_BO
10
546.35
20
158.856
30
0.0
40
1.2
1
384,06
7
VN
0
TEXT
8
07_BANG_THONG_KE_COC_BO
10
555.35
20
158.856
30
0.0
40
1.2
1
1
7
VN
0
TEXT
8
07_BANG_THONG_KE_COC_BO
10
562.55
20
158.856
30
0.0
40
1.2
1
350
7
VN
0
TEXT
8
07_BANG_THONG_KE_COC_BO
10
570.65
20
158.856
30
0.0
40
1.2
1
6,5
7
VN
0
TEXT
8
07_BANG_THONG_KE_COC_BO
10
579.65
20
158.856
30
0.0
40
1.2
1
87,3
7
VN
0
TEXT
8
07_BANG_THONG_KE_COC_BO
10
590.45
20
158.856
30
0.0
40
1.2
1
99,6
7
VN
0
TEXT
8
07_BANG_THONG_KE_COC_BO
10
601.25
20
158.856
30
0.0
40
1.2
1
\U+0110\U+1EA0T
7
VN
0
TEXT
8
07_BANG_THONG_KE_COC_BO
10
611.15
20
158.856
30
0.0
40
1.2
1
6\U+03A632 CB400-V
7
VN
0
TEXT
8
07_BANG_THONG_KE_COC_BO
10
627.35
20
158.856
30
0.0
40
1.2
1
XO\U+1EAEN \U+03A68 a150
7
VN
0
TEXT
8
07_BANG_THONG_KE_COC_BO
10
493.25
20
156.216
30
0.0
40
1.2
1
HV-P130
7
VN
0
TEXT
8
07_BANG_THONG_KE_COC_BO
10
505.85
20
156.216
30
0.0
40
1.2
1
B5A-D19
7
VN
0
TEXT
8
07_BANG_THONG_KE_COC_BO
10
516.65
20
156.216
30
0.0
40
1.2
1
B\U+00C8 5A
7
VN
0
TEXT
8
07_BANG_THONG_KE_COC_BO
10
524.75
20
156.216
30
0.0
40
1.2
1
270,60
7
VN
0
TEXT
8
07_BANG_THONG_KE_COC_BO
10
535.55
20
156.216
30
0.0
40
1.2
1
-68,35
7
VN
0
TEXT
8
07_BANG_THONG_KE_COC_BO
10
546.35
20
156.216
30
0.0
40
1.2
1
384,18
7
VN
0
TEXT
8
07_BANG_THONG_KE_COC_BO
10
555.35
20
156.216
30
0.0
40
1.2
1
1
7
VN
0
TEXT
8
07_BANG_THONG_KE_COC_BO
10
562.55
20
156.216
30
0.0
40
1.2
1
350
7
VN
0
TEXT
8
07_BANG_THONG_KE_COC_BO
10
570.65
20
156.216
30
0.0
40
1.2
1
6,5
7
VN
0
TEXT
8
07_BANG_THONG_KE_COC_BO
10
579.65
20
156.216
30
0.0
40
1.2
1
87,3
7
VN
0
TEXT
8
07_BANG_THONG_KE_COC_BO
10
590.45
20
156.216
30
0.0
40
1.2
1
99,6
7
VN
0
TEXT
8
07_BANG_THONG_KE_COC_BO
10
601.25
20
156.216
30
0.0
40
1.2
1
\U+0110\U+1EA0T
7
VN
0
TEXT
8
07_BANG_THONG_KE_COC_BO
10
611.15
20
156.216
30
0.0
40
1.2
1
6\U+03A632 CB400-V
7
VN
0
TEXT
8
07_BANG_THONG_KE_COC_BO
10
627.35
20
156.216
30
0.0
40
1.2
1
XO\U+1EAEN \U+03A68 a150
7
VN
0
TEXT
8
07_BANG_THONG_KE_COC_BO
10
493.25
20
153.576
30
0.0
40
1.2
1
HV-P131
7
VN
0
TEXT
8
07_BANG_THONG_KE_COC_BO
10
505.85
20
153.576
30
0.0
40
1.2
1
B5A-D20
7
VN
0
TEXT
8
07_BANG_THONG_KE_COC_BO
10
516.65
20
153.576
30
0.0
40
1.2
1
B\U+00C8 5A
7
VN
0
TEXT
8
07_BANG_THONG_KE_COC_BO
10
524.75
20
153.576
30
0.0
40
1.2
1
262,97
7
VN
0
TEXT
8
07_BANG_THONG_KE_COC_BO
10
535.55
20
153.576
30
0.0
40
1.2
1
-68,91
7
VN
0
TEXT
8
07_BANG_THONG_KE_COC_BO
10
546.35
20
153.576
30
0.0
40
1.2
1
384,02
7
VN
0
TEXT
8
07_BANG_THONG_KE_COC_BO
10
555.35
20
153.576
30
0.0
40
1.2
1
1
7
VN
0
TEXT
8
07_BANG_THONG_KE_COC_BO
10
562.55
20
153.576
30
0.0
40
1.2
1
350
7
VN
0
TEXT
8
07_BANG_THONG_KE_COC_BO
10
570.65
20
153.576
30
0.0
40
1.2
1
6,5
7
VN
0
TEXT
8
07_BANG_THONG_KE_COC_BO
10
579.65
20
153.576
30
0.0
40
1.2
1
87,3
7
VN
0
TEXT
8
07_BANG_THONG_KE_COC_BO
10
590.45
20
153.576
30
0.0
40
1.2
1
99,6
7
VN
0
TEXT
8
07_BANG_THONG_KE_COC_BO
10
601.25
20
153.576
30
0.0
40
1.2
1
\U+0110\U+1EA0T
7
VN
0
TEXT
8
07_BANG_THONG_KE_COC_BO
10
611.15
20
153.576
30
0.0
40
1.2
1
6\U+03A632 CB400-V
7
VN
0
TEXT
8
07_BANG_THONG_KE_COC_BO
10
627.35
20
153.576
30
0.0
40
1.2
1
XO\U+1EAEN \U+03A68 a150
7
VN
0
TEXT
8
07_BANG_THONG_KE_COC_BO
10
493.25
20
150.936
30
0.0
40
1.2
1
HV-P132
7
VN
0
TEXT
8
07_BANG_THONG_KE_COC_BO
10
505.85
20
150.936
30
0.0
40
1.2
1
B5A-D21
7
VN
0
TEXT
8
07_BANG_THONG_KE_COC_BO
10
516.65
20
150.936
30
0.0
40
1.2
1
B\U+00C8 5A
7
VN
0
TEXT
8
07_BANG_THONG_KE_COC_BO
10
524.75
20
150.936
30
0.0
40
1.2
1
253,08
7
VN
0
TEXT
8
07_BANG_THONG_KE_COC_BO
10
535.55
20
150.936
30
0.0
40
1.2
1
-67,34
7
VN
0
TEXT
8
07_BANG_THONG_KE_COC_BO
10
546.35
20
150.936
30
0.0
40
1.2
1
384,01
7
VN
0
TEXT
8
07_BANG_THONG_KE_COC_BO
10
555.35
20
150.936
30
0.0
40
1.2
1
1
7
VN
0
TEXT
8
07_BANG_THONG_KE_COC_BO
10
562.55
20
150.936
30
0.0
40
1.2
1
350
7
VN
0
TEXT
8
07_BANG_THONG_KE_COC_BO
10
570.65
20
150.936
30
0.0
40
1.2
1
6,5
7
VN
0
TEXT
8
07_BANG_THONG_KE_COC_BO
10
579.65
20
150.936
30
0.0
40
1.2
1
87,3
7
VN
0
TEXT
8
07_BANG_THONG_KE_COC_BO
10
590.45
20
150.936
30
0.0
40
1.2
1
99,6
7
VN
0
TEXT
8
07_BANG_THONG_KE_COC_BO
10
601.25
20
150.936
30
0.0
40
1.2
1
\U+0110\U+1EA0T
7
VN
0
TEXT
8
07_BANG_THONG_KE_COC_BO
10
611.15
20
150.936
30
0.0
40
1.2
1
6\U+03A632 CB400-V
7
VN
0
TEXT
8
07_BANG_THONG_KE_COC_BO
10
627.35
20
150.936
30
0.0
40
1.2
1
XO\U+1EAEN \U+03A68 a150
7
VN
0
TEXT
8
07_BANG_THONG_KE_COC_BO
10
493.25
20
148.296
30
0.0
40
1.2
1
HV-P133
7
VN
0
TEXT
8
07_BANG_THONG_KE_COC_BO
10
505.85
20
148.296
30
0.0
40
1.2
1
B5A-D22
7
VN
0
TEXT
8
07_BANG_THONG_KE_COC_BO
10
516.65
20
148.296
30
0.0
40
1.2
1
B\U+00C8 5A
7
VN
0
TEXT
8
07_BANG_THONG_KE_COC_BO
10
524.75
20
148.296
30
0.0
40
1.2
1
247,84
7
VN
0
TEXT
8
07_BANG_THONG_KE_COC_BO
10
535.55
20
148.296
30
0.0
40
1.2
1
-64,10
7
VN
0
TEXT
8
07_BANG_THONG_KE_COC_BO
10
546.35
20
148.296
30
0.0
40
1.2
1
384,04
7
VN
0
TEXT
8
07_BANG_THONG_KE_COC_BO
10
555.35
20
148.296
30
0.0
40
1.2
1
1
7
VN
0
TEXT
8
07_BANG_THONG_KE_COC_BO
10
562.55
20
148.296
30
0.0
40
1.2
1
350
7
VN
0
TEXT
8
07_BANG_THONG_KE_COC_BO
10
570.65
20
148.296
30
0.0
40
1.2
1
6,5
7
VN
0
TEXT
8
07_BANG_THONG_KE_COC_BO
10
579.65
20
148.296
30
0.0
40
1.2
1
87,3
7
VN
0
TEXT
8
07_BANG_THONG_KE_COC_BO
10
590.45
20
148.296
30
0.0
40
1.2
1
99,6
7
VN
0
TEXT
8
07_BANG_THONG_KE_COC_BO
10
601.25
20
148.296
30
0.0
40
1.2
1
\U+0110\U+1EA0T
7
VN
0
TEXT
8
07_BANG_THONG_KE_COC_BO
10
611.15
20
148.296
30
0.0
40
1.2
1
6\U+03A632 CB400-V
7
VN
0
TEXT
8
07_BANG_THONG_KE_COC_BO
10
627.35
20
148.296
30
0.0
40
1.2
1
XO\U+1EAEN \U+03A68 a150
7
VN
0
TEXT
8
07_BANG_THONG_KE_COC_BO
10
493.25
20
145.656
30
0.0
40
1.2
1
HV-P144
7
VN
0
TEXT
8
07_BANG_THONG_KE_COC_BO
10
505.85
20
145.656
30
0.0
40
1.2
1
B5A-D33
7
VN
0
TEXT
8
07_BANG_THONG_KE_COC_BO
10
516.65
20
145.656
30
0.0
40
1.2
1
B\U+00C8 5A
7
VN
0
TEXT
8
07_BANG_THONG_KE_COC_BO
10
524.75
20
145.656
30
0.0
40
1.2
1
229,29
7
VN
0
TEXT
8
07_BANG_THONG_KE_COC_BO
10
535.55
20
145.656
30
0.0
40
1.2
1
-291,23
7
VN
0
TEXT
8
07_BANG_THONG_KE_COC_BO
10
546.35
20
145.656
30
0.0
40
1.2
1
384,05
7
VN
0
TEXT
8
07_BANG_THONG_KE_COC_BO
10
555.35
20
145.656
30
0.0
40
1.2
1
1
7
VN
0
TEXT
8
07_BANG_THONG_KE_COC_BO
10
562.55
20
145.656
30
0.0
40
1.2
1
350
7
VN
0
TEXT
8
07_BANG_THONG_KE_COC_BO
10
570.65
20
145.656
30
0.0
40
1.2
1
6,5
7
VN
0
TEXT
8
07_BANG_THONG_KE_COC_BO
10
579.65
20
145.656
30
0.0
40
1.2
1
87,3
7
VN
0
TEXT
8
07_BANG_THONG_KE_COC_BO
10
590.45
20
145.656
30
0.0
40
1.2
1
99,6
7
VN
0
TEXT
8
07_BANG_THONG_KE_COC_BO
10
601.25
20
145.656
30
0.0
40
1.2
1
\U+0110\U+1EA0T
7
VN
0
TEXT
8
07_BANG_THONG_KE_COC_BO
10
611.15
20
145.656
30
0.0
40
1.2
1
6\U+03A632 CB400-V
7
VN
0
TEXT
8
07_BANG_THONG_KE_COC_BO
10
627.35
20
145.656
30
0.0
40
1.2
1
XO\U+1EAEN \U+03A68 a150
7
VN
0
TEXT
8
07_BANG_THONG_KE_COC_BO
10
493.25
20
143.016
30
0.0
40
1.2
1
HV-P145
7
VN
0
TEXT
8
07_BANG_THONG_KE_COC_BO
10
505.85
20
143.016
30
0.0
40
1.2
1
B5A-D34
7
VN
0
TEXT
8
07_BANG_THONG_KE_COC_BO
10
516.65
20
143.016
30
0.0
40
1.2
1
B\U+00C8 5A
7
VN
0
TEXT
8
07_BANG_THONG_KE_COC_BO
10
524.75
20
143.016
30
0.0
40
1.2
1
248,02
7
VN
0
TEXT
8
07_BANG_THONG_KE_COC_BO
10
535.55
20
143.016
30
0.0
40
1.2
1
-291,91
7
VN
0
TEXT
8
07_BANG_THONG_KE_COC_BO
10
546.35
20
143.016
30
0.0
40
1.2
1
384,04
7
VN
0
TEXT
8
07_BANG_THONG_KE_COC_BO
10
555.35
20
143.016
30
0.0
40
1.2
1
1
7
VN
0
TEXT
8
07_BANG_THONG_KE_COC_BO
10
562.55
20
143.016
30
0.0
40
1.2
1
350
7
VN
0
TEXT
8
07_BANG_THONG_KE_COC_BO
10
570.65
20
143.016
30
0.0
40
1.2
1
6,5
7
VN
0
TEXT
8
07_BANG_THONG_KE_COC_BO
10
579.65
20
143.016
30
0.0
40
1.2
1
87,3
7
VN
0
TEXT
8
07_BANG_THONG_KE_COC_BO
10
590.45
20
143.016
30
0.0
40
1.2
1
99,6
7
VN
0
TEXT
8
07_BANG_THONG_KE_COC_BO
10
601.25
20
143.016
30
0.0
40
1.2
1
\U+0110\U+1EA0T
7
VN
0
TEXT
8
07_BANG_THONG_KE_COC_BO
10
611.15
20
143.016
30
0.0
40
1.2
1
6\U+03A632 CB400-V
7
VN
0
TEXT
8
07_BANG_THONG_KE_COC_BO
10
627.35
20
143.016
30
0.0
40
1.2
1
XO\U+1EAEN \U+03A68 a150
7
VN
0
TEXT
8
07_BANG_THONG_KE_COC_BO
10
493.25
20
140.376
30
0.0
40
1.2
1
HV-P146
7
VN
0
TEXT
8
07_BANG_THONG_KE_COC_BO
10
505.85
20
140.376
30
0.0
40
1.2
1
B5A-D35
7
VN
0
TEXT
8
07_BANG_THONG_KE_COC_BO
10
516.65
20
140.376
30
0.0
40
1.2
1
B\U+00C8 5A
7
VN
0
TEXT
8
07_BANG_THONG_KE_COC_BO
10
524.75
20
140.376
30
0.0
40
1.2
1
262,52
7
VN
0
TEXT
8
07_BANG_THONG_KE_COC_BO
10
535.55
20
140.376
30
0.0
40
1.2
1
-292,41
7
VN
0
TEXT
8
07_BANG_THONG_KE_COC_BO
10
546.35
20
140.376
30
0.0
40
1.2
1
384,08
7
VN
0
TEXT
8
07_BANG_THONG_KE_COC_BO
10
555.35
20
140.376
30
0.0
40
1.2
1
1
7
VN
0
TEXT
8
07_BANG_THONG_KE_COC_BO
10
562.55
20
140.376
30
0.0
40
1.2
1
350
7
VN
0
TEXT
8
07_BANG_THONG_KE_COC_BO
10
570.65
20
140.376
30
0.0
40
1.2
1
6,5
7
VN
0
TEXT
8
07_BANG_THONG_KE_COC_BO
10
579.65
20
140.376
30
0.0
40
1.2
1
87,3
7
VN
0
TEXT
8
07_BANG_THONG_KE_COC_BO
10
590.45
20
140.376
30
0.0
40
1.2
1
99,6
7
VN
0
TEXT
8
07_BANG_THONG_KE_COC_BO
10
601.25
20
140.376
30
0.0
40
1.2
1
\U+0110\U+1EA0T
7
VN
0
TEXT
8
07_BANG_THONG_KE_COC_BO
10
611.15
20
140.376
30
0.0
40
1.2
1
6\U+03A632 CB400-V
7
VN
0
TEXT
8
07_BANG_THONG_KE_COC_BO
10
627.35
20
140.376
30
0.0
40
1.2
1
XO\U+1EAEN \U+03A68 a150
7
VN
0
TEXT
8
07_BANG_THONG_KE_COC_BO
10
493.25
20
137.736
30
0.0
40
1.2
1
HV-P147
7
VN
0
TEXT
8
07_BANG_THONG_KE_COC_BO
10
505.85
20
137.736
30
0.0
40
1.2
1
B5A-D36
7
VN
0
TEXT
8
07_BANG_THONG_KE_COC_BO
10
516.65
20
137.736
30
0.0
40
1.2
1
B\U+00C8 5A
7
VN
0
TEXT
8
07_BANG_THONG_KE_COC_BO
10
524.75
20
137.736
30
0.0
40
1.2
1
277,27
7
VN
0
TEXT
8
07_BANG_THONG_KE_COC_BO
10
535.55
20
137.736
30
0.0
40
1.2
1
-292,91
7
VN
0
TEXT
8
07_BANG_THONG_KE_COC_BO
10
546.35
20
137.736
30
0.0
40
1.2
1
384,04
7
VN
0
TEXT
8
07_BANG_THONG_KE_COC_BO
10
555.35
20
137.736
30
0.0
40
1.2
1
1
7
VN
0
TEXT
8
07_BANG_THONG_KE_COC_BO
10
562.55
20
137.736
30
0.0
40
1.2
1
350
7
VN
0
TEXT
8
07_BANG_THONG_KE_COC_BO
10
570.65
20
137.736
30
0.0
40
1.2
1
6,5
7
VN
0
TEXT
8
07_BANG_THONG_KE_COC_BO
10
579.65
20
137.736
30
0.0
40
1.2
1
87,3
7
VN
0
TEXT
8
07_BANG_THONG_KE_COC_BO
10
590.45
20
137.736
30
0.0
40
1.2
1
99,6
7
VN
0
TEXT
8
07_BANG_THONG_KE_COC_BO
10
601.25
20
137.736
30
0.0
40
1.2
1
\U+0110\U+1EA0T
7
VN
0
TEXT
8
07_BANG_THONG_KE_COC_BO
10
611.15
20
137.736
30
0.0
40
1.2
1
6\U+03A632 CB400-V
7
VN
0
TEXT
8
07_BANG_THONG_KE_COC_BO
10
627.35
20
137.736
30
0.0
40
1.2
1
XO\U+1EAEN \U+03A68 a150
7
VN
0
TEXT
8
07_BANG_THONG_KE_COC_BO
10
493.25
20
135.096
30
0.0
40
1.2
1
HV-P148
7
VN
0
TEXT
8
07_BANG_THONG_KE_COC_BO
10
505.85
20
135.096
30
0.0
40
1.2
1
B5A-D37
7
VN
0
TEXT
8
07_BANG_THONG_KE_COC_BO
10
516.65
20
135.096
30
0.0
40
1.2
1
B\U+00C8 5A
7
VN
0
TEXT
8
07_BANG_THONG_KE_COC_BO
10
524.75
20
135.096
30
0.0
40
1.2
1
291,77
7
VN
0
TEXT
8
07_BANG_THONG_KE_COC_BO
10
535.55
20
135.096
30
0.0
40
1.2
1
-293,41
7
VN
0
TEXT
8
07_BANG_THONG_KE_COC_BO
10
546.35
20
135.096
30
0.0
40
1.2
1
384,13
7
VN
0
TEXT
8
07_BANG_THONG_KE_COC_BO
10
555.35
20
135.096
30
0.0
40
1.2
1
1
7
VN
0
TEXT
8
07_BANG_THONG_KE_COC_BO
10
562.55
20
135.096
30
0.0
40
1.2
1
350
7
VN
0
TEXT
8
07_BANG_THONG_KE_COC_BO
10
570.65
20
135.096
30
0.0
40
1.2
1
6,5
7
VN
0
TEXT
8
07_BANG_THONG_KE_COC_BO
10
579.65
20
135.096
30
0.0
40
1.2
1
87,3
7
VN
0
TEXT
8
07_BANG_THONG_KE_COC_BO
10
590.45
20
135.096
30
0.0
40
1.2
1
99,6
7
VN
0
TEXT
8
07_BANG_THONG_KE_COC_BO
10
601.25
20
135.096
30
0.0
40
1.2
1
\U+0110\U+1EA0T
7
VN
0
TEXT
8
07_BANG_THONG_KE_COC_BO
10
611.15
20
135.096
30
0.0
40
1.2
1
6\U+03A632 CB400-V
7
VN
0
TEXT
8
07_BANG_THONG_KE_COC_BO
10
627.35
20
135.096
30
0.0
40
1.2
1
XO\U+1EAEN \U+03A68 a150
7
VN
0
TEXT
8
07_BANG_THONG_KE_COC_BO
10
493.25
20
132.456
30
0.0
40
1.2
1
HV-P149
7
VN
0
TEXT
8
07_BANG_THONG_KE_COC_BO
10
505.85
20
132.456
30
0.0
40
1.2
1
B5A-D38
7
VN
0
TEXT
8
07_BANG_THONG_KE_COC_BO
10
516.65
20
132.456
30
0.0
40
1.2
1
B\U+00C8 5A
7
VN
0
TEXT
8
07_BANG_THONG_KE_COC_BO
10
524.75
20
132.456
30
0.0
40
1.2
1
306,52
7
VN
0
TEXT
8
07_BANG_THONG_KE_COC_BO
10
535.55
20
132.456
30
0.0
40
1.2
1
-293,41
7
VN
0
TEXT
8
07_BANG_THONG_KE_COC_BO
10
546.35
20
132.456
30
0.0
40
1.2
1
384,01
7
VN
0
TEXT
8
07_BANG_THONG_KE_COC_BO
10
555.35
20
132.456
30
0.0
40
1.2
1
1
7
VN
0
TEXT
8
07_BANG_THONG_KE_COC_BO
10
562.55
20
132.456
30
0.0
40
1.2
1
350
7
VN
0
TEXT
8
07_BANG_THONG_KE_COC_BO
10
570.65
20
132.456
30
0.0
40
1.2
1
6,5
7
VN
0
TEXT
8
07_BANG_THONG_KE_COC_BO
10
579.65
20
132.456
30
0.0
40
1.2
1
87,3
7
VN
0
TEXT
8
07_BANG_THONG_KE_COC_BO
10
590.45
20
132.456
30
0.0
40
1.2
1
99,6
7
VN
0
TEXT
8
07_BANG_THONG_KE_COC_BO
10
601.25
20
132.456
30
0.0
40
1.2
1
\U+0110\U+1EA0T
7
VN
0
TEXT
8
07_BANG_THONG_KE_COC_BO
10
611.15
20
132.456
30
0.0
40
1.2
1
6\U+03A632 CB400-V
7
VN
0
TEXT
8
07_BANG_THONG_KE_COC_BO
10
627.35
20
132.456
30
0.0
40
1.2
1
XO\U+1EAEN \U+03A68 a150
7
VN
0
TEXT
8
07_BANG_THONG_KE_COC_BO
10
493.25
20
129.816
30
0.0
40
1.2
1
HV-P150
7
VN
0
TEXT
8
07_BANG_THONG_KE_COC_BO
10
505.85
20
129.816
30
0.0
40
1.2
1
B5A-D39
7
VN
0
TEXT
8
07_BANG_THONG_KE_COC_BO
10
516.65
20
129.816
30
0.0
40
1.2
1
B\U+00C8 5A
7
VN
0
TEXT
8
07_BANG_THONG_KE_COC_BO
10
524.75
20
129.816
30
0.0
40
1.2
1
321,02
7
VN
0
TEXT
8
07_BANG_THONG_KE_COC_BO
10
535.55
20
129.816
30
0.0
40
1.2
1
-293,91
7
VN
0
TEXT
8
07_BANG_THONG_KE_COC_BO
10
546.35
20
129.816
30
0.0
40
1.2
1
384,08
7
VN
0
TEXT
8
07_BANG_THONG_KE_COC_BO
10
555.35
20
129.816
30
0.0
40
1.2
1
1
7
VN
0
TEXT
8
07_BANG_THONG_KE_COC_BO
10
562.55
20
129.816
30
0.0
40
1.2
1
350
7
VN
0
TEXT
8
07_BANG_THONG_KE_COC_BO
10
570.65
20
129.816
30
0.0
40
1.2
1
6,5
7
VN
0
TEXT
8
07_BANG_THONG_KE_COC_BO
10
579.65
20
129.816
30
0.0
40
1.2
1
87,3
7
VN
0
TEXT
8
07_BANG_THONG_KE_COC_BO
10
590.45
20
129.816
30
0.0
40
1.2
1
99,6
7
VN
0
TEXT
8
07_BANG_THONG_KE_COC_BO
10
601.25
20
129.816
30
0.0
40
1.2
1
\U+0110\U+1EA0T
7
VN
0
TEXT
8
07_BANG_THONG_KE_COC_BO
10
611.15
20
129.816
30
0.0
40
1.2
1
6\U+03A632 CB400-V
7
VN
0
TEXT
8
07_BANG_THONG_KE_COC_BO
10
627.35
20
129.816
30
0.0
40
1.2
1
XO\U+1EAEN \U+03A68 a150
7
VN
0
TEXT
8
07_BANG_THONG_KE_COC_BO
10
493.25
20
127.176
30
0.0
40
1.2
1
HV-P151
7
VN
0
TEXT
8
07_BANG_THONG_KE_COC_BO
10
505.85
20
127.176
30
0.0
40
1.2
1
B5A-D40
7
VN
0
TEXT
8
07_BANG_THONG_KE_COC_BO
10
516.65
20
127.176
30
0.0
40
1.2
1
B\U+00C8 5A
7
VN
0
TEXT
8
07_BANG_THONG_KE_COC_BO
10
524.75
20
127.176
30
0.0
40
1.2
1
361,34
7
VN
0
TEXT
8
07_BANG_THONG_KE_COC_BO
10
535.55
20
127.176
30
0.0
40
1.2
1
-276,23
7
VN
0
TEXT
8
07_BANG_THONG_KE_COC_BO
10
546.35
20
127.176
30
0.0
40
1.2
1
384,15
7
VN
0
TEXT
8
07_BANG_THONG_KE_COC_BO
10
555.35
20
127.176
30
0.0
40
1.2
1
1
7
VN
0
TEXT
8
07_BANG_THONG_KE_COC_BO
10
562.55
20
127.176
30
0.0
40
1.2
1
350
7
VN
0
TEXT
8
07_BANG_THONG_KE_COC_BO
10
570.65
20
127.176
30
0.0
40
1.2
1
6,5
7
VN
0
TEXT
8
07_BANG_THONG_KE_COC_BO
10
579.65
20
127.176
30
0.0
40
1.2
1
87,3
7
VN
0
TEXT
8
07_BANG_THONG_KE_COC_BO
10
590.45
20
127.176
30
0.0
40
1.2
1
99,6
7
VN
0
TEXT
8
07_BANG_THONG_KE_COC_BO
10
601.25
20
127.176
30
0.0
40
1.2
1
\U+0110\U+1EA0T
7
VN
0
TEXT
8
07_BANG_THONG_KE_COC_BO
10
611.15
20
127.176
30
0.0
40
1.2
1
6\U+03A632 CB400-V
7
VN
0
TEXT
8
07_BANG_THONG_KE_COC_BO
10
627.35
20
127.176
30
0.0
40
1.2
1
XO\U+1EAEN \U+03A68 a150
7
VN
0
TEXT
8
07_BANG_THONG_KE_COC_BO
10
493.25
20
124.536
30
0.0
40
1.2
1
HV-P152
7
VN
0
TEXT
8
07_BANG_THONG_KE_COC_BO
10
505.85
20
124.536
30
0.0
40
1.2
1
B5A-D41
7
VN
0
TEXT
8
07_BANG_THONG_KE_COC_BO
10
516.65
20
124.536
30
0.0
40
1.2
1
B\U+00C8 5A
7
VN
0
TEXT
8
07_BANG_THONG_KE_COC_BO
10
524.75
20
124.536
30
0.0
40
1.2
1
372,19
7
VN
0
TEXT
8
07_BANG_THONG_KE_COC_BO
10
535.55
20
124.536
30
0.0
40
1.2
1
-264,83
7
VN
0
TEXT
8
07_BANG_THONG_KE_COC_BO
10
546.35
20
124.536
30
0.0
40
1.2
1
384,02
7
VN
0
TEXT
8
07_BANG_THONG_KE_COC_BO
10
555.35
20
124.536
30
0.0
40
1.2
1
1
7
VN
0
TEXT
8
07_BANG_THONG_KE_COC_BO
10
562.55
20
124.536
30
0.0
40
1.2
1
350
7
VN
0
TEXT
8
07_BANG_THONG_KE_COC_BO
10
570.65
20
124.536
30
0.0
40
1.2
1
6,5
7
VN
0
TEXT
8
07_BANG_THONG_KE_COC_BO
10
579.65
20
124.536
30
0.0
40
1.2
1
87,3
7
VN
0
TEXT
8
07_BANG_THONG_KE_COC_BO
10
590.45
20
124.536
30
0.0
40
1.2
1
99,6
7
VN
0
TEXT
8
07_BANG_THONG_KE_COC_BO
10
601.25
20
124.536
30
0.0
40
1.2
1
\U+0110\U+1EA0T
7
VN
0
TEXT
8
07_BANG_THONG_KE_COC_BO
10
611.15
20
124.536
30
0.0
40
1.2
1
6\U+03A632 CB400-V
7
VN
0
TEXT
8
07_BANG_THONG_KE_COC_BO
10
627.35
20
124.536
30
0.0
40
1.2
1
XO\U+1EAEN \U+03A68 a150
7
VN
0
TEXT
8
07_BANG_THONG_KE_COC_BO
10
493.25
20
121.896
30
0.0
40
1.2
1
HV-P153
7
VN
0
TEXT
8
07_BANG_THONG_KE_COC_BO
10
505.85
20
121.896
30
0.0
40
1.2
1
B5A-D42
7
VN
0
TEXT
8
07_BANG_THONG_KE_COC_BO
10
516.65
20
121.896
30
0.0
40
1.2
1
B\U+00C8 5A
7
VN
0
TEXT
8
07_BANG_THONG_KE_COC_BO
10
524.75
20
121.896
30
0.0
40
1.2
1
408,31
7
VN
0
TEXT
8
07_BANG_THONG_KE_COC_BO
10
535.55
20
121.896
30
0.0
40
1.2
1
-224,21
7
VN
0
TEXT
8
07_BANG_THONG_KE_COC_BO
10
546.35
20
121.896
30
0.0
40
1.2
1
384,01
7
VN
0
TEXT
8
07_BANG_THONG_KE_COC_BO
10
555.35
20
121.896
30
0.0
40
1.2
1
1
7
VN
0
TEXT
8
07_BANG_THONG_KE_COC_BO
10
562.55
20
121.896
30
0.0
40
1.2
1
350
7
VN
0
TEXT
8
07_BANG_THONG_KE_COC_BO
10
570.65
20
121.896
30
0.0
40
1.2
1
6,5
7
VN
0
TEXT
8
07_BANG_THONG_KE_COC_BO
10
579.65
20
121.896
30
0.0
40
1.2
1
87,3
7
VN
0
TEXT
8
07_BANG_THONG_KE_COC_BO
10
590.45
20
121.896
30
0.0
40
1.2
1
99,6
7
VN
0
TEXT
8
07_BANG_THONG_KE_COC_BO
10
601.25
20
121.896
30
0.0
40
1.2
1
\U+0110\U+1EA0T
7
VN
0
TEXT
8
07_BANG_THONG_KE_COC_BO
10
611.15
20
121.896
30
0.0
40
1.2
1
6\U+03A632 CB400-V
7
VN
0
TEXT
8
07_BANG_THONG_KE_COC_BO
10
627.35
20
121.896
30
0.0
40
1.2
1
XO\U+1EAEN \U+03A68 a150
7
VN
0
TEXT
8
07_BANG_THONG_KE_COC_BO
10
493.25
20
119.256
30
0.0
40
1.2
1
HV-P154
7
VN
0
TEXT
8
07_BANG_THONG_KE_COC_BO
10
505.85
20
119.256
30
0.0
40
1.2
1
B5A-D43
7
VN
0
TEXT
8
07_BANG_THONG_KE_COC_BO
10
516.65
20
119.256
30
0.0
40
1.2
1
B\U+00C8 5A
7
VN
0
TEXT
8
07_BANG_THONG_KE_COC_BO
10
524.75
20
119.256
30
0.0
40
1.2
1
412,31
7
VN
0
TEXT
8
07_BANG_THONG_KE_COC_BO
10
535.55
20
119.256
30
0.0
40
1.2
1
-206,08
7
VN
0
TEXT
8
07_BANG_THONG_KE_COC_BO
10
546.35
20
119.256
30
0.0
40
1.2
1
384,08
7
VN
0
TEXT
8
07_BANG_THONG_KE_COC_BO
10
555.35
20
119.256
30
0.0
40
1.2
1
1
7
VN
0
TEXT
8
07_BANG_THONG_KE_COC_BO
10
562.55
20
119.256
30
0.0
40
1.2
1
350
7
VN
0
TEXT
8
07_BANG_THONG_KE_COC_BO
10
570.65
20
119.256
30
0.0
40
1.2
1
6,5
7
VN
0
TEXT
8
07_BANG_THONG_KE_COC_BO
10
579.65
20
119.256
30
0.0
40
1.2
1
87,3
7
VN
0
TEXT
8
07_BANG_THONG_KE_COC_BO
10
590.45
20
119.256
30
0.0
40
1.2
1
99,6
7
VN
0
TEXT
8
07_BANG_THONG_KE_COC_BO
10
601.25
20
119.256
30
0.0
40
1.2
1
\U+0110\U+1EA0T
7
VN
0
TEXT
8
07_BANG_THONG_KE_COC_BO
10
611.15
20
119.256
30
0.0
40
1.2
1
6\U+03A632 CB400-V
7
VN
0
TEXT
8
07_BANG_THONG_KE_COC_BO
10
627.35
20
119.256
30
0.0
40
1.2
1
XO\U+1EAEN \U+03A68 a150
7
VN
0
TEXT
8
07_BANG_THONG_KE_COC_BO
10
493.25
20
116.616
30
0.0
40
1.2
1
HV-P155
7
VN
0
TEXT
8
07_BANG_THONG_KE_COC_BO
10
505.85
20
116.616
30
0.0
40
1.2
1
B5A-D44
7
VN
0
TEXT
8
07_BANG_THONG_KE_COC_BO
10
516.65
20
116.616
30
0.0
40
1.2
1
B\U+00C8 5A
7
VN
0
TEXT
8
07_BANG_THONG_KE_COC_BO
10
524.75
20
116.616
30
0.0
40
1.2
1
414,50
7
VN
0
TEXT
8
07_BANG_THONG_KE_COC_BO
10
535.55
20
116.616
30
0.0
40
1.2
1
-187,56
7
VN
0
TEXT
8
07_BANG_THONG_KE_COC_BO
10
546.35
20
116.616
30
0.0
40
1.2
1
384,12
7
VN
0
TEXT
8
07_BANG_THONG_KE_COC_BO
10
555.35
20
116.616
30
0.0
40
1.2
1
1
7
VN
0
TEXT
8
07_BANG_THONG_KE_COC_BO
10
562.55
20
116.616
30
0.0
40
1.2
1
350
7
VN
0
TEXT
8
07_BANG_THONG_KE_COC_BO
10
570.65
20
116.616
30
0.0
40
1.2
1
6,5
7
VN
0
TEXT
8
07_BANG_THONG_KE_COC_BO
10
579.65
20
116.616
30
0.0
40
1.2
1
87,3
7
VN
0
TEXT
8
07_BANG_THONG_KE_COC_BO
10
590.45
20
116.616
30
0.0
40
1.2
1
99,6
7
VN
0
TEXT
8
07_BANG_THONG_KE_COC_BO
10
601.25
20
116.616
30
0.0
40
1.2
1
\U+0110\U+1EA0T
7
VN
0
TEXT
8
07_BANG_THONG_KE_COC_BO
10
611.15
20
116.616
30
0.0
40
1.2
1
6\U+03A632 CB400-V
7
VN
0
TEXT
8
07_BANG_THONG_KE_COC_BO
10
627.35
20
116.616
30
0.0
40
1.2
1
XO\U+1EAEN \U+03A68 a150
7
VN
0
TEXT
8
07_BANG_THONG_KE_COC_BO
10
493.25
20
113.976
30
0.0
40
1.2
1
HV-P156
7
VN
0
TEXT
8
07_BANG_THONG_KE_COC_BO
10
505.85
20
113.976
30
0.0
40
1.2
1
B5A-D45
7
VN
0
TEXT
8
07_BANG_THONG_KE_COC_BO
10
516.65
20
113.976
30
0.0
40
1.2
1
B\U+00C8 5A
7
VN
0
TEXT
8
07_BANG_THONG_KE_COC_BO
10
524.75
20
113.976
30
0.0
40
1.2
1
416,00
7
VN
0
TEXT
8
07_BANG_THONG_KE_COC_BO
10
535.55
20
113.976
30
0.0
40
1.2
1
-173,06
7
VN
0
TEXT
8
07_BANG_THONG_KE_COC_BO
10
546.35
20
113.976
30
0.0
40
1.2
1
384,05
7
VN
0
TEXT
8
07_BANG_THONG_KE_COC_BO
10
555.35
20
113.976
30
0.0
40
1.2
1
1
7
VN
0
TEXT
8
07_BANG_THONG_KE_COC_BO
10
562.55
20
113.976
30
0.0
40
1.2
1
350
7
VN
0
TEXT
8
07_BANG_THONG_KE_COC_BO
10
570.65
20
113.976
30
0.0
40
1.2
1
6,5
7
VN
0
TEXT
8
07_BANG_THONG_KE_COC_BO
10
579.65
20
113.976
30
0.0
40
1.2
1
87,3
7
VN
0
TEXT
8
07_BANG_THONG_KE_COC_BO
10
590.45
20
113.976
30
0.0
40
1.2
1
99,6
7
VN
0
TEXT
8
07_BANG_THONG_KE_COC_BO
10
601.25
20
113.976
30
0.0
40
1.2
1
\U+0110\U+1EA0T
7
VN
0
TEXT
8
07_BANG_THONG_KE_COC_BO
10
611.15
20
113.976
30
0.0
40
1.2
1
6\U+03A632 CB400-V
7
VN
0
TEXT
8
07_BANG_THONG_KE_COC_BO
10
627.35
20
113.976
30
0.0
40
1.2
1
XO\U+1EAEN \U+03A68 a150
7
VN
0
TEXT
8
07_BANG_THONG_KE_COC_BO
10
493.25
20
111.336
30
0.0
40
1.2
1
HV-P157
7
VN
0
TEXT
8
07_BANG_THONG_KE_COC_BO
10
505.85
20
111.336
30
0.0
40
1.2
1
B5A-D46
7
VN
0
TEXT
8
07_BANG_THONG_KE_COC_BO
10
516.65
20
111.336
30
0.0
40
1.2
1
B\U+00C8 5A
7
VN
0
TEXT
8
07_BANG_THONG_KE_COC_BO
10
524.75
20
111.336
30
0.0
40
1.2
1
419,63
7
VN
0
TEXT
8
07_BANG_THONG_KE_COC_BO
10
535.55
20
111.336
30
0.0
40
1.2
1
-168,71
7
VN
0
TEXT
8
07_BANG_THONG_KE_COC_BO
10
546.35
20
111.336
30
0.0
40
1.2
1
385,93
7
VN
0
TEXT
8
07_BANG_THONG_KE_COC_BO
10
555.35
20
111.336
30
0.0
40
1.2
1
1
7
VN
0
TEXT
8
07_BANG_THONG_KE_COC_BO
10
562.55
20
111.336
30
0.0
40
1.2
1
350
7
VN
0
TEXT
8
07_BANG_THONG_KE_COC_BO
10
570.65
20
111.336
30
0.0
40
1.2
1
6,5
7
VN
0
TEXT
8
07_BANG_THONG_KE_COC_BO
10
579.65
20
111.336
30
0.0
40
1.2
1
87,3
7
VN
0
TEXT
8
07_BANG_THONG_KE_COC_BO
10
590.45
20
111.336
30
0.0
40
1.2
1
99,6
7
VN
0
TEXT
8
07_BANG_THONG_KE_COC_BO
10
601.25
20
111.336
30
0.0
40
1.2
1
\U+0110\U+1EA0T
7
VN
0
TEXT
8
07_BANG_THONG_KE_COC_BO
10
611.15
20
111.336
30
0.0
40
1.2
1
6\U+03A632 CB400-V
7
VN
0
TEXT
8
07_BANG_THONG_KE_COC_BO
10
627.35
20
111.336
30
0.0
40
1.2
1
XO\U+1EAEN \U+03A68 a150
7
VN
0
TEXT
8
07_BANG_THONG_KE_COC_BO
10
493.25
20
108.696
30
0.0
40
1.2
1
HV-P158
7
VN
0
TEXT
8
07_BANG_THONG_KE_COC_BO
10
505.85
20
108.696
30
0.0
40
1.2
1
B5A-D47
7
VN
0
TEXT
8
07_BANG_THONG_KE_COC_BO
10
516.65
20
108.696
30
0.0
40
1.2
1
B\U+00C8 5A
7
VN
0
TEXT
8
07_BANG_THONG_KE_COC_BO
10
524.75
20
108.696
30
0.0
40
1.2
1
417,40
7
VN
0
TEXT
8
07_BANG_THONG_KE_COC_BO
10
535.55
20
108.696
30
0.0
40
1.2
1
-166,67
7
VN
0
TEXT
8
07_BANG_THONG_KE_COC_BO
10
546.35
20
108.696
30
0.0
40
1.2
1
384,30
7
VN
0
TEXT
8
07_BANG_THONG_KE_COC_BO
10
555.35
20
108.696
30
0.0
40
1.2
1
1
7
VN
0
TEXT
8
07_BANG_THONG_KE_COC_BO
10
562.55
20
108.696
30
0.0
40
1.2
1
350
7
VN
0
TEXT
8
07_BANG_THONG_KE_COC_BO
10
570.65
20
108.696
30
0.0
40
1.2
1
6,5
7
VN
0
TEXT
8
07_BANG_THONG_KE_COC_BO
10
579.65
20
108.696
30
0.0
40
1.2
1
87,3
7
VN
0
TEXT
8
07_BANG_THONG_KE_COC_BO
10
590.45
20
108.696
30
0.0
40
1.2
1
99,6
7
VN
0
TEXT
8
07_BANG_THONG_KE_COC_BO
10
601.25
20
108.696
30
0.0
40
1.2
1
\U+0110\U+1EA0T
7
VN
0
TEXT
8
07_BANG_THONG_KE_COC_BO
10
611.15
20
108.696
30
0.0
40
1.2
1
6\U+03A632 CB400-V
7
VN
0
TEXT
8
07_BANG_THONG_KE_COC_BO
10
627.35
20
108.696
30
0.0
40
1.2
1
XO\U+1EAEN \U+03A68 a150
7
VN
0
TEXT
8
07_BANG_THONG_KE_COC_BO
10
493.25
20
106.056
30
0.0
40
1.2
1
HV-P159
7
VN
0
TEXT
8
07_BANG_THONG_KE_COC_BO
10
505.85
20
106.056
30
0.0
40
1.2
1
B5A-D48
7
VN
0
TEXT
8
07_BANG_THONG_KE_COC_BO
10
516.65
20
106.056
30
0.0
40
1.2
1
B\U+00C8 5A
7
VN
0
TEXT
8
07_BANG_THONG_KE_COC_BO
10
524.75
20
106.056
30
0.0
40
1.2
1
423,01
7
VN
0
TEXT
8
07_BANG_THONG_KE_COC_BO
10
535.55
20
106.056
30
0.0
40
1.2
1
-168,16
7
VN
0
TEXT
8
07_BANG_THONG_KE_COC_BO
10
546.35
20
106.056
30
0.0
40
1.2
1
388,57
7
VN
0
TEXT
8
07_BANG_THONG_KE_COC_BO
10
555.35
20
106.056
30
0.0
40
1.2
1
1
7
VN
0
TEXT
8
07_BANG_THONG_KE_COC_BO
10
562.55
20
106.056
30
0.0
40
1.2
1
350
7
VN
0
TEXT
8
07_BANG_THONG_KE_COC_BO
10
570.65
20
106.056
30
0.0
40
1.2
1
6,5
7
VN
0
TEXT
8
07_BANG_THONG_KE_COC_BO
10
579.65
20
106.056
30
0.0
40
1.2
1
87,3
7
VN
0
TEXT
8
07_BANG_THONG_KE_COC_BO
10
590.45
20
106.056
30
0.0
40
1.2
1
99,6
7
VN
0
TEXT
8
07_BANG_THONG_KE_COC_BO
10
601.25
20
106.056
30
0.0
40
1.2
1
\U+0110\U+1EA0T
7
VN
0
TEXT
8
07_BANG_THONG_KE_COC_BO
10
611.15
20
106.056
30
0.0
40
1.2
1
6\U+03A632 CB400-V
7
VN
0
TEXT
8
07_BANG_THONG_KE_COC_BO
10
627.35
20
106.056
30
0.0
40
1.2
1
XO\U+1EAEN \U+03A68 a150
7
VN
0
TEXT
8
07_BANG_THONG_KE_COC_BO
10
493.25
20
103.416
30
0.0
40
1.2
1
HV-P160
7
VN
0
TEXT
8
07_BANG_THONG_KE_COC_BO
10
505.85
20
103.416
30
0.0
40
1.2
1
B5A-D49
7
VN
0
TEXT
8
07_BANG_THONG_KE_COC_BO
10
516.65
20
103.416
30
0.0
40
1.2
1
B\U+00C8 5A
7
VN
0
TEXT
8
07_BANG_THONG_KE_COC_BO
10
524.75
20
103.416
30
0.0
40
1.2
1
418,19
7
VN
0
TEXT
8
07_BANG_THONG_KE_COC_BO
10
535.55
20
103.416
30
0.0
40
1.2
1
-162,96
7
VN
0
TEXT
8
07_BANG_THONG_KE_COC_BO
10
546.35
20
103.416
30
0.0
40
1.2
1
384,00
7
VN
0
TEXT
8
07_BANG_THONG_KE_COC_BO
10
555.35
20
103.416
30
0.0
40
1.2
1
1
7
VN
0
TEXT
8
07_BANG_THONG_KE_COC_BO
10
562.55
20
103.416
30
0.0
40
1.2
1
350
7
VN
0
TEXT
8
07_BANG_THONG_KE_COC_BO
10
570.65
20
103.416
30
0.0
40
1.2
1
6,5
7
VN
0
TEXT
8
07_BANG_THONG_KE_COC_BO
10
579.65
20
103.416
30
0.0
40
1.2
1
87,3
7
VN
0
TEXT
8
07_BANG_THONG_KE_COC_BO
10
590.45
20
103.416
30
0.0
40
1.2
1
99,6
7
VN
0
TEXT
8
07_BANG_THONG_KE_COC_BO
10
601.25
20
103.416
30
0.0
40
1.2
1
\U+0110\U+1EA0T
7
VN
0
TEXT
8
07_BANG_THONG_KE_COC_BO
10
611.15
20
103.416
30
0.0
40
1.2
1
6\U+03A632 CB400-V
7
VN
0
TEXT
8
07_BANG_THONG_KE_COC_BO
10
627.35
20
103.416
30
0.0
40
1.2
1
XO\U+1EAEN \U+03A68 a150
7
VN
0
TEXT
8
07_BANG_THONG_KE_COC_BO
10
493.25
20
100.776
30
0.0
40
1.2
1
HV-P161
7
VN
0
TEXT
8
07_BANG_THONG_KE_COC_BO
10
505.85
20
100.776
30
0.0
40
1.2
1
B6-D01
7
VN
0
TEXT
8
07_BANG_THONG_KE_COC_BO
10
516.65
20
100.776
30
0.0
40
1.2
1
B\U+00C8 6
7
VN
0
TEXT
8
07_BANG_THONG_KE_COC_BO
10
524.75
20
100.776
30
0.0
40
1.2
1
449,49
7
VN
0
TEXT
8
07_BANG_THONG_KE_COC_BO
10
535.55
20
100.776
30
0.0
40
1.2
1
23,16
7
VN
0
TEXT
8
07_BANG_THONG_KE_COC_BO
10
546.35
20
100.776
30
0.0
40
1.2
1
384,39
7
VN
0
TEXT
8
07_BANG_THONG_KE_COC_BO
10
555.35
20
100.776
30
0.0
40
1.2
1
1
7
VN
0
TEXT
8
07_BANG_THONG_KE_COC_BO
10
562.55
20
100.776
30
0.0
40
1.2
1
350
7
VN
0
TEXT
8
07_BANG_THONG_KE_COC_BO
10
570.65
20
100.776
30
0.0
40
1.2
1
6,5
7
VN
0
TEXT
8
07_BANG_THONG_KE_COC_BO
10
579.65
20
100.776
30
0.0
40
1.2
1
40,8
7
VN
0
TEXT
8
07_BANG_THONG_KE_COC_BO
10
590.45
20
100.776
30
0.0
40
1.2
1
44,6
7
VN
0
TEXT
8
07_BANG_THONG_KE_COC_BO
10
601.25
20
100.776
30
0.0
40
1.2
1
\U+0110\U+1EA0T
7
VN
0
TEXT
8
07_BANG_THONG_KE_COC_BO
10
611.15
20
100.776
30
0.0
40
1.2
1
4\U+03A625 CB400-V
7
VN
0
TEXT
8
07_BANG_THONG_KE_COC_BO
10
627.35
20
100.776
30
0.0
40
1.2
1
XO\U+1EAEN \U+03A68 a150
7
VN
0
TEXT
8
07_BANG_THONG_KE_COC_BO
10
493.25
20
98.136
30
0.0
40
1.2
1
HV-P162
7
VN
0
TEXT
8
07_BANG_THONG_KE_COC_BO
10
505.85
20
98.136
30
0.0
40
1.2
1
B6-D02
7
VN
0
TEXT
8
07_BANG_THONG_KE_COC_BO
10
516.65
20
98.136
30
0.0
40
1.2
1
B\U+00C8 6
7
VN
0
TEXT
8
07_BANG_THONG_KE_COC_BO
10
524.75
20
98.136
30
0.0
40
1.2
1
410,55
7
VN
0
TEXT
8
07_BANG_THONG_KE_COC_BO
10
535.55
20
98.136
30
0.0
40
1.2
1
48,58
7
VN
0
TEXT
8
07_BANG_THONG_KE_COC_BO
10
546.35
20
98.136
30
0.0
40
1.2
1
384,33
7
VN
0
TEXT
8
07_BANG_THONG_KE_COC_BO
10
555.35
20
98.136
30
0.0
40
1.2
1
1
7
VN
0
TEXT
8
07_BANG_THONG_KE_COC_BO
10
562.55
20
98.136
30
0.0
40
1.2
1
350
7
VN
0
TEXT
8
07_BANG_THONG_KE_COC_BO
10
570.65
20
98.136
30
0.0
40
1.2
1
6,5
7
VN
0
TEXT
8
07_BANG_THONG_KE_COC_BO
10
579.65
20
98.136
30
0.0
40
1.2
1
40,8
7
VN
0
TEXT
8
07_BANG_THONG_KE_COC_BO
10
590.45
20
98.136
30
0.0
40
1.2
1
44,6
7
VN
0
TEXT
8
07_BANG_THONG_KE_COC_BO
10
601.25
20
98.136
30
0.0
40
1.2
1
\U+0110\U+1EA0T
7
VN
0
TEXT
8
07_BANG_THONG_KE_COC_BO
10
611.15
20
98.136
30
0.0
40
1.2
1
4\U+03A625 CB400-V
7
VN
0
TEXT
8
07_BANG_THONG_KE_COC_BO
10
627.35
20
98.136
30
0.0
40
1.2
1
XO\U+1EAEN \U+03A68 a150
7
VN
0
TEXT
8
07_BANG_THONG_KE_COC_BO
10
493.25
20
95.496
30
0.0
40
1.2
1
HV-P163
7
VN
0
TEXT
8
07_BANG_THONG_KE_COC_BO
10
505.85
20
95.496
30
0.0
40
1.2
1
B6-D03
7
VN
0
TEXT
8
07_BANG_THONG_KE_COC_BO
10
516.65
20
95.496
30
0.0
40
1.2
1
B\U+00C8 6
7
VN
0
TEXT
8
07_BANG_THONG_KE_COC_BO
10
524.75
20
95.496
30
0.0
40
1.2
1
409,94
7
VN
0
TEXT
8
07_BANG_THONG_KE_COC_BO
10
535.55
20
95.496
30
0.0
40
1.2
1
60,97
7
VN
0
TEXT
8
07_BANG_THONG_KE_COC_BO
10
546.35
20
95.496
30
0.0
40
1.2
1
384,47
7
VN
0
TEXT
8
07_BANG_THONG_KE_COC_BO
10
555.35
20
95.496
30
0.0
40
1.2
1
1
7
VN
0
TEXT
8
07_BANG_THONG_KE_COC_BO
10
562.55
20
95.496
30
0.0
40
1.2
1
350
7
VN
0
TEXT
8
07_BANG_THONG_KE_COC_BO
10
570.65
20
95.496
30
0.0
40
1.2
1
6,5
7
VN
0
TEXT
8
07_BANG_THONG_KE_COC_BO
10
579.65
20
95.496
30
0.0
40
1.2
1
40,8
7
VN
0
TEXT
8
07_BANG_THONG_KE_COC_BO
10
590.45
20
95.496
30
0.0
40
1.2
1
44,6
7
VN
0
TEXT
8
07_BANG_THONG_KE_COC_BO
10
601.25
20
95.496
30
0.0
40
1.2
1
\U+0110\U+1EA0T
7
VN
0
TEXT
8
07_BANG_THONG_KE_COC_BO
10
611.15
20
95.496
30
0.0
40
1.2
1
4\U+03A625 CB400-V
7
VN
0
TEXT
8
07_BANG_THONG_KE_COC_BO
10
627.35
20
95.496
30
0.0
40
1.2
1
XO\U+1EAEN \U+03A68 a150
7
VN
0
TEXT
8
07_BANG_THONG_KE_COC_BO
10
493.25
20
92.856
30
0.0
40
1.2
1
HV-P164
7
VN
0
TEXT
8
07_BANG_THONG_KE_COC_BO
10
505.85
20
92.856
30
0.0
40
1.2
1
B6-D04
7
VN
0
TEXT
8
07_BANG_THONG_KE_COC_BO
10
516.65
20
92.856
30
0.0
40
1.2
1
B\U+00C8 6
7
VN
0
TEXT
8
07_BANG_THONG_KE_COC_BO
10
524.75
20
92.856
30
0.0
40
1.2
1
462,77
7
VN
0
TEXT
8
07_BANG_THONG_KE_COC_BO
10
535.55
20
92.856
30
0.0
40
1.2
1
-25,58
7
VN
0
TEXT
8
07_BANG_THONG_KE_COC_BO
10
546.35
20
92.856
30
0.0
40
1.2
1
384,87
7
VN
0
TEXT
8
07_BANG_THONG_KE_COC_BO
10
555.35
20
92.856
30
0.0
40
1.2
1
1
7
VN
0
TEXT
8
07_BANG_THONG_KE_COC_BO
10
562.55
20
92.856
30
0.0
40
1.2
1
350
7
VN
0
TEXT
8
07_BANG_THONG_KE_COC_BO
10
570.65
20
92.856
30
0.0
40
1.2
1
6,5
7
VN
0
TEXT
8
07_BANG_THONG_KE_COC_BO
10
579.65
20
92.856
30
0.0
40
1.2
1
40,8
7
VN
0
TEXT
8
07_BANG_THONG_KE_COC_BO
10
590.45
20
92.856
30
0.0
40
1.2
1
44,6
7
VN
0
TEXT
8
07_BANG_THONG_KE_COC_BO
10
601.25
20
92.856
30
0.0
40
1.2
1
\U+0110\U+1EA0T
7
VN
0
TEXT
8
07_BANG_THONG_KE_COC_BO
10
611.15
20
92.856
30
0.0
40
1.2
1
4\U+03A625 CB400-V
7
VN
0
TEXT
8
07_BANG_THONG_KE_COC_BO
10
627.35
20
92.856
30
0.0
40
1.2
1
XO\U+1EAEN \U+03A68 a150
7
VN
0
TEXT
8
07_BANG_THONG_KE_COC_BO
10
493.25
20
90.216
30
0.0
40
1.2
1
HV-P165
7
VN
0
TEXT
8
07_BANG_THONG_KE_COC_BO
10
505.85
20
90.216
30
0.0
40
1.2
1
B6-D05
7
VN
0
TEXT
8
07_BANG_THONG_KE_COC_BO
10
516.65
20
90.216
30
0.0
40
1.2
1
B\U+00C8 6
7
VN
0
TEXT
8
07_BANG_THONG_KE_COC_BO
10
524.75
20
90.216
30
0.0
40
1.2
1
462,26
7
VN
0
TEXT
8
07_BANG_THONG_KE_COC_BO
10
535.55
20
90.216
30
0.0
40
1.2
1
-9,70
7
VN
0
TEXT
8
07_BANG_THONG_KE_COC_BO
10
546.35
20
90.216
30
0.0
40
1.2
1
384,38
7
VN
0
TEXT
8
07_BANG_THONG_KE_COC_BO
10
555.35
20
90.216
30
0.0
40
1.2
1
1
7
VN
0
TEXT
8
07_BANG_THONG_KE_COC_BO
10
562.55
20
90.216
30
0.0
40
1.2
1
350
7
VN
0
TEXT
8
07_BANG_THONG_KE_COC_BO
10
570.65
20
90.216
30
0.0
40
1.2
1
6,5
7
VN
0
TEXT
8
07_BANG_THONG_KE_COC_BO
10
579.65
20
90.216
30
0.0
40
1.2
1
40,8
7
VN
0
TEXT
8
07_BANG_THONG_KE_COC_BO
10
590.45
20
90.216
30
0.0
40
1.2
1
44,6
7
VN
0
TEXT
8
07_BANG_THONG_KE_COC_BO
10
601.25
20
90.216
30
0.0
40
1.2
1
\U+0110\U+1EA0T
7
VN
0
TEXT
8
07_BANG_THONG_KE_COC_BO
10
611.15
20
90.216
30
0.0
40
1.2
1
4\U+03A625 CB400-V
7
VN
0
TEXT
8
07_BANG_THONG_KE_COC_BO
10
627.35
20
90.216
30
0.0
40
1.2
1
XO\U+1EAEN \U+03A68 a150
7
VN
0
TEXT
8
07_BANG_THONG_KE_COC_BO
10
493.25
20
87.576
30
0.0
40
1.2
1
HV-P166
7
VN
0
TEXT
8
07_BANG_THONG_KE_COC_BO
10
505.85
20
87.576
30
0.0
40
1.2
1
B6-D06
7
VN
0
TEXT
8
07_BANG_THONG_KE_COC_BO
10
516.65
20
87.576
30
0.0
40
1.2
1
B\U+00C8 6
7
VN
0
TEXT
8
07_BANG_THONG_KE_COC_BO
10
524.75
20
87.576
30
0.0
40
1.2
1
430,99
7
VN
0
TEXT
8
07_BANG_THONG_KE_COC_BO
10
535.55
20
87.576
30
0.0
40
1.2
1
-60,94
7
VN
0
TEXT
8
07_BANG_THONG_KE_COC_BO
10
546.35
20
87.576
30
0.0
40
1.2
1
384,22
7
VN
0
TEXT
8
07_BANG_THONG_KE_COC_BO
10
555.35
20
87.576
30
0.0
40
1.2
1
1
7
VN
0
TEXT
8
07_BANG_THONG_KE_COC_BO
10
562.55
20
87.576
30
0.0
40
1.2
1
350
7
VN
0
TEXT
8
07_BANG_THONG_KE_COC_BO
10
570.65
20
87.576
30
0.0
40
1.2
1
6,5
7
VN
0
TEXT
8
07_BANG_THONG_KE_COC_BO
10
579.65
20
87.576
30
0.0
40
1.2
1
40,8
7
VN
0
TEXT
8
07_BANG_THONG_KE_COC_BO
10
590.45
20
87.576
30
0.0
40
1.2
1
44,6
7
VN
0
TEXT
8
07_BANG_THONG_KE_COC_BO
10
601.25
20
87.576
30
0.0
40
1.2
1
\U+0110\U+1EA0T
7
VN
0
TEXT
8
07_BANG_THONG_KE_COC_BO
10
611.15
20
87.576
30
0.0
40
1.2
1
4\U+03A625 CB400-V
7
VN
0
TEXT
8
07_BANG_THONG_KE_COC_BO
10
627.35
20
87.576
30
0.0
40
1.2
1
XO\U+1EAEN \U+03A68 a150
7
VN
0
TEXT
8
07_BANG_THONG_KE_COC_BO
10
493.25
20
84.936
30
0.0
40
1.2
1
HV-P167
7
VN
0
TEXT
8
07_BANG_THONG_KE_COC_BO
10
505.85
20
84.936
30
0.0
40
1.2
1
B6-D07
7
VN
0
TEXT
8
07_BANG_THONG_KE_COC_BO
10
516.65
20
84.936
30
0.0
40
1.2
1
B\U+00C8 6
7
VN
0
TEXT
8
07_BANG_THONG_KE_COC_BO
10
524.75
20
84.936
30
0.0
40
1.2
1
445,56
7
VN
0
TEXT
8
07_BANG_THONG_KE_COC_BO
10
535.55
20
84.936
30
0.0
40
1.2
1
-49,66
7
VN
0
TEXT
8
07_BANG_THONG_KE_COC_BO
10
546.35
20
84.936
30
0.0
40
1.2
1
384,57
7
VN
0
TEXT
8
07_BANG_THONG_KE_COC_BO
10
555.35
20
84.936
30
0.0
40
1.2
1
1
7
VN
0
TEXT
8
07_BANG_THONG_KE_COC_BO
10
562.55
20
84.936
30
0.0
40
1.2
1
350
7
VN
0
TEXT
8
07_BANG_THONG_KE_COC_BO
10
570.65
20
84.936
30
0.0
40
1.2
1
6,5
7
VN
0
TEXT
8
07_BANG_THONG_KE_COC_BO
10
579.65
20
84.936
30
0.0
40
1.2
1
40,8
7
VN
0
TEXT
8
07_BANG_THONG_KE_COC_BO
10
590.45
20
84.936
30
0.0
40
1.2
1
44,6
7
VN
0
TEXT
8
07_BANG_THONG_KE_COC_BO
10
601.25
20
84.936
30
0.0
40
1.2
1
\U+0110\U+1EA0T
7
VN
0
TEXT
8
07_BANG_THONG_KE_COC_BO
10
611.15
20
84.936
30
0.0
40
1.2
1
4\U+03A625 CB400-V
7
VN
0
TEXT
8
07_BANG_THONG_KE_COC_BO
10
627.35
20
84.936
30
0.0
40
1.2
1
XO\U+1EAEN \U+03A68 a150
7
VN
0
TEXT
8
07_BANG_THONG_KE_COC_BO
10
493.25
20
82.296
30
0.0
40
1.2
1
HV-P168
7
VN
0
TEXT
8
07_BANG_THONG_KE_COC_BO
10
505.85
20
82.296
30
0.0
40
1.2
1
B6-D08
7
VN
0
TEXT
8
07_BANG_THONG_KE_COC_BO
10
516.65
20
82.296
30
0.0
40
1.2
1
B\U+00C8 6
7
VN
0
TEXT
8
07_BANG_THONG_KE_COC_BO
10
524.75
20
82.296
30
0.0
40
1.2
1
453,96
7
VN
0
TEXT
8
07_BANG_THONG_KE_COC_BO
10
535.55
20
82.296
30
0.0
40
1.2
1
-39,87
7
VN
0
TEXT
8
07_BANG_THONG_KE_COC_BO
10
546.35
20
82.296
30
0.0
40
1.2
1
384,76
7
VN
0
TEXT
8
07_BANG_THONG_KE_COC_BO
10
555.35
20
82.296
30
0.0
40
1.2
1
1
7
VN
0
TEXT
8
07_BANG_THONG_KE_COC_BO
10
562.55
20
82.296
30
0.0
40
1.2
1
350
7
VN
0
TEXT
8
07_BANG_THONG_KE_COC_BO
10
570.65
20
82.296
30
0.0
40
1.2
1
6,5
7
VN
0
TEXT
8
07_BANG_THONG_KE_COC_BO
10
579.65
20
82.296
30
0.0
40
1.2
1
40,8
7
VN
0
TEXT
8
07_BANG_THONG_KE_COC_BO
10
590.45
20
82.296
30
0.0
40
1.2
1
44,6
7
VN
0
TEXT
8
07_BANG_THONG_KE_COC_BO
10
601.25
20
82.296
30
0.0
40
1.2
1
\U+0110\U+1EA0T
7
VN
0
TEXT
8
07_BANG_THONG_KE_COC_BO
10
611.15
20
82.296
30
0.0
40
1.2
1
4\U+03A625 CB400-V
7
VN
0
TEXT
8
07_BANG_THONG_KE_COC_BO
10
627.35
20
82.296
30
0.0
40
1.2
1
XO\U+1EAEN \U+03A68 a150
7
VN
0
TEXT
8
07_BANG_THONG_KE_COC_BO
10
493.25
20
79.656
30
0.0
40
1.2
1
HV-P169
7
VN
0
TEXT
8
07_BANG_THONG_KE_COC_BO
10
505.85
20
79.656
30
0.0
40
1.2
1
B6-D09
7
VN
0
TEXT
8
07_BANG_THONG_KE_COC_BO
10
516.65
20
79.656
30
0.0
40
1.2
1
B\U+00C8 6
7
VN
0
TEXT
8
07_BANG_THONG_KE_COC_BO
10
524.75
20
79.656
30
0.0
40
1.2
1
321,97
7
VN
0
TEXT
8
07_BANG_THONG_KE_COC_BO
10
535.55
20
79.656
30
0.0
40
1.2
1
33,99
7
VN
0
TEXT
8
07_BANG_THONG_KE_COC_BO
10
546.35
20
79.656
30
0.0
40
1.2
1
384,50
7
VN
0
TEXT
8
07_BANG_THONG_KE_COC_BO
10
555.35
20
79.656
30
0.0
40
1.2
1
1
7
VN
0
TEXT
8
07_BANG_THONG_KE_COC_BO
10
562.55
20
79.656
30
0.0
40
1.2
1
350
7
VN
0
TEXT
8
07_BANG_THONG_KE_COC_BO
10
570.65
20
79.656
30
0.0
40
1.2
1
6,5
7
VN
0
TEXT
8
07_BANG_THONG_KE_COC_BO
10
579.65
20
79.656
30
0.0
40
1.2
1
40,8
7
VN
0
TEXT
8
07_BANG_THONG_KE_COC_BO
10
590.45
20
79.656
30
0.0
40
1.2
1
44,6
7
VN
0
TEXT
8
07_BANG_THONG_KE_COC_BO
10
601.25
20
79.656
30
0.0
40
1.2
1
\U+0110\U+1EA0T
7
VN
0
TEXT
8
07_BANG_THONG_KE_COC_BO
10
611.15
20
79.656
30
0.0
40
1.2
1
4\U+03A625 CB400-V
7
VN
0
TEXT
8
07_BANG_THONG_KE_COC_BO
10
627.35
20
79.656
30
0.0
40
1.2
1
XO\U+1EAEN \U+03A68 a150
7
VN
0
TEXT
8
07_BANG_THONG_KE_COC_BO
10
493.25
20
77.016
30
0.0
40
1.2
1
HV-P170
7
VN
0
TEXT
8
07_BANG_THONG_KE_COC_BO
10
505.85
20
77.016
30
0.0
40
1.2
1
B6-D10
7
VN
0
TEXT
8
07_BANG_THONG_KE_COC_BO
10
516.65
20
77.016
30
0.0
40
1.2
1
B\U+00C8 6
7
VN
0
TEXT
8
07_BANG_THONG_KE_COC_BO
10
524.75
20
77.016
30
0.0
40
1.2
1
325,58
7
VN
0
TEXT
8
07_BANG_THONG_KE_COC_BO
10
535.55
20
77.016
30
0.0
40
1.2
1
20,84
7
VN
0
TEXT
8
07_BANG_THONG_KE_COC_BO
10
546.35
20
77.016
30
0.0
40
1.2
1
384,38
7
VN
0
TEXT
8
07_BANG_THONG_KE_COC_BO
10
555.35
20
77.016
30
0.0
40
1.2
1
1
7
VN
0
TEXT
8
07_BANG_THONG_KE_COC_BO
10
562.55
20
77.016
30
0.0
40
1.2
1
350
7
VN
0
TEXT
8
07_BANG_THONG_KE_COC_BO
10
570.65
20
77.016
30
0.0
40
1.2
1
6,5
7
VN
0
TEXT
8
07_BANG_THONG_KE_COC_BO
10
579.65
20
77.016
30
0.0
40
1.2
1
40,8
7
VN
0
TEXT
8
07_BANG_THONG_KE_COC_BO
10
590.45
20
77.016
30
0.0
40
1.2
1
44,6
7
VN
0
TEXT
8
07_BANG_THONG_KE_COC_BO
10
601.25
20
77.016
30
0.0
40
1.2
1
\U+0110\U+1EA0T
7
VN
0
TEXT
8
07_BANG_THONG_KE_COC_BO
10
611.15
20
77.016
30
0.0
40
1.2
1
4\U+03A625 CB400-V
7
VN
0
TEXT
8
07_BANG_THONG_KE_COC_BO
10
627.35
20
77.016
30
0.0
40
1.2
1
XO\U+1EAEN \U+03A68 a150
7
VN
0
TEXT
8
07_BANG_THONG_KE_COC_BO
10
493.25
20
74.376
30
0.0
40
1.2
1
HV-P171
7
VN
0
TEXT
8
07_BANG_THONG_KE_COC_BO
10
505.85
20
74.376
30
0.0
40
1.2
1
B6-D11
7
VN
0
TEXT
8
07_BANG_THONG_KE_COC_BO
10
516.65
20
74.376
30
0.0
40
1.2
1
B\U+00C8 6
7
VN
0
TEXT
8
07_BANG_THONG_KE_COC_BO
10
524.75
20
74.376
30
0.0
40
1.2
1
325,22
7
VN
0
TEXT
8
07_BANG_THONG_KE_COC_BO
10
535.55
20
74.376
30
0.0
40
1.2
1
10,06
7
VN
0
TEXT
8
07_BANG_THONG_KE_COC_BO
10
546.35
20
74.376
30
0.0
40
1.2
1
384,24
7
VN
0
TEXT
8
07_BANG_THONG_KE_COC_BO
10
555.35
20
74.376
30
0.0
40
1.2
1
1
7
VN
0
TEXT
8
07_BANG_THONG_KE_COC_BO
10
562.55
20
74.376
30
0.0
40
1.2
1
350
7
VN
0
TEXT
8
07_BANG_THONG_KE_COC_BO
10
570.65
20
74.376
30
0.0
40
1.2
1
6,5
7
VN
0
TEXT
8
07_BANG_THONG_KE_COC_BO
10
579.65
20
74.376
30
0.0
40
1.2
1
40,8
7
VN
0
TEXT
8
07_BANG_THONG_KE_COC_BO
10
590.45
20
74.376
30
0.0
40
1.2
1
44,6
7
VN
0
TEXT
8
07_BANG_THONG_KE_COC_BO
10
601.25
20
74.376
30
0.0
40
1.2
1
\U+0110\U+1EA0T
7
VN
0
TEXT
8
07_BANG_THONG_KE_COC_BO
10
611.15
20
74.376
30
0.0
40
1.2
1
4\U+03A625 CB400-V
7
VN
0
TEXT
8
07_BANG_THONG_KE_COC_BO
10
627.35
20
74.376
30
0.0
40
1.2
1
XO\U+1EAEN \U+03A68 a150
7
VN
0
TEXT
8
07_BANG_THONG_KE_COC_BO
10
493.25
20
71.736
30
0.0
40
1.2
1
HV-P172
7
VN
0
TEXT
8
07_BANG_THONG_KE_COC_BO
10
505.85
20
71.736
30
0.0
40
1.2
1
B6-D12
7
VN
0
TEXT
8
07_BANG_THONG_KE_COC_BO
10
516.65
20
71.736
30
0.0
40
1.2
1
B\U+00C8 6
7
VN
0
TEXT
8
07_BANG_THONG_KE_COC_BO
10
524.75
20
71.736
30
0.0
40
1.2
1
382,71
7
VN
0
TEXT
8
07_BANG_THONG_KE_COC_BO
10
535.55
20
71.736
30
0.0
40
1.2
1
78,03
7
VN
0
TEXT
8
07_BANG_THONG_KE_COC_BO
10
546.35
20
71.736
30
0.0
40
1.2
1
384,52
7
VN
0
TEXT
8
07_BANG_THONG_KE_COC_BO
10
555.35
20
71.736
30
0.0
40
1.2
1
1
7
VN
0
TEXT
8
07_BANG_THONG_KE_COC_BO
10
562.55
20
71.736
30
0.0
40
1.2
1
350
7
VN
0
TEXT
8
07_BANG_THONG_KE_COC_BO
10
570.65
20
71.736
30
0.0
40
1.2
1
6,5
7
VN
0
TEXT
8
07_BANG_THONG_KE_COC_BO
10
579.65
20
71.736
30
0.0
40
1.2
1
40,8
7
VN
0
TEXT
8
07_BANG_THONG_KE_COC_BO
10
590.45
20
71.736
30
0.0
40
1.2
1
44,6
7
VN
0
TEXT
8
07_BANG_THONG_KE_COC_BO
10
601.25
20
71.736
30
0.0
40
1.2
1
\U+0110\U+1EA0T
7
VN
0
TEXT
8
07_BANG_THONG_KE_COC_BO
10
611.15
20
71.736
30
0.0
40
1.2
1
4\U+03A625 CB400-V
7
VN
0
TEXT
8
07_BANG_THONG_KE_COC_BO
10
627.35
20
71.736
30
0.0
40
1.2
1
XO\U+1EAEN \U+03A68 a150
7
VN
0
TEXT
8
07_BANG_THONG_KE_COC_BO
10
493.25
20
69.096
30
0.0
40
1.2
1
HV-P173
7
VN
0
TEXT
8
07_BANG_THONG_KE_COC_BO
10
505.85
20
69.096
30
0.0
40
1.2
1
B6-D13
7
VN
0
TEXT
8
07_BANG_THONG_KE_COC_BO
10
516.65
20
69.096
30
0.0
40
1.2
1
B\U+00C8 6
7
VN
0
TEXT
8
07_BANG_THONG_KE_COC_BO
10
524.75
20
69.096
30
0.0
40
1.2
1
366,78
7
VN
0
TEXT
8
07_BANG_THONG_KE_COC_BO
10
535.55
20
69.096
30
0.0
40
1.2
1
76,56
7
VN
0
TEXT
8
07_BANG_THONG_KE_COC_BO
10
546.35
20
69.096
30
0.0
40
1.2
1
384,44
7
VN
0
TEXT
8
07_BANG_THONG_KE_COC_BO
10
555.35
20
69.096
30
0.0
40
1.2
1
1
7
VN
0
TEXT
8
07_BANG_THONG_KE_COC_BO
10
562.55
20
69.096
30
0.0
40
1.2
1
350
7
VN
0
TEXT
8
07_BANG_THONG_KE_COC_BO
10
570.65
20
69.096
30
0.0
40
1.2
1
6,5
7
VN
0
TEXT
8
07_BANG_THONG_KE_COC_BO
10
579.65
20
69.096
30
0.0
40
1.2
1
40,8
7
VN
0
TEXT
8
07_BANG_THONG_KE_COC_BO
10
590.45
20
69.096
30
0.0
40
1.2
1
44,6
7
VN
0
TEXT
8
07_BANG_THONG_KE_COC_BO
10
601.25
20
69.096
30
0.0
40
1.2
1
\U+0110\U+1EA0T
7
VN
0
TEXT
8
07_BANG_THONG_KE_COC_BO
10
611.15
20
69.096
30
0.0
40
1.2
1
4\U+03A625 CB400-V
7
VN
0
TEXT
8
07_BANG_THONG_KE_COC_BO
10
627.35
20
69.096
30
0.0
40
1.2
1
XO\U+1EAEN \U+03A68 a150
7
VN
0
TEXT
8
07_BANG_THONG_KE_COC_BO
10
493.25
20
66.456
30
0.0
40
1.2
1
HV-P174
7
VN
0
TEXT
8
07_BANG_THONG_KE_COC_BO
10
505.85
20
66.456
30
0.0
40
1.2
1
B6-D14
7
VN
0
TEXT
8
07_BANG_THONG_KE_COC_BO
10
516.65
20
66.456
30
0.0
40
1.2
1
B\U+00C8 6
7
VN
0
TEXT
8
07_BANG_THONG_KE_COC_BO
10
524.75
20
66.456
30
0.0
40
1.2
1
361,96
7
VN
0
TEXT
8
07_BANG_THONG_KE_COC_BO
10
535.55
20
66.456
30
0.0
40
1.2
1
76,91
7
VN
0
TEXT
8
07_BANG_THONG_KE_COC_BO
10
546.35
20
66.456
30
0.0
40
1.2
1
384,52
7
VN
0
TEXT
8
07_BANG_THONG_KE_COC_BO
10
555.35
20
66.456
30
0.0
40
1.2
1
1
7
VN
0
TEXT
8
07_BANG_THONG_KE_COC_BO
10
562.55
20
66.456
30
0.0
40
1.2
1
350
7
VN
0
TEXT
8
07_BANG_THONG_KE_COC_BO
10
570.65
20
66.456
30
0.0
40
1.2
1
6,5
7
VN
0
TEXT
8
07_BANG_THONG_KE_COC_BO
10
579.65
20
66.456
30
0.0
40
1.2
1
40,8
7
VN
0
TEXT
8
07_BANG_THONG_KE_COC_BO
10
590.45
20
66.456
30
0.0
40
1.2
1
44,6
7
VN
0
TEXT
8
07_BANG_THONG_KE_COC_BO
10
601.25
20
66.456
30
0.0
40
1.2
1
\U+0110\U+1EA0T
7
VN
0
TEXT
8
07_BANG_THONG_KE_COC_BO
10
611.15
20
66.456
30
0.0
40
1.2
1
4\U+03A625 CB400-V
7
VN
0
TEXT
8
07_BANG_THONG_KE_COC_BO
10
627.35
20
66.456
30
0.0
40
1.2
1
XO\U+1EAEN \U+03A68 a150
7
VN
0
TEXT
8
07_BANG_THONG_KE_COC_BO
10
493.25
20
63.816
30
0.0
40
1.2
1
HV-P175
7
VN
0
TEXT
8
07_BANG_THONG_KE_COC_BO
10
505.85
20
63.816
30
0.0
40
1.2
1
B6-D15
7
VN
0
TEXT
8
07_BANG_THONG_KE_COC_BO
10
516.65
20
63.816
30
0.0
40
1.2
1
B\U+00C8 6
7
VN
0
TEXT
8
07_BANG_THONG_KE_COC_BO
10
524.75
20
63.816
30
0.0
40
1.2
1
346,78
7
VN
0
TEXT
8
07_BANG_THONG_KE_COC_BO
10
535.55
20
63.816
30
0.0
40
1.2
1
77,80
7
VN
0
TEXT
8
07_BANG_THONG_KE_COC_BO
10
546.35
20
63.816
30
0.0
40
1.2
1
384,51
7
VN
0
TEXT
8
07_BANG_THONG_KE_COC_BO
10
555.35
20
63.816
30
0.0
40
1.2
1
1
7
VN
0
TEXT
8
07_BANG_THONG_KE_COC_BO
10
562.55
20
63.816
30
0.0
40
1.2
1
350
7
VN
0
TEXT
8
07_BANG_THONG_KE_COC_BO
10
570.65
20
63.816
30
0.0
40
1.2
1
6,5
7
VN
0
TEXT
8
07_BANG_THONG_KE_COC_BO
10
579.65
20
63.816
30
0.0
40
1.2
1
40,8
7
VN
0
TEXT
8
07_BANG_THONG_KE_COC_BO
10
590.45
20
63.816
30
0.0
40
1.2
1
44,6
7
VN
0
TEXT
8
07_BANG_THONG_KE_COC_BO
10
601.25
20
63.816
30
0.0
40
1.2
1
\U+0110\U+1EA0T
7
VN
0
TEXT
8
07_BANG_THONG_KE_COC_BO
10
611.15
20
63.816
30
0.0
40
1.2
1
4\U+03A625 CB400-V
7
VN
0
TEXT
8
07_BANG_THONG_KE_COC_BO
10
627.35
20
63.816
30
0.0
40
1.2
1
XO\U+1EAEN \U+03A68 a150
7
VN
0
TEXT
8
07_BANG_THONG_KE_COC_BO
10
493.25
20
61.176
30
0.0
40
1.2
1
HV-P176
7
VN
0
TEXT
8
07_BANG_THONG_KE_COC_BO
10
505.85
20
61.176
30
0.0
40
1.2
1
B6-D16
7
VN
0
TEXT
8
07_BANG_THONG_KE_COC_BO
10
516.65
20
61.176
30
0.0
40
1.2
1
B\U+00C8 6
7
VN
0
TEXT
8
07_BANG_THONG_KE_COC_BO
10
524.75
20
61.176
30
0.0
40
1.2
1
446,63
7
VN
0
TEXT
8
07_BANG_THONG_KE_COC_BO
10
535.55
20
61.176
30
0.0
40
1.2
1
24,60
7
VN
0
TEXT
8
07_BANG_THONG_KE_COC_BO
10
546.35
20
61.176
30
0.0
40
1.2
1
384,39
7
VN
0
TEXT
8
07_BANG_THONG_KE_COC_BO
10
555.35
20
61.176
30
0.0
40
1.2
1
1
7
VN
0
TEXT
8
07_BANG_THONG_KE_COC_BO
10
562.55
20
61.176
30
0.0
40
1.2
1
350
7
VN
0
TEXT
8
07_BANG_THONG_KE_COC_BO
10
570.65
20
61.176
30
0.0
40
1.2
1
6,5
7
VN
0
TEXT
8
07_BANG_THONG_KE_COC_BO
10
579.65
20
61.176
30
0.0
40
1.2
1
40,8
7
VN
0
TEXT
8
07_BANG_THONG_KE_COC_BO
10
590.45
20
61.176
30
0.0
40
1.2
1
44,6
7
VN
0
TEXT
8
07_BANG_THONG_KE_COC_BO
10
601.25
20
61.176
30
0.0
40
1.2
1
\U+0110\U+1EA0T
7
VN
0
TEXT
8
07_BANG_THONG_KE_COC_BO
10
611.15
20
61.176
30
0.0
40
1.2
1
4\U+03A625 CB400-V
7
VN
0
TEXT
8
07_BANG_THONG_KE_COC_BO
10
627.35
20
61.176
30
0.0
40
1.2
1
XO\U+1EAEN \U+03A68 a150
7
VN
0
TEXT
8
07_BANG_THONG_KE_COC_BO
10
493.25
20
58.536
30
0.0
40
1.2
1
HV-P178
7
VN
0
TEXT
8
07_BANG_THONG_KE_COC_BO
10
505.85
20
58.536
30
0.0
40
1.2
1
B6-D18
7
VN
0
TEXT
8
07_BANG_THONG_KE_COC_BO
10
516.65
20
58.536
30
0.0
40
1.2
1
B\U+00C8 6
7
VN
0
TEXT
8
07_BANG_THONG_KE_COC_BO
10
524.75
20
58.536
30
0.0
40
1.2
1
430,87
7
VN
0
TEXT
8
07_BANG_THONG_KE_COC_BO
10
535.55
20
58.536
30
0.0
40
1.2
1
29,84
7
VN
0
TEXT
8
07_BANG_THONG_KE_COC_BO
10
546.35
20
58.536
30
0.0
40
1.2
1
384,01
7
VN
0
TEXT
8
07_BANG_THONG_KE_COC_BO
10
555.35
20
58.536
30
0.0
40
1.2
1
1
7
VN
0
TEXT
8
07_BANG_THONG_KE_COC_BO
10
562.55
20
58.536
30
0.0
40
1.2
1
350
7
VN
0
TEXT
8
07_BANG_THONG_KE_COC_BO
10
570.65
20
58.536
30
0.0
40
1.2
1
6,5
7
VN
0
TEXT
8
07_BANG_THONG_KE_COC_BO
10
579.65
20
58.536
30
0.0
40
1.2
1
40,8
7
VN
0
TEXT
8
07_BANG_THONG_KE_COC_BO
10
590.45
20
58.536
30
0.0
40
1.2
1
44,6
7
VN
0
TEXT
8
07_BANG_THONG_KE_COC_BO
10
601.25
20
58.536
30
0.0
40
1.2
1
\U+0110\U+1EA0T
7
VN
0
TEXT
8
07_BANG_THONG_KE_COC_BO
10
611.15
20
58.536
30
0.0
40
1.2
1
4\U+03A625 CB400-V
7
VN
0
TEXT
8
07_BANG_THONG_KE_COC_BO
10
627.35
20
58.536
30
0.0
40
1.2
1
XO\U+1EAEN \U+03A68 a150
7
VN
0
TEXT
8
07_BANG_THONG_KE_COC_BO
10
493.25
20
55.896
30
0.0
40
1.2
1
HV-P179
7
VN
0
TEXT
8
07_BANG_THONG_KE_COC_BO
10
505.85
20
55.896
30
0.0
40
1.2
1
B6-D19
7
VN
0
TEXT
8
07_BANG_THONG_KE_COC_BO
10
516.65
20
55.896
30
0.0
40
1.2
1
B\U+00C8 6
7
VN
0
TEXT
8
07_BANG_THONG_KE_COC_BO
10
524.75
20
55.896
30
0.0
40
1.2
1
413,63
7
VN
0
TEXT
8
07_BANG_THONG_KE_COC_BO
10
535.55
20
55.896
30
0.0
40
1.2
1
-75,32
7
VN
0
TEXT
8
07_BANG_THONG_KE_COC_BO
10
546.35
20
55.896
30
0.0
40
1.2
1
384,08
7
VN
0
TEXT
8
07_BANG_THONG_KE_COC_BO
10
555.35
20
55.896
30
0.0
40
1.2
1
1
7
VN
0
TEXT
8
07_BANG_THONG_KE_COC_BO
10
562.55
20
55.896
30
0.0
40
1.2
1
350
7
VN
0
TEXT
8
07_BANG_THONG_KE_COC_BO
10
570.65
20
55.896
30
0.0
40
1.2
1
6,5
7
VN
0
TEXT
8
07_BANG_THONG_KE_COC_BO
10
579.65
20
55.896
30
0.0
40
1.2
1
40,8
7
VN
0
TEXT
8
07_BANG_THONG_KE_COC_BO
10
590.45
20
55.896
30
0.0
40
1.2
1
44,6
7
VN
0
TEXT
8
07_BANG_THONG_KE_COC_BO
10
601.25
20
55.896
30
0.0
40
1.2
1
\U+0110\U+1EA0T
7
VN
0
TEXT
8
07_BANG_THONG_KE_COC_BO
10
611.15
20
55.896
30
0.0
40
1.2
1
4\U+03A625 CB400-V
7
VN
0
TEXT
8
07_BANG_THONG_KE_COC_BO
10
627.35
20
55.896
30
0.0
40
1.2
1
XO\U+1EAEN \U+03A68 a150
7
VN
0
TEXT
8
07_BANG_THONG_KE_COC_BO
10
493.25
20
53.256
30
0.0
40
1.2
1
HV-P180
7
VN
0
TEXT
8
07_BANG_THONG_KE_COC_BO
10
505.85
20
53.256
30
0.0
40
1.2
1
B6-D20
7
VN
0
TEXT
8
07_BANG_THONG_KE_COC_BO
10
516.65
20
53.256
30
0.0
40
1.2
1
B\U+00C8 6
7
VN
0
TEXT
8
07_BANG_THONG_KE_COC_BO
10
524.75
20
53.256
30
0.0
40
1.2
1
309,10
7
VN
0
TEXT
8
07_BANG_THONG_KE_COC_BO
10
535.55
20
53.256
30
0.0
40
1.2
1
-1,49
7
VN
0
TEXT
8
07_BANG_THONG_KE_COC_BO
10
546.35
20
53.256
30
0.0
40
1.2
1
384,02
7
VN
0
TEXT
8
07_BANG_THONG_KE_COC_BO
10
555.35
20
53.256
30
0.0
40
1.2
1
1
7
VN
0
TEXT
8
07_BANG_THONG_KE_COC_BO
10
562.55
20
53.256
30
0.0
40
1.2
1
350
7
VN
0
TEXT
8
07_BANG_THONG_KE_COC_BO
10
570.65
20
53.256
30
0.0
40
1.2
1
6,5
7
VN
0
TEXT
8
07_BANG_THONG_KE_COC_BO
10
579.65
20
53.256
30
0.0
40
1.2
1
40,8
7
VN
0
TEXT
8
07_BANG_THONG_KE_COC_BO
10
590.45
20
53.256
30
0.0
40
1.2
1
44,6
7
VN
0
TEXT
8
07_BANG_THONG_KE_COC_BO
10
601.25
20
53.256
30
0.0
40
1.2
1
\U+0110\U+1EA0T
7
VN
0
TEXT
8
07_BANG_THONG_KE_COC_BO
10
611.15
20
53.256
30
0.0
40
1.2
1
4\U+03A625 CB400-V
7
VN
0
TEXT
8
07_BANG_THONG_KE_COC_BO
10
627.35
20
53.256
30
0.0
40
1.2
1
XO\U+1EAEN \U+03A68 a150
7
VN
0
TEXT
8
07_BANG_THONG_KE_COC_BO
10
493.25
20
50.616
30
0.0
40
1.2
1
HV-P181
7
VN
0
TEXT
8
07_BANG_THONG_KE_COC_BO
10
505.85
20
50.616
30
0.0
40
1.2
1
B6-D21
7
VN
0
TEXT
8
07_BANG_THONG_KE_COC_BO
10
516.65
20
50.616
30
0.0
40
1.2
1
B\U+00C8 6
7
VN
0
TEXT
8
07_BANG_THONG_KE_COC_BO
10
524.75
20
50.616
30
0.0
40
1.2
1
323,68
7
VN
0
TEXT
8
07_BANG_THONG_KE_COC_BO
10
535.55
20
50.616
30
0.0
40
1.2
1
56,43
7
VN
0
TEXT
8
07_BANG_THONG_KE_COC_BO
10
546.35
20
50.616
30
0.0
40
1.2
1
384,04
7
VN
0
TEXT
8
07_BANG_THONG_KE_COC_BO
10
555.35
20
50.616
30
0.0
40
1.2
1
1
7
VN
0
TEXT
8
07_BANG_THONG_KE_COC_BO
10
562.55
20
50.616
30
0.0
40
1.2
1
350
7
VN
0
TEXT
8
07_BANG_THONG_KE_COC_BO
10
570.65
20
50.616
30
0.0
40
1.2
1
6,5
7
VN
0
TEXT
8
07_BANG_THONG_KE_COC_BO
10
579.65
20
50.616
30
0.0
40
1.2
1
40,8
7
VN
0
TEXT
8
07_BANG_THONG_KE_COC_BO
10
590.45
20
50.616
30
0.0
40
1.2
1
44,6
7
VN
0
TEXT
8
07_BANG_THONG_KE_COC_BO
10
601.25
20
50.616
30
0.0
40
1.2
1
\U+0110\U+1EA0T
7
VN
0
TEXT
8
07_BANG_THONG_KE_COC_BO
10
611.15
20
50.616
30
0.0
40
1.2
1
4\U+03A625 CB400-V
7
VN
0
TEXT
8
07_BANG_THONG_KE_COC_BO
10
627.35
20
50.616
30
0.0
40
1.2
1
XO\U+1EAEN \U+03A68 a150
7
VN
0
TEXT
8
07_BANG_THONG_KE_COC_BO
10
493.25
20
47.976
30
0.0
40
1.2
1
HV-P182
7
VN
0
TEXT
8
07_BANG_THONG_KE_COC_BO
10
505.85
20
47.976
30
0.0
40
1.2
1
B6-D22
7
VN
0
TEXT
8
07_BANG_THONG_KE_COC_BO
10
516.65
20
47.976
30
0.0
40
1.2
1
B\U+00C8 6
7
VN
0
TEXT
8
07_BANG_THONG_KE_COC_BO
10
524.75
20
47.976
30
0.0
40
1.2
1
441,86
7
VN
0
TEXT
8
07_BANG_THONG_KE_COC_BO
10
535.55
20
47.976
30
0.0
40
1.2
1
19,84
7
VN
0
TEXT
8
07_BANG_THONG_KE_COC_BO
10
546.35
20
47.976
30
0.0
40
1.2
1
384,01
7
VN
0
TEXT
8
07_BANG_THONG_KE_COC_BO
10
555.35
20
47.976
30
0.0
40
1.2
1
1
7
VN
0
TEXT
8
07_BANG_THONG_KE_COC_BO
10
562.55
20
47.976
30
0.0
40
1.2
1
350
7
VN
0
TEXT
8
07_BANG_THONG_KE_COC_BO
10
570.65
20
47.976
30
0.0
40
1.2
1
6,5
7
VN
0
TEXT
8
07_BANG_THONG_KE_COC_BO
10
579.65
20
47.976
30
0.0
40
1.2
1
40,8
7
VN
0
TEXT
8
07_BANG_THONG_KE_COC_BO
10
590.45
20
47.976
30
0.0
40
1.2
1
44,6
7
VN
0
TEXT
8
07_BANG_THONG_KE_COC_BO
10
601.25
20
47.976
30
0.0
40
1.2
1
\U+0110\U+1EA0T
7
VN
0
TEXT
8
07_BANG_THONG_KE_COC_BO
10
611.15
20
47.976
30
0.0
40
1.2
1
4\U+03A625 CB400-V
7
VN
0
TEXT
8
07_BANG_THONG_KE_COC_BO
10
627.35
20
47.976
30
0.0
40
1.2
1
XO\U+1EAEN \U+03A68 a150
7
VN
0
TEXT
8
07_BANG_THONG_KE_COC_BO
10
493.25
20
45.336
30
0.0
40
1.2
1
HV-P183
7
VN
0
TEXT
8
07_BANG_THONG_KE_COC_BO
10
505.85
20
45.336
30
0.0
40
1.2
1
B6-D23
7
VN
0
TEXT
8
07_BANG_THONG_KE_COC_BO
10
516.65
20
45.336
30
0.0
40
1.2
1
B\U+00C8 6
7
VN
0
TEXT
8
07_BANG_THONG_KE_COC_BO
10
524.75
20
45.336
30
0.0
40
1.2
1
414,35
7
VN
0
TEXT
8
07_BANG_THONG_KE_COC_BO
10
535.55
20
45.336
30
0.0
40
1.2
1
34,20
7
VN
0
TEXT
8
07_BANG_THONG_KE_COC_BO
10
546.35
20
45.336
30
0.0
40
1.2
1
384,01
7
VN
0
TEXT
8
07_BANG_THONG_KE_COC_BO
10
555.35
20
45.336
30
0.0
40
1.2
1
1
7
VN
0
TEXT
8
07_BANG_THONG_KE_COC_BO
10
562.55
20
45.336
30
0.0
40
1.2
1
350
7
VN
0
TEXT
8
07_BANG_THONG_KE_COC_BO
10
570.65
20
45.336
30
0.0
40
1.2
1
6,5
7
VN
0
TEXT
8
07_BANG_THONG_KE_COC_BO
10
579.65
20
45.336
30
0.0
40
1.2
1
40,8
7
VN
0
TEXT
8
07_BANG_THONG_KE_COC_BO
10
590.45
20
45.336
30
0.0
40
1.2
1
44,6
7
VN
0
TEXT
8
07_BANG_THONG_KE_COC_BO
10
601.25
20
45.336
30
0.0
40
1.2
1
\U+0110\U+1EA0T
7
VN
0
TEXT
8
07_BANG_THONG_KE_COC_BO
10
611.15
20
45.336
30
0.0
40
1.2
1
4\U+03A625 CB400-V
7
VN
0
TEXT
8
07_BANG_THONG_KE_COC_BO
10
627.35
20
45.336
30
0.0
40
1.2
1
XO\U+1EAEN \U+03A68 a150
7
VN
0
TEXT
8
07_BANG_THONG_KE_COC_BO
10
493.25
20
42.696
30
0.0
40
1.2
1
HV-P184
7
VN
0
TEXT
8
07_BANG_THONG_KE_COC_BO
10
505.85
20
42.696
30
0.0
40
1.2
1
B6-D24
7
VN
0
TEXT
8
07_BANG_THONG_KE_COC_BO
10
516.65
20
42.696
30
0.0
40
1.2
1
B\U+00C8 6
7
VN
0
TEXT
8
07_BANG_THONG_KE_COC_BO
10
524.75
20
42.696
30
0.0
40
1.2
1
427,84
7
VN
0
TEXT
8
07_BANG_THONG_KE_COC_BO
10
535.55
20
42.696
30
0.0
40
1.2
1
-62,97
7
VN
0
TEXT
8
07_BANG_THONG_KE_COC_BO
10
546.35
20
42.696
30
0.0
40
1.2
1
384,01
7
VN
0
TEXT
8
07_BANG_THONG_KE_COC_BO
10
555.35
20
42.696
30
0.0
40
1.2
1
1
7
VN
0
TEXT
8
07_BANG_THONG_KE_COC_BO
10
562.55
20
42.696
30
0.0
40
1.2
1
350
7
VN
0
TEXT
8
07_BANG_THONG_KE_COC_BO
10
570.65
20
42.696
30
0.0
40
1.2
1
6,5
7
VN
0
TEXT
8
07_BANG_THONG_KE_COC_BO
10
579.65
20
42.696
30
0.0
40
1.2
1
40,8
7
VN
0
TEXT
8
07_BANG_THONG_KE_COC_BO
10
590.45
20
42.696
30
0.0
40
1.2
1
44,6
7
VN
0
TEXT
8
07_BANG_THONG_KE_COC_BO
10
601.25
20
42.696
30
0.0
40
1.2
1
\U+0110\U+1EA0T
7
VN
0
TEXT
8
07_BANG_THONG_KE_COC_BO
10
611.15
20
42.696
30
0.0
40
1.2
1
4\U+03A625 CB400-V
7
VN
0
TEXT
8
07_BANG_THONG_KE_COC_BO
10
627.35
20
42.696
30
0.0
40
1.2
1
XO\U+1EAEN \U+03A68 a150
7
VN
0
TEXT
8
07_BANG_THONG_KE_COC_BO
10
493.25
20
40.056
30
0.0
40
1.2
1
HV-P185
7
VN
0
TEXT
8
07_BANG_THONG_KE_COC_BO
10
505.85
20
40.056
30
0.0
40
1.2
1
B6-D25
7
VN
0
TEXT
8
07_BANG_THONG_KE_COC_BO
10
516.65
20
40.056
30
0.0
40
1.2
1
B\U+00C8 6
7
VN
0
TEXT
8
07_BANG_THONG_KE_COC_BO
10
524.75
20
40.056
30
0.0
40
1.2
1
326,88
7
VN
0
TEXT
8
07_BANG_THONG_KE_COC_BO
10
535.55
20
40.056
30
0.0
40
1.2
1
3,20
7
VN
0
TEXT
8
07_BANG_THONG_KE_COC_BO
10
546.35
20
40.056
30
0.0
40
1.2
1
384,01
7
VN
0
TEXT
8
07_BANG_THONG_KE_COC_BO
10
555.35
20
40.056
30
0.0
40
1.2
1
1
7
VN
0
TEXT
8
07_BANG_THONG_KE_COC_BO
10
562.55
20
40.056
30
0.0
40
1.2
1
350
7
VN
0
TEXT
8
07_BANG_THONG_KE_COC_BO
10
570.65
20
40.056
30
0.0
40
1.2
1
6,5
7
VN
0
TEXT
8
07_BANG_THONG_KE_COC_BO
10
579.65
20
40.056
30
0.0
40
1.2
1
40,8
7
VN
0
TEXT
8
07_BANG_THONG_KE_COC_BO
10
590.45
20
40.056
30
0.0
40
1.2
1
44,6
7
VN
0
TEXT
8
07_BANG_THONG_KE_COC_BO
10
601.25
20
40.056
30
0.0
40
1.2
1
\U+0110\U+1EA0T
7
VN
0
TEXT
8
07_BANG_THONG_KE_COC_BO
10
611.15
20
40.056
30
0.0
40
1.2
1
4\U+03A625 CB400-V
7
VN
0
TEXT
8
07_BANG_THONG_KE_COC_BO
10
627.35
20
40.056
30
0.0
40
1.2
1
XO\U+1EAEN \U+03A68 a150
7
VN
0
TEXT
8
07_BANG_THONG_KE_COC_BO
10
493.25
20
37.416
30
0.0
40
1.2
1
HV-P186
7
VN
0
TEXT
8
07_BANG_THONG_KE_COC_BO
10
505.85
20
37.416
30
0.0
40
1.2
1
B6-D26
7
VN
0
TEXT
8
07_BANG_THONG_KE_COC_BO
10
516.65
20
37.416
30
0.0
40
1.2
1
B\U+00C8 6
7
VN
0
TEXT
8
07_BANG_THONG_KE_COC_BO
10
524.75
20
37.416
30
0.0
40
1.2
1
297,95
7
VN
0
TEXT
8
07_BANG_THONG_KE_COC_BO
10
535.55
20
37.416
30
0.0
40
1.2
1
-30,81
7
VN
0
TEXT
8
07_BANG_THONG_KE_COC_BO
10
546.35
20
37.416
30
0.0
40
1.2
1
384,05
7
VN
0
TEXT
8
07_BANG_THONG_KE_COC_BO
10
555.35
20
37.416
30
0.0
40
1.2
1
1
7
VN
0
TEXT
8
07_BANG_THONG_KE_COC_BO
10
562.55
20
37.416
30
0.0
40
1.2
1
350
7
VN
0
TEXT
8
07_BANG_THONG_KE_COC_BO
10
570.65
20
37.416
30
0.0
40
1.2
1
6,5
7
VN
0
TEXT
8
07_BANG_THONG_KE_COC_BO
10
579.65
20
37.416
30
0.0
40
1.2
1
40,8
7
VN
0
TEXT
8
07_BANG_THONG_KE_COC_BO
10
590.45
20
37.416
30
0.0
40
1.2
1
44,6
7
VN
0
TEXT
8
07_BANG_THONG_KE_COC_BO
10
601.25
20
37.416
30
0.0
40
1.2
1
\U+0110\U+1EA0T
7
VN
0
TEXT
8
07_BANG_THONG_KE_COC_BO
10
611.15
20
37.416
30
0.0
40
1.2
1
4\U+03A625 CB400-V
7
VN
0
TEXT
8
07_BANG_THONG_KE_COC_BO
10
627.35
20
37.416
30
0.0
40
1.2
1
XO\U+1EAEN \U+03A68 a150
7
VN
0
TEXT
8
07_BANG_THONG_KE_COC_BO
10
493.25
20
34.776
30
0.0
40
1.2
1
HV-P188
7
VN
0
TEXT
8
07_BANG_THONG_KE_COC_BO
10
505.85
20
34.776
30
0.0
40
1.2
1
B6-D28
7
VN
0
TEXT
8
07_BANG_THONG_KE_COC_BO
10
516.65
20
34.776
30
0.0
40
1.2
1
B\U+00C8 6
7
VN
0
TEXT
8
07_BANG_THONG_KE_COC_BO
10
524.75
20
34.776
30
0.0
40
1.2
1
458,99
7
VN
0
TEXT
8
07_BANG_THONG_KE_COC_BO
10
535.55
20
34.776
30
0.0
40
1.2
1
1,92
7
VN
0
TEXT
8
07_BANG_THONG_KE_COC_BO
10
546.35
20
34.776
30
0.0
40
1.2
1
384,00
7
VN
0
TEXT
8
07_BANG_THONG_KE_COC_BO
10
555.35
20
34.776
30
0.0
40
1.2
1
1
7
VN
0
TEXT
8
07_BANG_THONG_KE_COC_BO
10
562.55
20
34.776
30
0.0
40
1.2
1
350
7
VN
0
TEXT
8
07_BANG_THONG_KE_COC_BO
10
570.65
20
34.776
30
0.0
40
1.2
1
6,5
7
VN
0
TEXT
8
07_BANG_THONG_KE_COC_BO
10
579.65
20
34.776
30
0.0
40
1.2
1
40,8
7
VN
0
TEXT
8
07_BANG_THONG_KE_COC_BO
10
590.45
20
34.776
30
0.0
40
1.2
1
44,6
7
VN
0
TEXT
8
07_BANG_THONG_KE_COC_BO
10
601.25
20
34.776
30
0.0
40
1.2
1
\U+0110\U+1EA0T
7
VN
0
TEXT
8
07_BANG_THONG_KE_COC_BO
10
611.15
20
34.776
30
0.0
40
1.2
1
4\U+03A625 CB400-V
7
VN
0
TEXT
8
07_BANG_THONG_KE_COC_BO
10
627.35
20
34.776
30
0.0
40
1.2
1
XO\U+1EAEN \U+03A68 a150
7
VN
0
TEXT
8
07_BANG_THONG_KE_COC_BO
10
493.25
20
32.136
30
0.0
40
1.2
1
HV-P189
7
VN
0
TEXT
8
07_BANG_THONG_KE_COC_BO
10
505.85
20
32.136
30
0.0
40
1.2
1
B6-D29
7
VN
0
TEXT
8
07_BANG_THONG_KE_COC_BO
10
516.65
20
32.136
30
0.0
40
1.2
1
B\U+00C8 6
7
VN
0
TEXT
8
07_BANG_THONG_KE_COC_BO
10
524.75
20
32.136
30
0.0
40
1.2
1
399,47
7
VN
0
TEXT
8
07_BANG_THONG_KE_COC_BO
10
535.55
20
32.136
30
0.0
40
1.2
1
71,05
7
VN
0
TEXT
8
07_BANG_THONG_KE_COC_BO
10
546.35
20
32.136
30
0.0
40
1.2
1
384,14
7
VN
0
TEXT
8
07_BANG_THONG_KE_COC_BO
10
555.35
20
32.136
30
0.0
40
1.2
1
1
7
VN
0
TEXT
8
07_BANG_THONG_KE_COC_BO
10
562.55
20
32.136
30
0.0
40
1.2
1
350
7
VN
0
TEXT
8
07_BANG_THONG_KE_COC_BO
10
570.65
20
32.136
30
0.0
40
1.2
1
6,5
7
VN
0
TEXT
8
07_BANG_THONG_KE_COC_BO
10
579.65
20
32.136
30
0.0
40
1.2
1
40,8
7
VN
0
TEXT
8
07_BANG_THONG_KE_COC_BO
10
590.45
20
32.136
30
0.0
40
1.2
1
44,6
7
VN
0
TEXT
8
07_BANG_THONG_KE_COC_BO
10
601.25
20
32.136
30
0.0
40
1.2
1
\U+0110\U+1EA0T
7
VN
0
TEXT
8
07_BANG_THONG_KE_COC_BO
10
611.15
20
32.136
30
0.0
40
1.2
1
4\U+03A625 CB400-V
7
VN
0
TEXT
8
07_BANG_THONG_KE_COC_BO
10
627.35
20
32.136
30
0.0
40
1.2
1
XO\U+1EAEN \U+03A68 a150
7
VN
0
TEXT
8
07_BANG_THONG_KE_COC_BO
10
493.25
20
29.496
30
0.0
40
1.2
1
HV-P190
7
VN
0
TEXT
8
07_BANG_THONG_KE_COC_BO
10
505.85
20
29.496
30
0.0
40
1.2
1
B6-D30
7
VN
0
TEXT
8
07_BANG_THONG_KE_COC_BO
10
516.65
20
29.496
30
0.0
40
1.2
1
B\U+00C8 6
7
VN
0
TEXT
8
07_BANG_THONG_KE_COC_BO
10
524.75
20
29.496
30
0.0
40
1.2
1
337,99
7
VN
0
TEXT
8
07_BANG_THONG_KE_COC_BO
10
535.55
20
29.496
30
0.0
40
1.2
1
69,52
7
VN
0
TEXT
8
07_BANG_THONG_KE_COC_BO
10
546.35
20
29.496
30
0.0
40
1.2
1
384,01
7
VN
0
TEXT
8
07_BANG_THONG_KE_COC_BO
10
555.35
20
29.496
30
0.0
40
1.2
1
1
7
VN
0
TEXT
8
07_BANG_THONG_KE_COC_BO
10
562.55
20
29.496
30
0.0
40
1.2
1
350
7
VN
0
TEXT
8
07_BANG_THONG_KE_COC_BO
10
570.65
20
29.496
30
0.0
40
1.2
1
6,5
7
VN
0
TEXT
8
07_BANG_THONG_KE_COC_BO
10
579.65
20
29.496
30
0.0
40
1.2
1
40,8
7
VN
0
TEXT
8
07_BANG_THONG_KE_COC_BO
10
590.45
20
29.496
30
0.0
40
1.2
1
44,6
7
VN
0
TEXT
8
07_BANG_THONG_KE_COC_BO
10
601.25
20
29.496
30
0.0
40
1.2
1
\U+0110\U+1EA0T
7
VN
0
TEXT
8
07_BANG_THONG_KE_COC_BO
10
611.15
20
29.496
30
0.0
40
1.2
1
4\U+03A625 CB400-V
7
VN
0
TEXT
8
07_BANG_THONG_KE_COC_BO
10
627.35
20
29.496
30
0.0
40
1.2
1
XO\U+1EAEN \U+03A68 a150
7
VN
0
TEXT
8
07_BANG_THONG_KE_COC_BO
10
493.25
20
26.856
30
0.0
40
1.2
1
HV-P192
7
VN
0
TEXT
8
07_BANG_THONG_KE_COC_BO
10
505.85
20
26.856
30
0.0
40
1.2
1
B7-D01
7
VN
0
TEXT
8
07_BANG_THONG_KE_COC_BO
10
516.65
20
26.856
30
0.0
40
1.2
1
B\U+00C8 7
7
VN
0
TEXT
8
07_BANG_THONG_KE_COC_BO
10
524.75
20
26.856
30
0.0
40
1.2
1
216,14
7
VN
0
TEXT
8
07_BANG_THONG_KE_COC_BO
10
535.55
20
26.856
30
0.0
40
1.2
1
-40,06
7
VN
0
TEXT
8
07_BANG_THONG_KE_COC_BO
10
546.35
20
26.856
30
0.0
40
1.2
1
384,38
7
VN
0
TEXT
8
07_BANG_THONG_KE_COC_BO
10
555.35
20
26.856
30
0.0
40
1.2
1
1
7
VN
0
TEXT
8
07_BANG_THONG_KE_COC_BO
10
562.55
20
26.856
30
0.0
40
1.2
1
350
7
VN
0
TEXT
8
07_BANG_THONG_KE_COC_BO
10
570.65
20
26.856
30
0.0
40
1.2
1
6,5
7
VN
0
TEXT
8
07_BANG_THONG_KE_COC_BO
10
579.65
20
26.856
30
0.0
40
1.2
1
45,6
7
VN
0
TEXT
8
07_BANG_THONG_KE_COC_BO
10
590.45
20
26.856
30
0.0
40
1.2
1
53,6
7
VN
0
TEXT
8
07_BANG_THONG_KE_COC_BO
10
601.25
20
26.856
30
0.0
40
1.2
1
\U+0110\U+1EA0T
7
VN
0
TEXT
8
07_BANG_THONG_KE_COC_BO
10
611.15
20
26.856
30
0.0
40
1.2
1
4\U+03A628 CB400-V
7
VN
0
TEXT
8
07_BANG_THONG_KE_COC_BO
10
627.35
20
26.856
30
0.0
40
1.2
1
XO\U+1EAEN \U+03A68 a150
7
VN
0
TEXT
8
07_BANG_THONG_KE_COC_BO
10
493.25
20
24.216
30
0.0
40
1.2
1
HV-P193
7
VN
0
TEXT
8
07_BANG_THONG_KE_COC_BO
10
505.85
20
24.216
30
0.0
40
1.2
1
B7-D02
7
VN
0
TEXT
8
07_BANG_THONG_KE_COC_BO
10
516.65
20
24.216
30
0.0
40
1.2
1
B\U+00C8 7
7
VN
0
TEXT
8
07_BANG_THONG_KE_COC_BO
10
524.75
20
24.216
30
0.0
40
1.2
1
194,79
7
VN
0
TEXT
8
07_BANG_THONG_KE_COC_BO
10
535.55
20
24.216
30
0.0
40
1.2
1
14,05
7
VN
0
TEXT
8
07_BANG_THONG_KE_COC_BO
10
546.35
20
24.216
30
0.0
40
1.2
1
384,36
7
VN
0
TEXT
8
07_BANG_THONG_KE_COC_BO
10
555.35
20
24.216
30
0.0
40
1.2
1
1
7
VN
0
TEXT
8
07_BANG_THONG_KE_COC_BO
10
562.55
20
24.216
30
0.0
40
1.2
1
350
7
VN
0
TEXT
8
07_BANG_THONG_KE_COC_BO
10
570.65
20
24.216
30
0.0
40
1.2
1
6,5
7
VN
0
TEXT
8
07_BANG_THONG_KE_COC_BO
10
579.65
20
24.216
30
0.0
40
1.2
1
45,6
7
VN
0
TEXT
8
07_BANG_THONG_KE_COC_BO
10
590.45
20
24.216
30
0.0
40
1.2
1
53,6
7
VN
0
TEXT
8
07_BANG_THONG_KE_COC_BO
10
601.25
20
24.216
30
0.0
40
1.2
1
\U+0110\U+1EA0T
7
VN
0
TEXT
8
07_BANG_THONG_KE_COC_BO
10
611.15
20
24.216
30
0.0
40
1.2
1
4\U+03A628 CB400-V
7
VN
0
TEXT
8
07_BANG_THONG_KE_COC_BO
10
627.35
20
24.216
30
0.0
40
1.2
1
XO\U+1EAEN \U+03A68 a150
7
VN
0
TEXT
8
07_BANG_THONG_KE_COC_BO
10
493.25
20
21.576
30
0.0
40
1.2
1
HV-P194
7
VN
0
TEXT
8
07_BANG_THONG_KE_COC_BO
10
505.85
20
21.576
30
0.0
40
1.2
1
B7-D03
7
VN
0
TEXT
8
07_BANG_THONG_KE_COC_BO
10
516.65
20
21.576
30
0.0
40
1.2
1
B\U+00C8 7
7
VN
0
TEXT
8
07_BANG_THONG_KE_COC_BO
10
524.75
20
21.576
30
0.0
40
1.2
1
193,88
7
VN
0
TEXT
8
07_BANG_THONG_KE_COC_BO
10
535.55
20
21.576
30
0.0
40
1.2
1
17,89
7
VN
0
TEXT
8
07_BANG_THONG_KE_COC_BO
10
546.35
20
21.576
30
0.0
40
1.2
1
384,48
7
VN
0
TEXT
8
07_BANG_THONG_KE_COC_BO
10
555.35
20
21.576
30
0.0
40
1.2
1
1
7
VN
0
TEXT
8
07_BANG_THONG_KE_COC_BO
10
562.55
20
21.576
30
0.0
40
1.2
1
350
7
VN
0
TEXT
8
07_BANG_THONG_KE_COC_BO
10
570.65
20
21.576
30
0.0
40
1.2
1
6,5
7
VN
0
TEXT
8
07_BANG_THONG_KE_COC_BO
10
579.65
20
21.576
30
0.0
40
1.2
1
45,6
7
VN
0
TEXT
8
07_BANG_THONG_KE_COC_BO
10
590.45
20
21.576
30
0.0
40
1.2
1
53,6
7
VN
0
TEXT
8
07_BANG_THONG_KE_COC_BO
10
601.25
20
21.576
30
0.0
40
1.2
1
\U+0110\U+1EA0T
7
VN
0
TEXT
8
07_BANG_THONG_KE_COC_BO
10
611.15
20
21.576
30
0.0
40
1.2
1
4\U+03A628 CB400-V
7
VN
0
TEXT
8
07_BANG_THONG_KE_COC_BO
10
627.35
20
21.576
30
0.0
40
1.2
1
XO\U+1EAEN \U+03A68 a150
7
VN
0
TEXT
8
07_BANG_THONG_KE_COC_BO
10
493.25
20
18.936
30
0.0
40
1.2
1
HV-P195
7
VN
0
TEXT
8
07_BANG_THONG_KE_COC_BO
10
505.85
20
18.936
30
0.0
40
1.2
1
B7-D04
7
VN
0
TEXT
8
07_BANG_THONG_KE_COC_BO
10
516.65
20
18.936
30
0.0
40
1.2
1
B\U+00C8 7
7
VN
0
TEXT
8
07_BANG_THONG_KE_COC_BO
10
524.75
20
18.936
30
0.0
40
1.2
1
186,66
7
VN
0
TEXT
8
07_BANG_THONG_KE_COC_BO
10
535.55
20
18.936
30
0.0
40
1.2
1
36,14
7
VN
0
TEXT
8
07_BANG_THONG_KE_COC_BO
10
546.35
20
18.936
30
0.0
40
1.2
1
384,44
7
VN
0
TEXT
8
07_BANG_THONG_KE_COC_BO
10
555.35
20
18.936
30
0.0
40
1.2
1
1
7
VN
0
TEXT
8
07_BANG_THONG_KE_COC_BO
10
562.55
20
18.936
30
0.0
40
1.2
1
350
7
VN
0
TEXT
8
07_BANG_THONG_KE_COC_BO
10
570.65
20
18.936
30
0.0
40
1.2
1
6,5
7
VN
0
TEXT
8
07_BANG_THONG_KE_COC_BO
10
579.65
20
18.936
30
0.0
40
1.2
1
45,6
7
VN
0
TEXT
8
07_BANG_THONG_KE_COC_BO
10
590.45
20
18.936
30
0.0
40
1.2
1
53,6
7
VN
0
TEXT
8
07_BANG_THONG_KE_COC_BO
10
601.25
20
18.936
30
0.0
40
1.2
1
\U+0110\U+1EA0T
7
VN
0
TEXT
8
07_BANG_THONG_KE_COC_BO
10
611.15
20
18.936
30
0.0
40
1.2
1
4\U+03A628 CB400-V
7
VN
0
TEXT
8
07_BANG_THONG_KE_COC_BO
10
627.35
20
18.936
30
0.0
40
1.2
1
XO\U+1EAEN \U+03A68 a150
7
VN
0
TEXT
8
07_BANG_THONG_KE_COC_BO
10
493.25
20
16.296
30
0.0
40
1.2
1
HV-P196
7
VN
0
TEXT
8
07_BANG_THONG_KE_COC_BO
10
505.85
20
16.296
30
0.0
40
1.2
1
B7-D05
7
VN
0
TEXT
8
07_BANG_THONG_KE_COC_BO
10
516.65
20
16.296
30
0.0
40
1.2
1
B\U+00C8 7
7
VN
0
TEXT
8
07_BANG_THONG_KE_COC_BO
10
524.75
20
16.296
30
0.0
40
1.2
1
186,22
7
VN
0
TEXT
8
07_BANG_THONG_KE_COC_BO
10
535.55
20
16.296
30
0.0
40
1.2
1
40,23
7
VN
0
TEXT
8
07_BANG_THONG_KE_COC_BO
10
546.35
20
16.296
30
0.0
40
1.2
1
384,46
7
VN
0
TEXT
8
07_BANG_THONG_KE_COC_BO
10
555.35
20
16.296
30
0.0
40
1.2
1
1
7
VN
0
TEXT
8
07_BANG_THONG_KE_COC_BO
10
562.55
20
16.296
30
0.0
40
1.2
1
350
7
VN
0
TEXT
8
07_BANG_THONG_KE_COC_BO
10
570.65
20
16.296
30
0.0
40
1.2
1
6,5
7
VN
0
TEXT
8
07_BANG_THONG_KE_COC_BO
10
579.65
20
16.296
30
0.0
40
1.2
1
45,6
7
VN
0
TEXT
8
07_BANG_THONG_KE_COC_BO
10
590.45
20
16.296
30
0.0
40
1.2
1
53,6
7
VN
0
TEXT
8
07_BANG_THONG_KE_COC_BO
10
601.25
20
16.296
30
0.0
40
1.2
1
\U+0110\U+1EA0T
7
VN
0
TEXT
8
07_BANG_THONG_KE_COC_BO
10
611.15
20
16.296
30
0.0
40
1.2
1
4\U+03A628 CB400-V
7
VN
0
TEXT
8
07_BANG_THONG_KE_COC_BO
10
627.35
20
16.296
30
0.0
40
1.2
1
XO\U+1EAEN \U+03A68 a150
7
VN
0
TEXT
8
07_BANG_THONG_KE_COC_BO
10
493.25
20
13.656
30
0.0
40
1.2
1
HV-P197
7
VN
0
TEXT
8
07_BANG_THONG_KE_COC_BO
10
505.85
20
13.656
30
0.0
40
1.2
1
B7-D06
7
VN
0
TEXT
8
07_BANG_THONG_KE_COC_BO
10
516.65
20
13.656
30
0.0
40
1.2
1
B\U+00C8 7
7
VN
0
TEXT
8
07_BANG_THONG_KE_COC_BO
10
524.75
20
13.656
30
0.0
40
1.2
1
185,37
7
VN
0
TEXT
8
07_BANG_THONG_KE_COC_BO
10
535.55
20
13.656
30
0.0
40
1.2
1
48,63
7
VN
0
TEXT
8
07_BANG_THONG_KE_COC_BO
10
546.35
20
13.656
30
0.0
40
1.2
1
384,51
7
VN
0
TEXT
8
07_BANG_THONG_KE_COC_BO
10
555.35
20
13.656
30
0.0
40
1.2
1
1
7
VN
0
TEXT
8
07_BANG_THONG_KE_COC_BO
10
562.55
20
13.656
30
0.0
40
1.2
1
350
7
VN
0
TEXT
8
07_BANG_THONG_KE_COC_BO
10
570.65
20
13.656
30
0.0
40
1.2
1
6,5
7
VN
0
TEXT
8
07_BANG_THONG_KE_COC_BO
10
579.65
20
13.656
30
0.0
40
1.2
1
45,6
7
VN
0
TEXT
8
07_BANG_THONG_KE_COC_BO
10
590.45
20
13.656
30
0.0
40
1.2
1
53,6
7
VN
0
TEXT
8
07_BANG_THONG_KE_COC_BO
10
601.25
20
13.656
30
0.0
40
1.2
1
\U+0110\U+1EA0T
7
VN
0
TEXT
8
07_BANG_THONG_KE_COC_BO
10
611.15
20
13.656
30
0.0
40
1.2
1
4\U+03A628 CB400-V
7
VN
0
TEXT
8
07_BANG_THONG_KE_COC_BO
10
627.35
20
13.656
30
0.0
40
1.2
1
XO\U+1EAEN \U+03A68 a150
7
VN
0
TEXT
8
07_BANG_THONG_KE_COC_BO
10
493.25
20
11.016
30
0.0
40
1.2
1
HV-P198
7
VN
0
TEXT
8
07_BANG_THONG_KE_COC_BO
10
505.85
20
11.016
30
0.0
40
1.2
1
B7-D07
7
VN
0
TEXT
8
07_BANG_THONG_KE_COC_BO
10
516.65
20
11.016
30
0.0
40
1.2
1
B\U+00C8 7
7
VN
0
TEXT
8
07_BANG_THONG_KE_COC_BO
10
524.75
20
11.016
30
0.0
40
1.2
1
185,32
7
VN
0
TEXT
8
07_BANG_THONG_KE_COC_BO
10
535.55
20
11.016
30
0.0
40
1.2
1
58,42
7
VN
0
TEXT
8
07_BANG_THONG_KE_COC_BO
10
546.35
20
11.016
30
0.0
40
1.2
1
384,46
7
VN
0
TEXT
8
07_BANG_THONG_KE_COC_BO
10
555.35
20
11.016
30
0.0
40
1.2
1
1
7
VN
0
TEXT
8
07_BANG_THONG_KE_COC_BO
10
562.55
20
11.016
30
0.0
40
1.2
1
350
7
VN
0
TEXT
8
07_BANG_THONG_KE_COC_BO
10
570.65
20
11.016
30
0.0
40
1.2
1
6,5
7
VN
0
TEXT
8
07_BANG_THONG_KE_COC_BO
10
579.65
20
11.016
30
0.0
40
1.2
1
45,6
7
VN
0
TEXT
8
07_BANG_THONG_KE_COC_BO
10
590.45
20
11.016
30
0.0
40
1.2
1
53,6
7
VN
0
TEXT
8
07_BANG_THONG_KE_COC_BO
10
601.25
20
11.016
30
0.0
40
1.2
1
\U+0110\U+1EA0T
7
VN
0
TEXT
8
07_BANG_THONG_KE_COC_BO
10
611.15
20
11.016
30
0.0
40
1.2
1
4\U+03A628 CB400-V
7
VN
0
TEXT
8
07_BANG_THONG_KE_COC_BO
10
627.35
20
11.016
30
0.0
40
1.2
1
XO\U+1EAEN \U+03A68 a150
7
VN
0
TEXT
8
07_BANG_THONG_KE_COC_BO
10
493.25
20
8.376
30
0.0
40
1.2
1
HV-P199
7
VN
0
TEXT
8
07_BANG_THONG_KE_COC_BO
10
505.85
20
8.376
30
0.0
40
1.2
1
B7-D08
7
VN
0
TEXT
8
07_BANG_THONG_KE_COC_BO
10
516.65
20
8.376
30
0.0
40
1.2
1
B\U+00C8 7
7
VN
0
TEXT
8
07_BANG_THONG_KE_COC_BO
10
524.75
20
8.376
30
0.0
40
1.2
1
187,02
7
VN
0
TEXT
8
07_BANG_THONG_KE_COC_BO
10
535.55
20
8.376
30
0.0
40
1.2
1
74,62
7
VN
0
TEXT
8
07_BANG_THONG_KE_COC_BO
10
546.35
20
8.376
30
0.0
40
1.2
1
384,69
7
VN
0
TEXT
8
07_BANG_THONG_KE_COC_BO
10
555.35
20
8.376
30
0.0
40
1.2
1
1
7
VN
0
TEXT
8
07_BANG_THONG_KE_COC_BO
10
562.55
20
8.376
30
0.0
40
1.2
1
350
7
VN
0
TEXT
8
07_BANG_THONG_KE_COC_BO
10
570.65
20
8.376
30
0.0
40
1.2
1
6,5
7
VN
0
TEXT
8
07_BANG_THONG_KE_COC_BO
10
579.65
20
8.376
30
0.0
40
1.2
1
45,6
7
VN
0
TEXT
8
07_BANG_THONG_KE_COC_BO
10
590.45
20
8.376
30
0.0
40
1.2
1
53,6
7
VN
0
TEXT
8
07_BANG_THONG_KE_COC_BO
10
601.25
20
8.376
30
0.0
40
1.2
1
\U+0110\U+1EA0T
7
VN
0
TEXT
8
07_BANG_THONG_KE_COC_BO
10
611.15
20
8.376
30
0.0
40
1.2
1
4\U+03A628 CB400-V
7
VN
0
TEXT
8
07_BANG_THONG_KE_COC_BO
10
627.35
20
8.376
30
0.0
40
1.2
1
XO\U+1EAEN \U+03A68 a150
7
VN
0
TEXT
8
07_BANG_THONG_KE_COC_BO
10
493.25
20
5.736
30
0.0
40
1.2
1
HV-P200
7
VN
0
TEXT
8
07_BANG_THONG_KE_COC_BO
10
505.85
20
5.736
30
0.0
40
1.2
1
B7-D09
7
VN
0
TEXT
8
07_BANG_THONG_KE_COC_BO
10
516.65
20
5.736
30
0.0
40
1.2
1
B\U+00C8 7
7
VN
0
TEXT
8
07_BANG_THONG_KE_COC_BO
10
524.75
20
5.736
30
0.0
40
1.2
1
73,39
7
VN
0
TEXT
8
07_BANG_THONG_KE_COC_BO
10
535.55
20
5.736
30
0.0
40
1.2
1
-67,70
7
VN
0
TEXT
8
07_BANG_THONG_KE_COC_BO
10
546.35
20
5.736
30
0.0
40
1.2
1
384,44
7
VN
0
TEXT
8
07_BANG_THONG_KE_COC_BO
10
555.35
20
5.736
30
0.0
40
1.2
1
1
7
VN
0
TEXT
8
07_BANG_THONG_KE_COC_BO
10
562.55
20
5.736
30
0.0
40
1.2
1
350
7
VN
0
TEXT
8
07_BANG_THONG_KE_COC_BO
10
570.65
20
5.736
30
0.0
40
1.2
1
6,5
7
VN
0
TEXT
8
07_BANG_THONG_KE_COC_BO
10
579.65
20
5.736
30
0.0
40
1.2
1
45,6
7
VN
0
TEXT
8
07_BANG_THONG_KE_COC_BO
10
590.45
20
5.736
30
0.0
40
1.2
1
53,6
7
VN
0
TEXT
8
07_BANG_THONG_KE_COC_BO
10
601.25
20
5.736
30
0.0
40
1.2
1
\U+0110\U+1EA0T
7
VN
0
TEXT
8
07_BANG_THONG_KE_COC_BO
10
611.15
20
5.736
30
0.0
40
1.2
1
4\U+03A628 CB400-V
7
VN
0
TEXT
8
07_BANG_THONG_KE_COC_BO
10
627.35
20
5.736
30
0.0
40
1.2
1
XO\U+1EAEN \U+03A68 a150
7
VN
0
TEXT
8
07_BANG_THONG_KE_COC_BO
10
493.25
20
3.096
30
0.0
40
1.2
1
HV-P201
7
VN
0
TEXT
8
07_BANG_THONG_KE_COC_BO
10
505.85
20
3.096
30
0.0
40
1.2
1
B7-D10
7
VN
0
TEXT
8
07_BANG_THONG_KE_COC_BO
10
516.65
20
3.096
30
0.0
40
1.2
1
B\U+00C8 7
7
VN
0
TEXT
8
07_BANG_THONG_KE_COC_BO
10
524.75
20
3.096
30
0.0
40
1.2
1
49,00
7
VN
0
TEXT
8
07_BANG_THONG_KE_COC_BO
10
535.55
20
3.096
30
0.0
40
1.2
1
55,35
7
VN
0
TEXT
8
07_BANG_THONG_KE_COC_BO
10
546.35
20
3.096
30
0.0
40
1.2
1
384,62
7
VN
0
TEXT
8
07_BANG_THONG_KE_COC_BO
10
555.35
20
3.096
30
0.0
40
1.2
1
1
7
VN
0
TEXT
8
07_BANG_THONG_KE_COC_BO
10
562.55
20
3.096
30
0.0
40
1.2
1
350
7
VN
0
TEXT
8
07_BANG_THONG_KE_COC_BO
10
570.65
20
3.096
30
0.0
40
1.2
1
6,5
7
VN
0
TEXT
8
07_BANG_THONG_KE_COC_BO
10
579.65
20
3.096
30
0.0
40
1.2
1
45,6
7
VN
0
TEXT
8
07_BANG_THONG_KE_COC_BO
10
590.45
20
3.096
30
0.0
40
1.2
1
53,6
7
VN
0
TEXT
8
07_BANG_THONG_KE_COC_BO
10
601.25
20
3.096
30
0.0
40
1.2
1
\U+0110\U+1EA0T
7
VN
0
TEXT
8
07_BANG_THONG_KE_COC_BO
10
611.15
20
3.096
30
0.0
40
1.2
1
4\U+03A628 CB400-V
7
VN
0
TEXT
8
07_BANG_THONG_KE_COC_BO
10
627.35
20
3.096
30
0.0
40
1.2
1
XO\U+1EAEN \U+03A68 a150
7
VN
0
TEXT
8
07_BANG_THONG_KE_COC_BO
10
493.25
20
0.456
30
0.0
40
1.2
1
HV-P202
7
VN
0
TEXT
8
07_BANG_THONG_KE_COC_BO
10
505.85
20
0.456
30
0.0
40
1.2
1
B7-D11
7
VN
0
TEXT
8
07_BANG_THONG_KE_COC_BO
10
516.65
20
0.456
30
0.0
40
1.2
1
B\U+00C8 7
7
VN
0
TEXT
8
07_BANG_THONG_KE_COC_BO
10
524.75
20
0.456
30
0.0
40
1.2
1
58,40
7
VN
0
TEXT
8
07_BANG_THONG_KE_COC_BO
10
535.55
20
0.456
30
0.0
40
1.2
1
40,67
7
VN
0
TEXT
8
07_BANG_THONG_KE_COC_BO
10
546.35
20
0.456
30
0.0
40
1.2
1
384,34
7
VN
0
TEXT
8
07_BANG_THONG_KE_COC_BO
10
555.35
20
0.456
30
0.0
40
1.2
1
1
7
VN
0
TEXT
8
07_BANG_THONG_KE_COC_BO
10
562.55
20
0.456
30
0.0
40
1.2
1
350
7
VN
0
TEXT
8
07_BANG_THONG_KE_COC_BO
10
570.65
20
0.456
30
0.0
40
1.2
1
6,5
7
VN
0
TEXT
8
07_BANG_THONG_KE_COC_BO
10
579.65
20
0.456
30
0.0
40
1.2
1
45,6
7
VN
0
TEXT
8
07_BANG_THONG_KE_COC_BO
10
590.45
20
0.456
30
0.0
40
1.2
1
53,6
7
VN
0
TEXT
8
07_BANG_THONG_KE_COC_BO
10
601.25
20
0.456
30
0.0
40
1.2
1
\U+0110\U+1EA0T
7
VN
0
TEXT
8
07_BANG_THONG_KE_COC_BO
10
611.15
20
0.456
30
0.0
40
1.2
1
4\U+03A628 CB400-V
7
VN
0
TEXT
8
07_BANG_THONG_KE_COC_BO
10
627.35
20
0.456
30
0.0
40
1.2
1
XO\U+1EAEN \U+03A68 a150
7
VN
0
TEXT
8
07_BANG_THONG_KE_COC_BO
10
493.25
20
-2.184
30
0.0
40
1.2
1
HV-P203
7
VN
0
TEXT
8
07_BANG_THONG_KE_COC_BO
10
505.85
20
-2.184
30
0.0
40
1.2
1
B7-D12
7
VN
0
TEXT
8
07_BANG_THONG_KE_COC_BO
10
516.65
20
-2.184
30
0.0
40
1.2
1
B\U+00C8 7
7
VN
0
TEXT
8
07_BANG_THONG_KE_COC_BO
10
524.75
20
-2.184
30
0.0
40
1.2
1
59,95
7
VN
0
TEXT
8
07_BANG_THONG_KE_COC_BO
10
535.55
20
-2.184
30
0.0
40
1.2
1
37,88
7
VN
0
TEXT
8
07_BANG_THONG_KE_COC_BO
10
546.35
20
-2.184
30
0.0
40
1.2
1
384,31
7
VN
0
TEXT
8
07_BANG_THONG_KE_COC_BO
10
555.35
20
-2.184
30
0.0
40
1.2
1
1
7
VN
0
TEXT
8
07_BANG_THONG_KE_COC_BO
10
562.55
20
-2.184
30
0.0
40
1.2
1
350
7
VN
0
TEXT
8
07_BANG_THONG_KE_COC_BO
10
570.65
20
-2.184
30
0.0
40
1.2
1
6,5
7
VN
0
TEXT
8
07_BANG_THONG_KE_COC_BO
10
579.65
20
-2.184
30
0.0
40
1.2
1
45,6
7
VN
0
TEXT
8
07_BANG_THONG_KE_COC_BO
10
590.45
20
-2.184
30
0.0
40
1.2
1
53,6
7
VN
0
TEXT
8
07_BANG_THONG_KE_COC_BO
10
601.25
20
-2.184
30
0.0
40
1.2
1
\U+0110\U+1EA0T
7
VN
0
TEXT
8
07_BANG_THONG_KE_COC_BO
10
611.15
20
-2.184
30
0.0
40
1.2
1
4\U+03A628 CB400-V
7
VN
0
TEXT
8
07_BANG_THONG_KE_COC_BO
10
627.35
20
-2.184
30
0.0
40
1.2
1
XO\U+1EAEN \U+03A68 a150
7
VN
0
TEXT
8
07_BANG_THONG_KE_COC_BO
10
493.25
20
-4.824
30
0.0
40
1.2
1
HV-P204
7
VN
0
TEXT
8
07_BANG_THONG_KE_COC_BO
10
505.85
20
-4.824
30
0.0
40
1.2
1
B7-D13
7
VN
0
TEXT
8
07_BANG_THONG_KE_COC_BO
10
516.65
20
-4.824
30
0.0
40
1.2
1
B\U+00C8 7
7
VN
0
TEXT
8
07_BANG_THONG_KE_COC_BO
10
524.75
20
-4.824
30
0.0
40
1.2
1
59,97
7
VN
0
TEXT
8
07_BANG_THONG_KE_COC_BO
10
535.55
20
-4.824
30
0.0
40
1.2
1
29,37
7
VN
0
TEXT
8
07_BANG_THONG_KE_COC_BO
10
546.35
20
-4.824
30
0.0
40
1.2
1
384,23
7
VN
0
TEXT
8
07_BANG_THONG_KE_COC_BO
10
555.35
20
-4.824
30
0.0
40
1.2
1
1
7
VN
0
TEXT
8
07_BANG_THONG_KE_COC_BO
10
562.55
20
-4.824
30
0.0
40
1.2
1
350
7
VN
0
TEXT
8
07_BANG_THONG_KE_COC_BO
10
570.65
20
-4.824
30
0.0
40
1.2
1
6,5
7
VN
0
TEXT
8
07_BANG_THONG_KE_COC_BO
10
579.65
20
-4.824
30
0.0
40
1.2
1
45,6
7
VN
0
TEXT
8
07_BANG_THONG_KE_COC_BO
10
590.45
20
-4.824
30
0.0
40
1.2
1
53,6
7
VN
0
TEXT
8
07_BANG_THONG_KE_COC_BO
10
601.25
20
-4.824
30
0.0
40
1.2
1
\U+0110\U+1EA0T
7
VN
0
TEXT
8
07_BANG_THONG_KE_COC_BO
10
611.15
20
-4.824
30
0.0
40
1.2
1
4\U+03A628 CB400-V
7
VN
0
TEXT
8
07_BANG_THONG_KE_COC_BO
10
627.35
20
-4.824
30
0.0
40
1.2
1
XO\U+1EAEN \U+03A68 a150
7
VN
0
TEXT
8
07_BANG_THONG_KE_COC_BO
10
493.25
20
-7.464
30
0.0
40
1.2
1
HV-P205
7
VN
0
TEXT
8
07_BANG_THONG_KE_COC_BO
10
505.85
20
-7.464
30
0.0
40
1.2
1
B7-D14
7
VN
0
TEXT
8
07_BANG_THONG_KE_COC_BO
10
516.65
20
-7.464
30
0.0
40
1.2
1
B\U+00C8 7
7
VN
0
TEXT
8
07_BANG_THONG_KE_COC_BO
10
524.75
20
-7.464
30
0.0
40
1.2
1
60,40
7
VN
0
TEXT
8
07_BANG_THONG_KE_COC_BO
10
535.55
20
-7.464
30
0.0
40
1.2
1
-0,42
7
VN
0
TEXT
8
07_BANG_THONG_KE_COC_BO
10
546.35
20
-7.464
30
0.0
40
1.2
1
384,37
7
VN
0
TEXT
8
07_BANG_THONG_KE_COC_BO
10
555.35
20
-7.464
30
0.0
40
1.2
1
1
7
VN
0
TEXT
8
07_BANG_THONG_KE_COC_BO
10
562.55
20
-7.464
30
0.0
40
1.2
1
350
7
VN
0
TEXT
8
07_BANG_THONG_KE_COC_BO
10
570.65
20
-7.464
30
0.0
40
1.2
1
6,5
7
VN
0
TEXT
8
07_BANG_THONG_KE_COC_BO
10
579.65
20
-7.464
30
0.0
40
1.2
1
45,6
7
VN
0
TEXT
8
07_BANG_THONG_KE_COC_BO
10
590.45
20
-7.464
30
0.0
40
1.2
1
53,6
7
VN
0
TEXT
8
07_BANG_THONG_KE_COC_BO
10
601.25
20
-7.464
30
0.0
40
1.2
1
\U+0110\U+1EA0T
7
VN
0
TEXT
8
07_BANG_THONG_KE_COC_BO
10
611.15
20
-7.464
30
0.0
40
1.2
1
4\U+03A628 CB400-V
7
VN
0
TEXT
8
07_BANG_THONG_KE_COC_BO
10
627.35
20
-7.464
30
0.0
40
1.2
1
XO\U+1EAEN \U+03A68 a150
7
VN
0
TEXT
8
07_BANG_THONG_KE_COC_BO
10
493.25
20
-10.104
30
0.0
40
1.2
1
HV-P206
7
VN
0
TEXT
8
07_BANG_THONG_KE_COC_BO
10
505.85
20
-10.104
30
0.0
40
1.2
1
B7-D15
7
VN
0
TEXT
8
07_BANG_THONG_KE_COC_BO
10
516.65
20
-10.104
30
0.0
40
1.2
1
B\U+00C8 7
7
VN
0
TEXT
8
07_BANG_THONG_KE_COC_BO
10
524.75
20
-10.104
30
0.0
40
1.2
1
63,67
7
VN
0
TEXT
8
07_BANG_THONG_KE_COC_BO
10
535.55
20
-10.104
30
0.0
40
1.2
1
-9,27
7
VN
0
TEXT
8
07_BANG_THONG_KE_COC_BO
10
546.35
20
-10.104
30
0.0
40
1.2
1
384,26
7
VN
0
TEXT
8
07_BANG_THONG_KE_COC_BO
10
555.35
20
-10.104
30
0.0
40
1.2
1
1
7
VN
0
TEXT
8
07_BANG_THONG_KE_COC_BO
10
562.55
20
-10.104
30
0.0
40
1.2
1
350
7
VN
0
TEXT
8
07_BANG_THONG_KE_COC_BO
10
570.65
20
-10.104
30
0.0
40
1.2
1
6,5
7
VN
0
TEXT
8
07_BANG_THONG_KE_COC_BO
10
579.65
20
-10.104
30
0.0
40
1.2
1
45,6
7
VN
0
TEXT
8
07_BANG_THONG_KE_COC_BO
10
590.45
20
-10.104
30
0.0
40
1.2
1
53,6
7
VN
0
TEXT
8
07_BANG_THONG_KE_COC_BO
10
601.25
20
-10.104
30
0.0
40
1.2
1
\U+0110\U+1EA0T
7
VN
0
TEXT
8
07_BANG_THONG_KE_COC_BO
10
611.15
20
-10.104
30
0.0
40
1.2
1
4\U+03A628 CB400-V
7
VN
0
TEXT
8
07_BANG_THONG_KE_COC_BO
10
627.35
20
-10.104
30
0.0
40
1.2
1
XO\U+1EAEN \U+03A68 a150
7
VN
0
TEXT
8
07_BANG_THONG_KE_COC_BO
10
493.25
20
-12.744
30
0.0
40
1.2
1
HV-P207
7
VN
0
TEXT
8
07_BANG_THONG_KE_COC_BO
10
505.85
20
-12.744
30
0.0
40
1.2
1
B7-D16
7
VN
0
TEXT
8
07_BANG_THONG_KE_COC_BO
10
516.65
20
-12.744
30
0.0
40
1.2
1
B\U+00C8 7
7
VN
0
TEXT
8
07_BANG_THONG_KE_COC_BO
10
524.75
20
-12.744
30
0.0
40
1.2
1
65,17
7
VN
0
TEXT
8
07_BANG_THONG_KE_COC_BO
10
535.55
20
-12.744
30
0.0
40
1.2
1
-17,76
7
VN
0
TEXT
8
07_BANG_THONG_KE_COC_BO
10
546.35
20
-12.744
30
0.0
40
1.2
1
384,22
7
VN
0
TEXT
8
07_BANG_THONG_KE_COC_BO
10
555.35
20
-12.744
30
0.0
40
1.2
1
1
7
VN
0
TEXT
8
07_BANG_THONG_KE_COC_BO
10
562.55
20
-12.744
30
0.0
40
1.2
1
350
7
VN
0
TEXT
8
07_BANG_THONG_KE_COC_BO
10
570.65
20
-12.744
30
0.0
40
1.2
1
6,5
7
VN
0
TEXT
8
07_BANG_THONG_KE_COC_BO
10
579.65
20
-12.744
30
0.0
40
1.2
1
45,6
7
VN
0
TEXT
8
07_BANG_THONG_KE_COC_BO
10
590.45
20
-12.744
30
0.0
40
1.2
1
53,6
7
VN
0
TEXT
8
07_BANG_THONG_KE_COC_BO
10
601.25
20
-12.744
30
0.0
40
1.2
1
\U+0110\U+1EA0T
7
VN
0
TEXT
8
07_BANG_THONG_KE_COC_BO
10
611.15
20
-12.744
30
0.0
40
1.2
1
4\U+03A628 CB400-V
7
VN
0
TEXT
8
07_BANG_THONG_KE_COC_BO
10
627.35
20
-12.744
30
0.0
40
1.2
1
XO\U+1EAEN \U+03A68 a150
7
VN
0
TEXT
8
07_BANG_THONG_KE_COC_BO
10
493.25
20
-15.384
30
0.0
40
1.2
1
HV-P208
7
VN
0
TEXT
8
07_BANG_THONG_KE_COC_BO
10
505.85
20
-15.384
30
0.0
40
1.2
1
B7-D17
7
VN
0
TEXT
8
07_BANG_THONG_KE_COC_BO
10
516.65
20
-15.384
30
0.0
40
1.2
1
B\U+00C8 7
7
VN
0
TEXT
8
07_BANG_THONG_KE_COC_BO
10
524.75
20
-15.384
30
0.0
40
1.2
1
66,21
7
VN
0
TEXT
8
07_BANG_THONG_KE_COC_BO
10
535.55
20
-15.384
30
0.0
40
1.2
1
-38,89
7
VN
0
TEXT
8
07_BANG_THONG_KE_COC_BO
10
546.35
20
-15.384
30
0.0
40
1.2
1
384,61
7
VN
0
TEXT
8
07_BANG_THONG_KE_COC_BO
10
555.35
20
-15.384
30
0.0
40
1.2
1
1
7
VN
0
TEXT
8
07_BANG_THONG_KE_COC_BO
10
562.55
20
-15.384
30
0.0
40
1.2
1
350
7
VN
0
TEXT
8
07_BANG_THONG_KE_COC_BO
10
570.65
20
-15.384
30
0.0
40
1.2
1
6,5
7
VN
0
TEXT
8
07_BANG_THONG_KE_COC_BO
10
579.65
20
-15.384
30
0.0
40
1.2
1
45,6
7
VN
0
TEXT
8
07_BANG_THONG_KE_COC_BO
10
590.45
20
-15.384
30
0.0
40
1.2
1
53,6
7
VN
0
TEXT
8
07_BANG_THONG_KE_COC_BO
10
601.25
20
-15.384
30
0.0
40
1.2
1
\U+0110\U+1EA0T
7
VN
0
TEXT
8
07_BANG_THONG_KE_COC_BO
10
611.15
20
-15.384
30
0.0
40
1.2
1
4\U+03A628 CB400-V
7
VN
0
TEXT
8
07_BANG_THONG_KE_COC_BO
10
627.35
20
-15.384
30
0.0
40
1.2
1
XO\U+1EAEN \U+03A68 a150
7
VN
0
TEXT
8
07_BANG_THONG_KE_COC_BO
10
493.25
20
-18.024
30
0.0
40
1.2
1
HV-P209
7
VN
0
TEXT
8
07_BANG_THONG_KE_COC_BO
10
505.85
20
-18.024
30
0.0
40
1.2
1
B7-D18
7
VN
0
TEXT
8
07_BANG_THONG_KE_COC_BO
10
516.65
20
-18.024
30
0.0
40
1.2
1
B\U+00C8 7
7
VN
0
TEXT
8
07_BANG_THONG_KE_COC_BO
10
524.75
20
-18.024
30
0.0
40
1.2
1
69,88
7
VN
0
TEXT
8
07_BANG_THONG_KE_COC_BO
10
535.55
20
-18.024
30
0.0
40
1.2
1
-53,98
7
VN
0
TEXT
8
07_BANG_THONG_KE_COC_BO
10
546.35
20
-18.024
30
0.0
40
1.2
1
384,19
7
VN
0
TEXT
8
07_BANG_THONG_KE_COC_BO
10
555.35
20
-18.024
30
0.0
40
1.2
1
1
7
VN
0
TEXT
8
07_BANG_THONG_KE_COC_BO
10
562.55
20
-18.024
30
0.0
40
1.2
1
350
7
VN
0
TEXT
8
07_BANG_THONG_KE_COC_BO
10
570.65
20
-18.024
30
0.0
40
1.2
1
6,5
7
VN
0
TEXT
8
07_BANG_THONG_KE_COC_BO
10
579.65
20
-18.024
30
0.0
40
1.2
1
45,6
7
VN
0
TEXT
8
07_BANG_THONG_KE_COC_BO
10
590.45
20
-18.024
30
0.0
40
1.2
1
53,6
7
VN
0
TEXT
8
07_BANG_THONG_KE_COC_BO
10
601.25
20
-18.024
30
0.0
40
1.2
1
\U+0110\U+1EA0T
7
VN
0
TEXT
8
07_BANG_THONG_KE_COC_BO
10
611.15
20
-18.024
30
0.0
40
1.2
1
4\U+03A628 CB400-V
7
VN
0
TEXT
8
07_BANG_THONG_KE_COC_BO
10
627.35
20
-18.024
30
0.0
40
1.2
1
XO\U+1EAEN \U+03A68 a150
7
VN
0
TEXT
8
07_BANG_THONG_KE_COC_BO
10
493.25
20
-20.664
30
0.0
40
1.2
1
HV-P212
7
VN
0
TEXT
8
07_BANG_THONG_KE_COC_BO
10
505.85
20
-20.664
30
0.0
40
1.2
1
B7-D21
7
VN
0
TEXT
8
07_BANG_THONG_KE_COC_BO
10
516.65
20
-20.664
30
0.0
40
1.2
1
B\U+00C8 7
7
VN
0
TEXT
8
07_BANG_THONG_KE_COC_BO
10
524.75
20
-20.664
30
0.0
40
1.2
1
192,06
7
VN
0
TEXT
8
07_BANG_THONG_KE_COC_BO
10
535.55
20
-20.664
30
0.0
40
1.2
1
9,39
7
VN
0
TEXT
8
07_BANG_THONG_KE_COC_BO
10
546.35
20
-20.664
30
0.0
40
1.2
1
384,01
7
VN
0
TEXT
8
07_BANG_THONG_KE_COC_BO
10
555.35
20
-20.664
30
0.0
40
1.2
1
1
7
VN
0
TEXT
8
07_BANG_THONG_KE_COC_BO
10
562.55
20
-20.664
30
0.0
40
1.2
1
350
7
VN
0
TEXT
8
07_BANG_THONG_KE_COC_BO
10
570.65
20
-20.664
30
0.0
40
1.2
1
6,5
7
VN
0
TEXT
8
07_BANG_THONG_KE_COC_BO
10
579.65
20
-20.664
30
0.0
40
1.2
1
45,6
7
VN
0
TEXT
8
07_BANG_THONG_KE_COC_BO
10
590.45
20
-20.664
30
0.0
40
1.2
1
53,6
7
VN
0
TEXT
8
07_BANG_THONG_KE_COC_BO
10
601.25
20
-20.664
30
0.0
40
1.2
1
\U+0110\U+1EA0T
7
VN
0
TEXT
8
07_BANG_THONG_KE_COC_BO
10
611.15
20
-20.664
30
0.0
40
1.2
1
4\U+03A628 CB400-V
7
VN
0
TEXT
8
07_BANG_THONG_KE_COC_BO
10
627.35
20
-20.664
30
0.0
40
1.2
1
XO\U+1EAEN \U+03A68 a150
7
VN
0
TEXT
8
07_BANG_THONG_KE_COC_BO
10
493.25
20
-23.304
30
0.0
40
1.2
1
HV-P217
7
VN
0
TEXT
8
07_BANG_THONG_KE_COC_BO
10
505.85
20
-23.304
30
0.0
40
1.2
1
B7-D26
7
VN
0
TEXT
8
07_BANG_THONG_KE_COC_BO
10
516.65
20
-23.304
30
0.0
40
1.2
1
B\U+00C8 7
7
VN
0
TEXT
8
07_BANG_THONG_KE_COC_BO
10
524.75
20
-23.304
30
0.0
40
1.2
1
211,34
7
VN
0
TEXT
8
07_BANG_THONG_KE_COC_BO
10
535.55
20
-23.304
30
0.0
40
1.2
1
-38,54
7
VN
0
TEXT
8
07_BANG_THONG_KE_COC_BO
10
546.35
20
-23.304
30
0.0
40
1.2
1
384,01
7
VN
0
TEXT
8
07_BANG_THONG_KE_COC_BO
10
555.35
20
-23.304
30
0.0
40
1.2
1
1
7
VN
0
TEXT
8
07_BANG_THONG_KE_COC_BO
10
562.55
20
-23.304
30
0.0
40
1.2
1
350
7
VN
0
TEXT
8
07_BANG_THONG_KE_COC_BO
10
570.65
20
-23.304
30
0.0
40
1.2
1
6,5
7
VN
0
TEXT
8
07_BANG_THONG_KE_COC_BO
10
579.65
20
-23.304
30
0.0
40
1.2
1
45,6
7
VN
0
TEXT
8
07_BANG_THONG_KE_COC_BO
10
590.45
20
-23.304
30
0.0
40
1.2
1
53,6
7
VN
0
TEXT
8
07_BANG_THONG_KE_COC_BO
10
601.25
20
-23.304
30
0.0
40
1.2
1
\U+0110\U+1EA0T
7
VN
0
TEXT
8
07_BANG_THONG_KE_COC_BO
10
611.15
20
-23.304
30
0.0
40
1.2
1
4\U+03A628 CB400-V
7
VN
0
TEXT
8
07_BANG_THONG_KE_COC_BO
10
627.35
20
-23.304
30
0.0
40
1.2
1
XO\U+1EAEN \U+03A68 a150
7
VN
0
TEXT
8
07_BANG_THONG_KE_COC_BO
10
493.25
20
-25.944
30
0.0
40
1.2
1
HV-P218
7
VN
0
TEXT
8
07_BANG_THONG_KE_COC_BO
10
505.85
20
-25.944
30
0.0
40
1.2
1
B7-D27
7
VN
0
TEXT
8
07_BANG_THONG_KE_COC_BO
10
516.65
20
-25.944
30
0.0
40
1.2
1
B\U+00C8 7
7
VN
0
TEXT
8
07_BANG_THONG_KE_COC_BO
10
524.75
20
-25.944
30
0.0
40
1.2
1
191,07
7
VN
0
TEXT
8
07_BANG_THONG_KE_COC_BO
10
535.55
20
-25.944
30
0.0
40
1.2
1
13,22
7
VN
0
TEXT
8
07_BANG_THONG_KE_COC_BO
10
546.35
20
-25.944
30
0.0
40
1.2
1
384,02
7
VN
0
TEXT
8
07_BANG_THONG_KE_COC_BO
10
555.35
20
-25.944
30
0.0
40
1.2
1
1
7
VN
0
TEXT
8
07_BANG_THONG_KE_COC_BO
10
562.55
20
-25.944
30
0.0
40
1.2
1
350
7
VN
0
TEXT
8
07_BANG_THONG_KE_COC_BO
10
570.65
20
-25.944
30
0.0
40
1.2
1
6,5
7
VN
0
TEXT
8
07_BANG_THONG_KE_COC_BO
10
579.65
20
-25.944
30
0.0
40
1.2
1
45,6
7
VN
0
TEXT
8
07_BANG_THONG_KE_COC_BO
10
590.45
20
-25.944
30
0.0
40
1.2
1
53,6
7
VN
0
TEXT
8
07_BANG_THONG_KE_COC_BO
10
601.25
20
-25.944
30
0.0
40
1.2
1
\U+0110\U+1EA0T
7
VN
0
TEXT
8
07_BANG_THONG_KE_COC_BO
10
611.15
20
-25.944
30
0.0
40
1.2
1
4\U+03A628 CB400-V
7
VN
0
TEXT
8
07_BANG_THONG_KE_COC_BO
10
627.35
20
-25.944
30
0.0
40
1.2
1
XO\U+1EAEN \U+03A68 a150
7
VN
0
TEXT
8
07_BANG_THONG_KE_COC_BO
10
493.25
20
-28.584
30
0.0
40
1.2
1
HV-P219
7
VN
0
TEXT
8
07_BANG_THONG_KE_COC_BO
10
505.85
20
-28.584
30
0.0
40
1.2
1
B7-D28
7
VN
0
TEXT
8
07_BANG_THONG_KE_COC_BO
10
516.65
20
-28.584
30
0.0
40
1.2
1
B\U+00C8 7
7
VN
0
TEXT
8
07_BANG_THONG_KE_COC_BO
10
524.75
20
-28.584
30
0.0
40
1.2
1
214,10
7
VN
0
TEXT
8
07_BANG_THONG_KE_COC_BO
10
535.55
20
-28.584
30
0.0
40
1.2
1
-42,36
7
VN
0
TEXT
8
07_BANG_THONG_KE_COC_BO
10
546.35
20
-28.584
30
0.0
40
1.2
1
384,02
7
VN
0
TEXT
8
07_BANG_THONG_KE_COC_BO
10
555.35
20
-28.584
30
0.0
40
1.2
1
1
7
VN
0
TEXT
8
07_BANG_THONG_KE_COC_BO
10
562.55
20
-28.584
30
0.0
40
1.2
1
350
7
VN
0
TEXT
8
07_BANG_THONG_KE_COC_BO
10
570.65
20
-28.584
30
0.0
40
1.2
1
6,5
7
VN
0
TEXT
8
07_BANG_THONG_KE_COC_BO
10
579.65
20
-28.584
30
0.0
40
1.2
1
45,6
7
VN
0
TEXT
8
07_BANG_THONG_KE_COC_BO
10
590.45
20
-28.584
30
0.0
40
1.2
1
53,6
7
VN
0
TEXT
8
07_BANG_THONG_KE_COC_BO
10
601.25
20
-28.584
30
0.0
40
1.2
1
\U+0110\U+1EA0T
7
VN
0
TEXT
8
07_BANG_THONG_KE_COC_BO
10
611.15
20
-28.584
30
0.0
40
1.2
1
4\U+03A628 CB400-V
7
VN
0
TEXT
8
07_BANG_THONG_KE_COC_BO
10
627.35
20
-28.584
30
0.0
40
1.2
1
XO\U+1EAEN \U+03A68 a150
7
VN
0
TEXT
8
07_BANG_THONG_KE_COC_BO
10
493.25
20
-31.224
30
0.0
40
1.2
1
HV-P220
7
VN
0
TEXT
8
07_BANG_THONG_KE_COC_BO
10
505.85
20
-31.224
30
0.0
40
1.2
1
B7-D29
7
VN
0
TEXT
8
07_BANG_THONG_KE_COC_BO
10
516.65
20
-31.224
30
0.0
40
1.2
1
B\U+00C8 7
7
VN
0
TEXT
8
07_BANG_THONG_KE_COC_BO
10
524.75
20
-31.224
30
0.0
40
1.2
1
58,77
7
VN
0
TEXT
8
07_BANG_THONG_KE_COC_BO
10
535.55
20
-31.224
30
0.0
40
1.2
1
12,03
7
VN
0
TEXT
8
07_BANG_THONG_KE_COC_BO
10
546.35
20
-31.224
30
0.0
40
1.2
1
384,02
7
VN
0
TEXT
8
07_BANG_THONG_KE_COC_BO
10
555.35
20
-31.224
30
0.0
40
1.2
1
1
7
VN
0
TEXT
8
07_BANG_THONG_KE_COC_BO
10
562.55
20
-31.224
30
0.0
40
1.2
1
350
7
VN
0
TEXT
8
07_BANG_THONG_KE_COC_BO
10
570.65
20
-31.224
30
0.0
40
1.2
1
6,5
7
VN
0
TEXT
8
07_BANG_THONG_KE_COC_BO
10
579.65
20
-31.224
30
0.0
40
1.2
1
45,6
7
VN
0
TEXT
8
07_BANG_THONG_KE_COC_BO
10
590.45
20
-31.224
30
0.0
40
1.2
1
53,6
7
VN
0
TEXT
8
07_BANG_THONG_KE_COC_BO
10
601.25
20
-31.224
30
0.0
40
1.2
1
\U+0110\U+1EA0T
7
VN
0
TEXT
8
07_BANG_THONG_KE_COC_BO
10
611.15
20
-31.224
30
0.0
40
1.2
1
4\U+03A628 CB400-V
7
VN
0
TEXT
8
07_BANG_THONG_KE_COC_BO
10
627.35
20
-31.224
30
0.0
40
1.2
1
XO\U+1EAEN \U+03A68 a150
7
VN
0
TEXT
8
07_BANG_THONG_KE_COC_BO
10
493.25
20
-33.864
30
0.0
40
1.2
1
HV-P221
7
VN
0
TEXT
8
07_BANG_THONG_KE_COC_BO
10
505.85
20
-33.864
30
0.0
40
1.2
1
B7-D30
7
VN
0
TEXT
8
07_BANG_THONG_KE_COC_BO
10
516.65
20
-33.864
30
0.0
40
1.2
1
B\U+00C8 7
7
VN
0
TEXT
8
07_BANG_THONG_KE_COC_BO
10
524.75
20
-33.864
30
0.0
40
1.2
1
81,73
7
VN
0
TEXT
8
07_BANG_THONG_KE_COC_BO
10
535.55
20
-33.864
30
0.0
40
1.2
1
-97,29
7
VN
0
TEXT
8
07_BANG_THONG_KE_COC_BO
10
546.35
20
-33.864
30
0.0
40
1.2
1
384,10
7
VN
0
TEXT
8
07_BANG_THONG_KE_COC_BO
10
555.35
20
-33.864
30
0.0
40
1.2
1
1
7
VN
0
TEXT
8
07_BANG_THONG_KE_COC_BO
10
562.55
20
-33.864
30
0.0
40
1.2
1
350
7
VN
0
TEXT
8
07_BANG_THONG_KE_COC_BO
10
570.65
20
-33.864
30
0.0
40
1.2
1
6,5
7
VN
0
TEXT
8
07_BANG_THONG_KE_COC_BO
10
579.65
20
-33.864
30
0.0
40
1.2
1
45,6
7
VN
0
TEXT
8
07_BANG_THONG_KE_COC_BO
10
590.45
20
-33.864
30
0.0
40
1.2
1
53,6
7
VN
0
TEXT
8
07_BANG_THONG_KE_COC_BO
10
601.25
20
-33.864
30
0.0
40
1.2
1
\U+0110\U+1EA0T
7
VN
0
TEXT
8
07_BANG_THONG_KE_COC_BO
10
611.15
20
-33.864
30
0.0
40
1.2
1
4\U+03A628 CB400-V
7
VN
0
TEXT
8
07_BANG_THONG_KE_COC_BO
10
627.35
20
-33.864
30
0.0
40
1.2
1
XO\U+1EAEN \U+03A68 a150
7
VN
0
TEXT
8
07_BANG_THONG_KE_COC_BO
10
493.25
20
-36.504
30
0.0
40
1.2
1
HV-P225
7
VN
0
TEXT
8
07_BANG_THONG_KE_COC_BO
10
505.85
20
-36.504
30
0.0
40
1.2
1
B8-D01
7
VN
0
TEXT
8
07_BANG_THONG_KE_COC_BO
10
516.65
20
-36.504
30
0.0
40
1.2
1
B\U+00C8 8
7
VN
0
TEXT
8
07_BANG_THONG_KE_COC_BO
10
524.75
20
-36.504
30
0.0
40
1.2
1
186,59
7
VN
0
TEXT
8
07_BANG_THONG_KE_COC_BO
10
535.55
20
-36.504
30
0.0
40
1.2
1
151,15
7
VN
0
TEXT
8
07_BANG_THONG_KE_COC_BO
10
546.35
20
-36.504
30
0.0
40
1.2
1
384,67
7
VN
0
TEXT
8
07_BANG_THONG_KE_COC_BO
10
555.35
20
-36.504
30
0.0
40
1.2
1
1
7
VN
0
TEXT
8
07_BANG_THONG_KE_COC_BO
10
562.55
20
-36.504
30
0.0
40
1.2
1
350
7
VN
0
TEXT
8
07_BANG_THONG_KE_COC_BO
10
570.65
20
-36.504
30
0.0
40
1.2
1
6,5
7
VN
0
TEXT
8
07_BANG_THONG_KE_COC_BO
10
579.65
20
-36.504
30
0.0
40
1.2
1
59,1
7
VN
0
TEXT
8
07_BANG_THONG_KE_COC_BO
10
590.45
20
-36.504
30
0.0
40
1.2
1
69,0
7
VN
0
TEXT
8
07_BANG_THONG_KE_COC_BO
10
601.25
20
-36.504
30
0.0
40
1.2
1
\U+0110\U+1EA0T
7
VN
0
TEXT
8
07_BANG_THONG_KE_COC_BO
10
611.15
20
-36.504
30
0.0
40
1.2
1
6\U+03A625 CB400-V
7
VN
0
TEXT
8
07_BANG_THONG_KE_COC_BO
10
627.35
20
-36.504
30
0.0
40
1.2
1
XO\U+1EAEN \U+03A68 a150
7
VN
0
TEXT
8
07_BANG_THONG_KE_COC_BO
10
493.25
20
-39.144
30
0.0
40
1.2
1
HV-P226
7
VN
0
TEXT
8
07_BANG_THONG_KE_COC_BO
10
505.85
20
-39.144
30
0.0
40
1.2
1
B8-D02
7
VN
0
TEXT
8
07_BANG_THONG_KE_COC_BO
10
516.65
20
-39.144
30
0.0
40
1.2
1
B\U+00C8 8
7
VN
0
TEXT
8
07_BANG_THONG_KE_COC_BO
10
524.75
20
-39.144
30
0.0
40
1.2
1
183,84
7
VN
0
TEXT
8
07_BANG_THONG_KE_COC_BO
10
535.55
20
-39.144
30
0.0
40
1.2
1
149,81
7
VN
0
TEXT
8
07_BANG_THONG_KE_COC_BO
10
546.35
20
-39.144
30
0.0
40
1.2
1
384,19
7
VN
0
TEXT
8
07_BANG_THONG_KE_COC_BO
10
555.35
20
-39.144
30
0.0
40
1.2
1
1
7
VN
0
TEXT
8
07_BANG_THONG_KE_COC_BO
10
562.55
20
-39.144
30
0.0
40
1.2
1
350
7
VN
0
TEXT
8
07_BANG_THONG_KE_COC_BO
10
570.65
20
-39.144
30
0.0
40
1.2
1
6,5
7
VN
0
TEXT
8
07_BANG_THONG_KE_COC_BO
10
579.65
20
-39.144
30
0.0
40
1.2
1
59,1
7
VN
0
TEXT
8
07_BANG_THONG_KE_COC_BO
10
590.45
20
-39.144
30
0.0
40
1.2
1
69,0
7
VN
0
TEXT
8
07_BANG_THONG_KE_COC_BO
10
601.25
20
-39.144
30
0.0
40
1.2
1
\U+0110\U+1EA0T
7
VN
0
TEXT
8
07_BANG_THONG_KE_COC_BO
10
611.15
20
-39.144
30
0.0
40
1.2
1
6\U+03A625 CB400-V
7
VN
0
TEXT
8
07_BANG_THONG_KE_COC_BO
10
627.35
20
-39.144
30
0.0
40
1.2
1
XO\U+1EAEN \U+03A68 a150
7
VN
0
TEXT
8
07_BANG_THONG_KE_COC_BO
10
493.25
20
-41.784
30
0.0
40
1.2
1
HV-P227
7
VN
0
TEXT
8
07_BANG_THONG_KE_COC_BO
10
505.85
20
-41.784
30
0.0
40
1.2
1
B8-D03
7
VN
0
TEXT
8
07_BANG_THONG_KE_COC_BO
10
516.65
20
-41.784
30
0.0
40
1.2
1
B\U+00C8 8
7
VN
0
TEXT
8
07_BANG_THONG_KE_COC_BO
10
524.75
20
-41.784
30
0.0
40
1.2
1
182,45
7
VN
0
TEXT
8
07_BANG_THONG_KE_COC_BO
10
535.55
20
-41.784
30
0.0
40
1.2
1
147,10
7
VN
0
TEXT
8
07_BANG_THONG_KE_COC_BO
10
546.35
20
-41.784
30
0.0
40
1.2
1
384,28
7
VN
0
TEXT
8
07_BANG_THONG_KE_COC_BO
10
555.35
20
-41.784
30
0.0
40
1.2
1
1
7
VN
0
TEXT
8
07_BANG_THONG_KE_COC_BO
10
562.55
20
-41.784
30
0.0
40
1.2
1
350
7
VN
0
TEXT
8
07_BANG_THONG_KE_COC_BO
10
570.65
20
-41.784
30
0.0
40
1.2
1
6,5
7
VN
0
TEXT
8
07_BANG_THONG_KE_COC_BO
10
579.65
20
-41.784
30
0.0
40
1.2
1
59,1
7
VN
0
TEXT
8
07_BANG_THONG_KE_COC_BO
10
590.45
20
-41.784
30
0.0
40
1.2
1
69,0
7
VN
0
TEXT
8
07_BANG_THONG_KE_COC_BO
10
601.25
20
-41.784
30
0.0
40
1.2
1
\U+0110\U+1EA0T
7
VN
0
TEXT
8
07_BANG_THONG_KE_COC_BO
10
611.15
20
-41.784
30
0.0
40
1.2
1
6\U+03A625 CB400-V
7
VN
0
TEXT
8
07_BANG_THONG_KE_COC_BO
10
627.35
20
-41.784
30
0.0
40
1.2
1
XO\U+1EAEN \U+03A68 a150
7
VN
0
TEXT
8
07_BANG_THONG_KE_COC_BO
10
493.25
20
-44.424
30
0.0
40
1.2
1
HV-P228
7
VN
0
TEXT
8
07_BANG_THONG_KE_COC_BO
10
505.85
20
-44.424
30
0.0
40
1.2
1
B8-D04
7
VN
0
TEXT
8
07_BANG_THONG_KE_COC_BO
10
516.65
20
-44.424
30
0.0
40
1.2
1
B\U+00C8 8
7
VN
0
TEXT
8
07_BANG_THONG_KE_COC_BO
10
524.75
20
-44.424
30
0.0
40
1.2
1
179,81
7
VN
0
TEXT
8
07_BANG_THONG_KE_COC_BO
10
535.55
20
-44.424
30
0.0
40
1.2
1
141,58
7
VN
0
TEXT
8
07_BANG_THONG_KE_COC_BO
10
546.35
20
-44.424
30
0.0
40
1.2
1
384,45
7
VN
0
TEXT
8
07_BANG_THONG_KE_COC_BO
10
555.35
20
-44.424
30
0.0
40
1.2
1
1
7
VN
0
TEXT
8
07_BANG_THONG_KE_COC_BO
10
562.55
20
-44.424
30
0.0
40
1.2
1
350
7
VN
0
TEXT
8
07_BANG_THONG_KE_COC_BO
10
570.65
20
-44.424
30
0.0
40
1.2
1
6,5
7
VN
0
TEXT
8
07_BANG_THONG_KE_COC_BO
10
579.65
20
-44.424
30
0.0
40
1.2
1
59,1
7
VN
0
TEXT
8
07_BANG_THONG_KE_COC_BO
10
590.45
20
-44.424
30
0.0
40
1.2
1
69,0
7
VN
0
TEXT
8
07_BANG_THONG_KE_COC_BO
10
601.25
20
-44.424
30
0.0
40
1.2
1
\U+0110\U+1EA0T
7
VN
0
TEXT
8
07_BANG_THONG_KE_COC_BO
10
611.15
20
-44.424
30
0.0
40
1.2
1
6\U+03A625 CB400-V
7
VN
0
TEXT
8
07_BANG_THONG_KE_COC_BO
10
627.35
20
-44.424
30
0.0
40
1.2
1
XO\U+1EAEN \U+03A68 a150
7
VN
0
TEXT
8
07_BANG_THONG_KE_COC_BO
10
493.25
20
-47.064
30
0.0
40
1.2
1
HV-P229
7
VN
0
TEXT
8
07_BANG_THONG_KE_COC_BO
10
505.85
20
-47.064
30
0.0
40
1.2
1
B8-D05
7
VN
0
TEXT
8
07_BANG_THONG_KE_COC_BO
10
516.65
20
-47.064
30
0.0
40
1.2
1
B\U+00C8 8
7
VN
0
TEXT
8
07_BANG_THONG_KE_COC_BO
10
524.75
20
-47.064
30
0.0
40
1.2
1
43,71
7
VN
0
TEXT
8
07_BANG_THONG_KE_COC_BO
10
535.55
20
-47.064
30
0.0
40
1.2
1
192,12
7
VN
0
TEXT
8
07_BANG_THONG_KE_COC_BO
10
546.35
20
-47.064
30
0.0
40
1.2
1
384,31
7
VN
0
TEXT
8
07_BANG_THONG_KE_COC_BO
10
555.35
20
-47.064
30
0.0
40
1.2
1
1
7
VN
0
TEXT
8
07_BANG_THONG_KE_COC_BO
10
562.55
20
-47.064
30
0.0
40
1.2
1
350
7
VN
0
TEXT
8
07_BANG_THONG_KE_COC_BO
10
570.65
20
-47.064
30
0.0
40
1.2
1
6,5
7
VN
0
TEXT
8
07_BANG_THONG_KE_COC_BO
10
579.65
20
-47.064
30
0.0
40
1.2
1
59,1
7
VN
0
TEXT
8
07_BANG_THONG_KE_COC_BO
10
590.45
20
-47.064
30
0.0
40
1.2
1
69,0
7
VN
0
TEXT
8
07_BANG_THONG_KE_COC_BO
10
601.25
20
-47.064
30
0.0
40
1.2
1
\U+0110\U+1EA0T
7
VN
0
TEXT
8
07_BANG_THONG_KE_COC_BO
10
611.15
20
-47.064
30
0.0
40
1.2
1
6\U+03A625 CB400-V
7
VN
0
TEXT
8
07_BANG_THONG_KE_COC_BO
10
627.35
20
-47.064
30
0.0
40
1.2
1
XO\U+1EAEN \U+03A68 a150
7
VN
0
TEXT
8
07_BANG_THONG_KE_COC_BO
10
493.25
20
-49.704
30
0.0
40
1.2
1
HV-P230
7
VN
0
TEXT
8
07_BANG_THONG_KE_COC_BO
10
505.85
20
-49.704
30
0.0
40
1.2
1
B8-D06
7
VN
0
TEXT
8
07_BANG_THONG_KE_COC_BO
10
516.65
20
-49.704
30
0.0
40
1.2
1
B\U+00C8 8
7
VN
0
TEXT
8
07_BANG_THONG_KE_COC_BO
10
524.75
20
-49.704
30
0.0
40
1.2
1
43,03
7
VN
0
TEXT
8
07_BANG_THONG_KE_COC_BO
10
535.55
20
-49.704
30
0.0
40
1.2
1
184,71
7
VN
0
TEXT
8
07_BANG_THONG_KE_COC_BO
10
546.35
20
-49.704
30
0.0
40
1.2
1
384,31
7
VN
0
TEXT
8
07_BANG_THONG_KE_COC_BO
10
555.35
20
-49.704
30
0.0
40
1.2
1
1
7
VN
0
TEXT
8
07_BANG_THONG_KE_COC_BO
10
562.55
20
-49.704
30
0.0
40
1.2
1
350
7
VN
0
TEXT
8
07_BANG_THONG_KE_COC_BO
10
570.65
20
-49.704
30
0.0
40
1.2
1
6,5
7
VN
0
TEXT
8
07_BANG_THONG_KE_COC_BO
10
579.65
20
-49.704
30
0.0
40
1.2
1
59,1
7
VN
0
TEXT
8
07_BANG_THONG_KE_COC_BO
10
590.45
20
-49.704
30
0.0
40
1.2
1
69,0
7
VN
0
TEXT
8
07_BANG_THONG_KE_COC_BO
10
601.25
20
-49.704
30
0.0
40
1.2
1
\U+0110\U+1EA0T
7
VN
0
TEXT
8
07_BANG_THONG_KE_COC_BO
10
611.15
20
-49.704
30
0.0
40
1.2
1
6\U+03A625 CB400-V
7
VN
0
TEXT
8
07_BANG_THONG_KE_COC_BO
10
627.35
20
-49.704
30
0.0
40
1.2
1
XO\U+1EAEN \U+03A68 a150
7
VN
0
TEXT
8
07_BANG_THONG_KE_COC_BO
10
493.25
20
-52.344
30
0.0
40
1.2
1
HV-P231
7
VN
0
TEXT
8
07_BANG_THONG_KE_COC_BO
10
505.85
20
-52.344
30
0.0
40
1.2
1
B8-D07
7
VN
0
TEXT
8
07_BANG_THONG_KE_COC_BO
10
516.65
20
-52.344
30
0.0
40
1.2
1
B\U+00C8 8
7
VN
0
TEXT
8
07_BANG_THONG_KE_COC_BO
10
524.75
20
-52.344
30
0.0
40
1.2
1
38,63
7
VN
0
TEXT
8
07_BANG_THONG_KE_COC_BO
10
535.55
20
-52.344
30
0.0
40
1.2
1
162,40
7
VN
0
TEXT
8
07_BANG_THONG_KE_COC_BO
10
546.35
20
-52.344
30
0.0
40
1.2
1
384,62
7
VN
0
TEXT
8
07_BANG_THONG_KE_COC_BO
10
555.35
20
-52.344
30
0.0
40
1.2
1
1
7
VN
0
TEXT
8
07_BANG_THONG_KE_COC_BO
10
562.55
20
-52.344
30
0.0
40
1.2
1
350
7
VN
0
TEXT
8
07_BANG_THONG_KE_COC_BO
10
570.65
20
-52.344
30
0.0
40
1.2
1
6,5
7
VN
0
TEXT
8
07_BANG_THONG_KE_COC_BO
10
579.65
20
-52.344
30
0.0
40
1.2
1
59,1
7
VN
0
TEXT
8
07_BANG_THONG_KE_COC_BO
10
590.45
20
-52.344
30
0.0
40
1.2
1
69,0
7
VN
0
TEXT
8
07_BANG_THONG_KE_COC_BO
10
601.25
20
-52.344
30
0.0
40
1.2
1
\U+0110\U+1EA0T
7
VN
0
TEXT
8
07_BANG_THONG_KE_COC_BO
10
611.15
20
-52.344
30
0.0
40
1.2
1
6\U+03A625 CB400-V
7
VN
0
TEXT
8
07_BANG_THONG_KE_COC_BO
10
627.35
20
-52.344
30
0.0
40
1.2
1
XO\U+1EAEN \U+03A68 a150
7
VN
0
TEXT
8
07_BANG_THONG_KE_COC_BO
10
493.25
20
-54.984
30
0.0
40
1.2
1
HV-P232
7
VN
0
TEXT
8
07_BANG_THONG_KE_COC_BO
10
505.85
20
-54.984
30
0.0
40
1.2
1
B8-D08
7
VN
0
TEXT
8
07_BANG_THONG_KE_COC_BO
10
516.65
20
-54.984
30
0.0
40
1.2
1
B\U+00C8 8
7
VN
0
TEXT
8
07_BANG_THONG_KE_COC_BO
10
524.75
20
-54.984
30
0.0
40
1.2
1
37,72
7
VN
0
TEXT
8
07_BANG_THONG_KE_COC_BO
10
535.55
20
-54.984
30
0.0
40
1.2
1
148,99
7
VN
0
TEXT
8
07_BANG_THONG_KE_COC_BO
10
546.35
20
-54.984
30
0.0
40
1.2
1
384,60
7
VN
0
TEXT
8
07_BANG_THONG_KE_COC_BO
10
555.35
20
-54.984
30
0.0
40
1.2
1
1
7
VN
0
TEXT
8
07_BANG_THONG_KE_COC_BO
10
562.55
20
-54.984
30
0.0
40
1.2
1
350
7
VN
0
TEXT
8
07_BANG_THONG_KE_COC_BO
10
570.65
20
-54.984
30
0.0
40
1.2
1
6,5
7
VN
0
TEXT
8
07_BANG_THONG_KE_COC_BO
10
579.65
20
-54.984
30
0.0
40
1.2
1
59,1
7
VN
0
TEXT
8
07_BANG_THONG_KE_COC_BO
10
590.45
20
-54.984
30
0.0
40
1.2
1
69,0
7
VN
0
TEXT
8
07_BANG_THONG_KE_COC_BO
10
601.25
20
-54.984
30
0.0
40
1.2
1
\U+0110\U+1EA0T
7
VN
0
TEXT
8
07_BANG_THONG_KE_COC_BO
10
611.15
20
-54.984
30
0.0
40
1.2
1
6\U+03A625 CB400-V
7
VN
0
TEXT
8
07_BANG_THONG_KE_COC_BO
10
627.35
20
-54.984
30
0.0
40
1.2
1
XO\U+1EAEN \U+03A68 a150
7
VN
0
TEXT
8
07_BANG_THONG_KE_COC_BO
10
493.25
20
-57.624
30
0.0
40
1.2
1
HV-P233
7
VN
0
TEXT
8
07_BANG_THONG_KE_COC_BO
10
505.85
20
-57.624
30
0.0
40
1.2
1
B8-D09
7
VN
0
TEXT
8
07_BANG_THONG_KE_COC_BO
10
516.65
20
-57.624
30
0.0
40
1.2
1
B\U+00C8 8
7
VN
0
TEXT
8
07_BANG_THONG_KE_COC_BO
10
524.75
20
-57.624
30
0.0
40
1.2
1
37,02
7
VN
0
TEXT
8
07_BANG_THONG_KE_COC_BO
10
535.55
20
-57.624
30
0.0
40
1.2
1
135,54
7
VN
0
TEXT
8
07_BANG_THONG_KE_COC_BO
10
546.35
20
-57.624
30
0.0
40
1.2
1
384,55
7
VN
0
TEXT
8
07_BANG_THONG_KE_COC_BO
10
555.35
20
-57.624
30
0.0
40
1.2
1
1
7
VN
0
TEXT
8
07_BANG_THONG_KE_COC_BO
10
562.55
20
-57.624
30
0.0
40
1.2
1
350
7
VN
0
TEXT
8
07_BANG_THONG_KE_COC_BO
10
570.65
20
-57.624
30
0.0
40
1.2
1
6,5
7
VN
0
TEXT
8
07_BANG_THONG_KE_COC_BO
10
579.65
20
-57.624
30
0.0
40
1.2
1
59,1
7
VN
0
TEXT
8
07_BANG_THONG_KE_COC_BO
10
590.45
20
-57.624
30
0.0
40
1.2
1
69,0
7
VN
0
TEXT
8
07_BANG_THONG_KE_COC_BO
10
601.25
20
-57.624
30
0.0
40
1.2
1
\U+0110\U+1EA0T
7
VN
0
TEXT
8
07_BANG_THONG_KE_COC_BO
10
611.15
20
-57.624
30
0.0
40
1.2
1
6\U+03A625 CB400-V
7
VN
0
TEXT
8
07_BANG_THONG_KE_COC_BO
10
627.35
20
-57.624
30
0.0
40
1.2
1
XO\U+1EAEN \U+03A68 a150
7
VN
0
TEXT
8
07_BANG_THONG_KE_COC_BO
10
493.25
20
-60.264
30
0.0
40
1.2
1
HV-P234
7
VN
0
TEXT
8
07_BANG_THONG_KE_COC_BO
10
505.85
20
-60.264
30
0.0
40
1.2
1
B8-D10
7
VN
0
TEXT
8
07_BANG_THONG_KE_COC_BO
10
516.65
20
-60.264
30
0.0
40
1.2
1
B\U+00C8 8
7
VN
0
TEXT
8
07_BANG_THONG_KE_COC_BO
10
524.75
20
-60.264
30
0.0
40
1.2
1
38,08
7
VN
0
TEXT
8
07_BANG_THONG_KE_COC_BO
10
535.55
20
-60.264
30
0.0
40
1.2
1
114,48
7
VN
0
TEXT
8
07_BANG_THONG_KE_COC_BO
10
546.35
20
-60.264
30
0.0
40
1.2
1
383,87
7
VN
0
TEXT
8
07_BANG_THONG_KE_COC_BO
10
555.35
20
-60.264
30
0.0
40
1.2
1
1
7
VN
0
TEXT
8
07_BANG_THONG_KE_COC_BO
10
562.55
20
-60.264
30
0.0
40
1.2
1
350
7
VN
0
TEXT
8
07_BANG_THONG_KE_COC_BO
10
570.65
20
-60.264
30
0.0
40
1.2
1
6,5
7
VN
0
TEXT
8
07_BANG_THONG_KE_COC_BO
10
579.65
20
-60.264
30
0.0
40
1.2
1
59,1
7
VN
0
TEXT
8
07_BANG_THONG_KE_COC_BO
10
590.45
20
-60.264
30
0.0
40
1.2
1
69,0
7
VN
0
TEXT
8
07_BANG_THONG_KE_COC_BO
10
601.25
20
-60.264
30
0.0
40
1.2
1
\U+0110\U+1EA0T
7
VN
0
TEXT
8
07_BANG_THONG_KE_COC_BO
10
611.15
20
-60.264
30
0.0
40
1.2
1
6\U+03A625 CB400-V
7
VN
0
TEXT
8
07_BANG_THONG_KE_COC_BO
10
627.35
20
-60.264
30
0.0
40
1.2
1
XO\U+1EAEN \U+03A68 a150
7
VN
0
TEXT
8
07_BANG_THONG_KE_COC_BO
10
493.25
20
-62.904
30
0.0
40
1.2
1
HV-P235
7
VN
0
TEXT
8
07_BANG_THONG_KE_COC_BO
10
505.85
20
-62.904
30
0.0
40
1.2
1
B8-D11
7
VN
0
TEXT
8
07_BANG_THONG_KE_COC_BO
10
516.65
20
-62.904
30
0.0
40
1.2
1
B\U+00C8 8
7
VN
0
TEXT
8
07_BANG_THONG_KE_COC_BO
10
524.75
20
-62.904
30
0.0
40
1.2
1
38,52
7
VN
0
TEXT
8
07_BANG_THONG_KE_COC_BO
10
535.55
20
-62.904
30
0.0
40
1.2
1
111,31
7
VN
0
TEXT
8
07_BANG_THONG_KE_COC_BO
10
546.35
20
-62.904
30
0.0
40
1.2
1
383,78
7
VN
0
TEXT
8
07_BANG_THONG_KE_COC_BO
10
555.35
20
-62.904
30
0.0
40
1.2
1
1
7
VN
0
TEXT
8
07_BANG_THONG_KE_COC_BO
10
562.55
20
-62.904
30
0.0
40
1.2
1
350
7
VN
0
TEXT
8
07_BANG_THONG_KE_COC_BO
10
570.65
20
-62.904
30
0.0
40
1.2
1
6,5
7
VN
0
TEXT
8
07_BANG_THONG_KE_COC_BO
10
579.65
20
-62.904
30
0.0
40
1.2
1
59,1
7
VN
0
TEXT
8
07_BANG_THONG_KE_COC_BO
10
590.45
20
-62.904
30
0.0
40
1.2
1
69,0
7
VN
0
TEXT
8
07_BANG_THONG_KE_COC_BO
10
601.25
20
-62.904
30
0.0
40
1.2
1
\U+0110\U+1EA0T
7
VN
0
TEXT
8
07_BANG_THONG_KE_COC_BO
10
611.15
20
-62.904
30
0.0
40
1.2
1
6\U+03A625 CB400-V
7
VN
0
TEXT
8
07_BANG_THONG_KE_COC_BO
10
627.35
20
-62.904
30
0.0
40
1.2
1
XO\U+1EAEN \U+03A68 a150
7
VN
0
TEXT
8
07_BANG_THONG_KE_COC_BO
10
493.25
20
-65.544
30
0.0
40
1.2
1
HV-P236
7
VN
0
TEXT
8
07_BANG_THONG_KE_COC_BO
10
505.85
20
-65.544
30
0.0
40
1.2
1
B8-D12
7
VN
0
TEXT
8
07_BANG_THONG_KE_COC_BO
10
516.65
20
-65.544
30
0.0
40
1.2
1
B\U+00C8 8
7
VN
0
TEXT
8
07_BANG_THONG_KE_COC_BO
10
524.75
20
-65.544
30
0.0
40
1.2
1
62,02
7
VN
0
TEXT
8
07_BANG_THONG_KE_COC_BO
10
535.55
20
-65.544
30
0.0
40
1.2
1
302,94
7
VN
0
TEXT
8
07_BANG_THONG_KE_COC_BO
10
546.35
20
-65.544
30
0.0
40
1.2
1
384,47
7
VN
0
TEXT
8
07_BANG_THONG_KE_COC_BO
10
555.35
20
-65.544
30
0.0
40
1.2
1
1
7
VN
0
TEXT
8
07_BANG_THONG_KE_COC_BO
10
562.55
20
-65.544
30
0.0
40
1.2
1
350
7
VN
0
TEXT
8
07_BANG_THONG_KE_COC_BO
10
570.65
20
-65.544
30
0.0
40
1.2
1
6,5
7
VN
0
TEXT
8
07_BANG_THONG_KE_COC_BO
10
579.65
20
-65.544
30
0.0
40
1.2
1
59,1
7
VN
0
TEXT
8
07_BANG_THONG_KE_COC_BO
10
590.45
20
-65.544
30
0.0
40
1.2
1
69,0
7
VN
0
TEXT
8
07_BANG_THONG_KE_COC_BO
10
601.25
20
-65.544
30
0.0
40
1.2
1
\U+0110\U+1EA0T
7
VN
0
TEXT
8
07_BANG_THONG_KE_COC_BO
10
611.15
20
-65.544
30
0.0
40
1.2
1
6\U+03A625 CB400-V
7
VN
0
TEXT
8
07_BANG_THONG_KE_COC_BO
10
627.35
20
-65.544
30
0.0
40
1.2
1
XO\U+1EAEN \U+03A68 a150
7
VN
0
TEXT
8
07_BANG_THONG_KE_COC_BO
10
493.25
20
-68.184
30
0.0
40
1.2
1
HV-P237
7
VN
0
TEXT
8
07_BANG_THONG_KE_COC_BO
10
505.85
20
-68.184
30
0.0
40
1.2
1
B8-D13
7
VN
0
TEXT
8
07_BANG_THONG_KE_COC_BO
10
516.65
20
-68.184
30
0.0
40
1.2
1
B\U+00C8 8
7
VN
0
TEXT
8
07_BANG_THONG_KE_COC_BO
10
524.75
20
-68.184
30
0.0
40
1.2
1
149,97
7
VN
0
TEXT
8
07_BANG_THONG_KE_COC_BO
10
535.55
20
-68.184
30
0.0
40
1.2
1
284,17
7
VN
0
TEXT
8
07_BANG_THONG_KE_COC_BO
10
546.35
20
-68.184
30
0.0
40
1.2
1
384,40
7
VN
0
TEXT
8
07_BANG_THONG_KE_COC_BO
10
555.35
20
-68.184
30
0.0
40
1.2
1
1
7
VN
0
TEXT
8
07_BANG_THONG_KE_COC_BO
10
562.55
20
-68.184
30
0.0
40
1.2
1
350
7
VN
0
TEXT
8
07_BANG_THONG_KE_COC_BO
10
570.65
20
-68.184
30
0.0
40
1.2
1
6,5
7
VN
0
TEXT
8
07_BANG_THONG_KE_COC_BO
10
579.65
20
-68.184
30
0.0
40
1.2
1
59,1
7
VN
0
TEXT
8
07_BANG_THONG_KE_COC_BO
10
590.45
20
-68.184
30
0.0
40
1.2
1
69,0
7
VN
0
TEXT
8
07_BANG_THONG_KE_COC_BO
10
601.25
20
-68.184
30
0.0
40
1.2
1
\U+0110\U+1EA0T
7
VN
0
TEXT
8
07_BANG_THONG_KE_COC_BO
10
611.15
20
-68.184
30
0.0
40
1.2
1
6\U+03A625 CB400-V
7
VN
0
TEXT
8
07_BANG_THONG_KE_COC_BO
10
627.35
20
-68.184
30
0.0
40
1.2
1
XO\U+1EAEN \U+03A68 a150
7
VN
0
TEXT
8
07_BANG_THONG_KE_COC_BO
10
493.25
20
-70.824
30
0.0
40
1.2
1
HV-P238
7
VN
0
TEXT
8
07_BANG_THONG_KE_COC_BO
10
505.85
20
-70.824
30
0.0
40
1.2
1
B8-D14
7
VN
0
TEXT
8
07_BANG_THONG_KE_COC_BO
10
516.65
20
-70.824
30
0.0
40
1.2
1
B\U+00C8 8
7
VN
0
TEXT
8
07_BANG_THONG_KE_COC_BO
10
524.75
20
-70.824
30
0.0
40
1.2
1
159,54
7
VN
0
TEXT
8
07_BANG_THONG_KE_COC_BO
10
535.55
20
-70.824
30
0.0
40
1.2
1
249,74
7
VN
0
TEXT
8
07_BANG_THONG_KE_COC_BO
10
546.35
20
-70.824
30
0.0
40
1.2
1
384,23
7
VN
0
TEXT
8
07_BANG_THONG_KE_COC_BO
10
555.35
20
-70.824
30
0.0
40
1.2
1
1
7
VN
0
TEXT
8
07_BANG_THONG_KE_COC_BO
10
562.55
20
-70.824
30
0.0
40
1.2
1
350
7
VN
0
TEXT
8
07_BANG_THONG_KE_COC_BO
10
570.65
20
-70.824
30
0.0
40
1.2
1
6,5
7
VN
0
TEXT
8
07_BANG_THONG_KE_COC_BO
10
579.65
20
-70.824
30
0.0
40
1.2
1
59,1
7
VN
0
TEXT
8
07_BANG_THONG_KE_COC_BO
10
590.45
20
-70.824
30
0.0
40
1.2
1
69,0
7
VN
0
TEXT
8
07_BANG_THONG_KE_COC_BO
10
601.25
20
-70.824
30
0.0
40
1.2
1
\U+0110\U+1EA0T
7
VN
0
TEXT
8
07_BANG_THONG_KE_COC_BO
10
611.15
20
-70.824
30
0.0
40
1.2
1
6\U+03A625 CB400-V
7
VN
0
TEXT
8
07_BANG_THONG_KE_COC_BO
10
627.35
20
-70.824
30
0.0
40
1.2
1
XO\U+1EAEN \U+03A68 a150
7
VN
0
TEXT
8
07_BANG_THONG_KE_COC_BO
10
493.25
20
-73.464
30
0.0
40
1.2
1
HV-P239
7
VN
0
TEXT
8
07_BANG_THONG_KE_COC_BO
10
505.85
20
-73.464
30
0.0
40
1.2
1
B8-D15
7
VN
0
TEXT
8
07_BANG_THONG_KE_COC_BO
10
516.65
20
-73.464
30
0.0
40
1.2
1
B\U+00C8 8
7
VN
0
TEXT
8
07_BANG_THONG_KE_COC_BO
10
524.75
20
-73.464
30
0.0
40
1.2
1
157,94
7
VN
0
TEXT
8
07_BANG_THONG_KE_COC_BO
10
535.55
20
-73.464
30
0.0
40
1.2
1
269,34
7
VN
0
TEXT
8
07_BANG_THONG_KE_COC_BO
10
546.35
20
-73.464
30
0.0
40
1.2
1
384,88
7
VN
0
TEXT
8
07_BANG_THONG_KE_COC_BO
10
555.35
20
-73.464
30
0.0
40
1.2
1
1
7
VN
0
TEXT
8
07_BANG_THONG_KE_COC_BO
10
562.55
20
-73.464
30
0.0
40
1.2
1
350
7
VN
0
TEXT
8
07_BANG_THONG_KE_COC_BO
10
570.65
20
-73.464
30
0.0
40
1.2
1
6,5
7
VN
0
TEXT
8
07_BANG_THONG_KE_COC_BO
10
579.65
20
-73.464
30
0.0
40
1.2
1
59,1
7
VN
0
TEXT
8
07_BANG_THONG_KE_COC_BO
10
590.45
20
-73.464
30
0.0
40
1.2
1
69,0
7
VN
0
TEXT
8
07_BANG_THONG_KE_COC_BO
10
601.25
20
-73.464
30
0.0
40
1.2
1
\U+0110\U+1EA0T
7
VN
0
TEXT
8
07_BANG_THONG_KE_COC_BO
10
611.15
20
-73.464
30
0.0
40
1.2
1
6\U+03A625 CB400-V
7
VN
0
TEXT
8
07_BANG_THONG_KE_COC_BO
10
627.35
20
-73.464
30
0.0
40
1.2
1
XO\U+1EAEN \U+03A68 a150
7
VN
0
TEXT
8
07_BANG_THONG_KE_COC_BO
10
493.25
20
-76.104
30
0.0
40
1.2
1
HV-P240
7
VN
0
TEXT
8
07_BANG_THONG_KE_COC_BO
10
505.85
20
-76.104
30
0.0
40
1.2
1
B8-D16
7
VN
0
TEXT
8
07_BANG_THONG_KE_COC_BO
10
516.65
20
-76.104
30
0.0
40
1.2
1
B\U+00C8 8
7
VN
0
TEXT
8
07_BANG_THONG_KE_COC_BO
10
524.75
20
-76.104
30
0.0
40
1.2
1
35,30
7
VN
0
TEXT
8
07_BANG_THONG_KE_COC_BO
10
535.55
20
-76.104
30
0.0
40
1.2
1
256,25
7
VN
0
TEXT
8
07_BANG_THONG_KE_COC_BO
10
546.35
20
-76.104
30
0.0
40
1.2
1
384,42
7
VN
0
TEXT
8
07_BANG_THONG_KE_COC_BO
10
555.35
20
-76.104
30
0.0
40
1.2
1
1
7
VN
0
TEXT
8
07_BANG_THONG_KE_COC_BO
10
562.55
20
-76.104
30
0.0
40
1.2
1
350
7
VN
0
TEXT
8
07_BANG_THONG_KE_COC_BO
10
570.65
20
-76.104
30
0.0
40
1.2
1
6,5
7
VN
0
TEXT
8
07_BANG_THONG_KE_COC_BO
10
579.65
20
-76.104
30
0.0
40
1.2
1
59,1
7
VN
0
TEXT
8
07_BANG_THONG_KE_COC_BO
10
590.45
20
-76.104
30
0.0
40
1.2
1
69,0
7
VN
0
TEXT
8
07_BANG_THONG_KE_COC_BO
10
601.25
20
-76.104
30
0.0
40
1.2
1
\U+0110\U+1EA0T
7
VN
0
TEXT
8
07_BANG_THONG_KE_COC_BO
10
611.15
20
-76.104
30
0.0
40
1.2
1
6\U+03A625 CB400-V
7
VN
0
TEXT
8
07_BANG_THONG_KE_COC_BO
10
627.35
20
-76.104
30
0.0
40
1.2
1
XO\U+1EAEN \U+03A68 a150
7
VN
0
TEXT
8
07_BANG_THONG_KE_COC_BO
10
493.25
20
-78.744
30
0.0
40
1.2
1
HV-P241
7
VN
0
TEXT
8
07_BANG_THONG_KE_COC_BO
10
505.85
20
-78.744
30
0.0
40
1.2
1
B8-D17
7
VN
0
TEXT
8
07_BANG_THONG_KE_COC_BO
10
516.65
20
-78.744
30
0.0
40
1.2
1
B\U+00C8 8
7
VN
0
TEXT
8
07_BANG_THONG_KE_COC_BO
10
524.75
20
-78.744
30
0.0
40
1.2
1
36,05
7
VN
0
TEXT
8
07_BANG_THONG_KE_COC_BO
10
535.55
20
-78.744
30
0.0
40
1.2
1
238,18
7
VN
0
TEXT
8
07_BANG_THONG_KE_COC_BO
10
546.35
20
-78.744
30
0.0
40
1.2
1
384,37
7
VN
0
TEXT
8
07_BANG_THONG_KE_COC_BO
10
555.35
20
-78.744
30
0.0
40
1.2
1
1
7
VN
0
TEXT
8
07_BANG_THONG_KE_COC_BO
10
562.55
20
-78.744
30
0.0
40
1.2
1
350
7
VN
0
TEXT
8
07_BANG_THONG_KE_COC_BO
10
570.65
20
-78.744
30
0.0
40
1.2
1
6,5
7
VN
0
TEXT
8
07_BANG_THONG_KE_COC_BO
10
579.65
20
-78.744
30
0.0
40
1.2
1
59,1
7
VN
0
TEXT
8
07_BANG_THONG_KE_COC_BO
10
590.45
20
-78.744
30
0.0
40
1.2
1
69,0
7
VN
0
TEXT
8
07_BANG_THONG_KE_COC_BO
10
601.25
20
-78.744
30
0.0
40
1.2
1
\U+0110\U+1EA0T
7
VN
0
TEXT
8
07_BANG_THONG_KE_COC_BO
10
611.15
20
-78.744
30
0.0
40
1.2
1
6\U+03A625 CB400-V
7
VN
0
TEXT
8
07_BANG_THONG_KE_COC_BO
10
627.35
20
-78.744
30
0.0
40
1.2
1
XO\U+1EAEN \U+03A68 a150
7
VN
0
TEXT
8
07_BANG_THONG_KE_COC_BO
10
493.25
20
-81.384
30
0.0
40
1.2
1
HV-P242
7
VN
0
TEXT
8
07_BANG_THONG_KE_COC_BO
10
505.85
20
-81.384
30
0.0
40
1.2
1
B8-D18
7
VN
0
TEXT
8
07_BANG_THONG_KE_COC_BO
10
516.65
20
-81.384
30
0.0
40
1.2
1
B\U+00C8 8
7
VN
0
TEXT
8
07_BANG_THONG_KE_COC_BO
10
524.75
20
-81.384
30
0.0
40
1.2
1
49,56
7
VN
0
TEXT
8
07_BANG_THONG_KE_COC_BO
10
535.55
20
-81.384
30
0.0
40
1.2
1
290,47
7
VN
0
TEXT
8
07_BANG_THONG_KE_COC_BO
10
546.35
20
-81.384
30
0.0
40
1.2
1
384,18
7
VN
0
TEXT
8
07_BANG_THONG_KE_COC_BO
10
555.35
20
-81.384
30
0.0
40
1.2
1
1
7
VN
0
TEXT
8
07_BANG_THONG_KE_COC_BO
10
562.55
20
-81.384
30
0.0
40
1.2
1
350
7
VN
0
TEXT
8
07_BANG_THONG_KE_COC_BO
10
570.65
20
-81.384
30
0.0
40
1.2
1
6,5
7
VN
0
TEXT
8
07_BANG_THONG_KE_COC_BO
10
579.65
20
-81.384
30
0.0
40
1.2
1
59,1
7
VN
0
TEXT
8
07_BANG_THONG_KE_COC_BO
10
590.45
20
-81.384
30
0.0
40
1.2
1
69,0
7
VN
0
TEXT
8
07_BANG_THONG_KE_COC_BO
10
601.25
20
-81.384
30
0.0
40
1.2
1
\U+0110\U+1EA0T
7
VN
0
TEXT
8
07_BANG_THONG_KE_COC_BO
10
611.15
20
-81.384
30
0.0
40
1.2
1
6\U+03A625 CB400-V
7
VN
0
TEXT
8
07_BANG_THONG_KE_COC_BO
10
627.35
20
-81.384
30
0.0
40
1.2
1
XO\U+1EAEN \U+03A68 a150
7
VN
0
TEXT
8
07_BANG_THONG_KE_COC_BO
10
493.25
20
-84.024
30
0.0
40
1.2
1
HV-P243
7
VN
0
TEXT
8
07_BANG_THONG_KE_COC_BO
10
505.85
20
-84.024
30
0.0
40
1.2
1
B8-D19
7
VN
0
TEXT
8
07_BANG_THONG_KE_COC_BO
10
516.65
20
-84.024
30
0.0
40
1.2
1
B\U+00C8 8
7
VN
0
TEXT
8
07_BANG_THONG_KE_COC_BO
10
524.75
20
-84.024
30
0.0
40
1.2
1
51,82
7
VN
0
TEXT
8
07_BANG_THONG_KE_COC_BO
10
535.55
20
-84.024
30
0.0
40
1.2
1
292,73
7
VN
0
TEXT
8
07_BANG_THONG_KE_COC_BO
10
546.35
20
-84.024
30
0.0
40
1.2
1
384,32
7
VN
0
TEXT
8
07_BANG_THONG_KE_COC_BO
10
555.35
20
-84.024
30
0.0
40
1.2
1
1
7
VN
0
TEXT
8
07_BANG_THONG_KE_COC_BO
10
562.55
20
-84.024
30
0.0
40
1.2
1
350
7
VN
0
TEXT
8
07_BANG_THONG_KE_COC_BO
10
570.65
20
-84.024
30
0.0
40
1.2
1
6,5
7
VN
0
TEXT
8
07_BANG_THONG_KE_COC_BO
10
579.65
20
-84.024
30
0.0
40
1.2
1
59,1
7
VN
0
TEXT
8
07_BANG_THONG_KE_COC_BO
10
590.45
20
-84.024
30
0.0
40
1.2
1
69,0
7
VN
0
TEXT
8
07_BANG_THONG_KE_COC_BO
10
601.25
20
-84.024
30
0.0
40
1.2
1
\U+0110\U+1EA0T
7
VN
0
TEXT
8
07_BANG_THONG_KE_COC_BO
10
611.15
20
-84.024
30
0.0
40
1.2
1
6\U+03A625 CB400-V
7
VN
0
TEXT
8
07_BANG_THONG_KE_COC_BO
10
627.35
20
-84.024
30
0.0
40
1.2
1
XO\U+1EAEN \U+03A68 a150
7
VN
0
TEXT
8
07_BANG_THONG_KE_COC_BO
10
493.25
20
-86.664
30
0.0
40
1.2
1
HV-P244
7
VN
0
TEXT
8
07_BANG_THONG_KE_COC_BO
10
505.85
20
-86.664
30
0.0
40
1.2
1
B8-D20
7
VN
0
TEXT
8
07_BANG_THONG_KE_COC_BO
10
516.65
20
-86.664
30
0.0
40
1.2
1
B\U+00C8 8
7
VN
0
TEXT
8
07_BANG_THONG_KE_COC_BO
10
524.75
20
-86.664
30
0.0
40
1.2
1
59,49
7
VN
0
TEXT
8
07_BANG_THONG_KE_COC_BO
10
535.55
20
-86.664
30
0.0
40
1.2
1
300,62
7
VN
0
TEXT
8
07_BANG_THONG_KE_COC_BO
10
546.35
20
-86.664
30
0.0
40
1.2
1
384,49
7
VN
0
TEXT
8
07_BANG_THONG_KE_COC_BO
10
555.35
20
-86.664
30
0.0
40
1.2
1
1
7
VN
0
TEXT
8
07_BANG_THONG_KE_COC_BO
10
562.55
20
-86.664
30
0.0
40
1.2
1
350
7
VN
0
TEXT
8
07_BANG_THONG_KE_COC_BO
10
570.65
20
-86.664
30
0.0
40
1.2
1
6,5
7
VN
0
TEXT
8
07_BANG_THONG_KE_COC_BO
10
579.65
20
-86.664
30
0.0
40
1.2
1
59,1
7
VN
0
TEXT
8
07_BANG_THONG_KE_COC_BO
10
590.45
20
-86.664
30
0.0
40
1.2
1
69,0
7
VN
0
TEXT
8
07_BANG_THONG_KE_COC_BO
10
601.25
20
-86.664
30
0.0
40
1.2
1
\U+0110\U+1EA0T
7
VN
0
TEXT
8
07_BANG_THONG_KE_COC_BO
10
611.15
20
-86.664
30
0.0
40
1.2
1
6\U+03A625 CB400-V
7
VN
0
TEXT
8
07_BANG_THONG_KE_COC_BO
10
627.35
20
-86.664
30
0.0
40
1.2
1
XO\U+1EAEN \U+03A68 a150
7
VN
0
TEXT
8
07_BANG_THONG_KE_COC_BO
10
493.25
20
-89.304
30
0.0
40
1.2
1
HV-P245
7
VN
0
TEXT
8
07_BANG_THONG_KE_COC_BO
10
505.85
20
-89.304
30
0.0
40
1.2
1
B8-D21
7
VN
0
TEXT
8
07_BANG_THONG_KE_COC_BO
10
516.65
20
-89.304
30
0.0
40
1.2
1
B\U+00C8 8
7
VN
0
TEXT
8
07_BANG_THONG_KE_COC_BO
10
524.75
20
-89.304
30
0.0
40
1.2
1
38,78
7
VN
0
TEXT
8
07_BANG_THONG_KE_COC_BO
10
535.55
20
-89.304
30
0.0
40
1.2
1
273,12
7
VN
0
TEXT
8
07_BANG_THONG_KE_COC_BO
10
546.35
20
-89.304
30
0.0
40
1.2
1
384,08
7
VN
0
TEXT
8
07_BANG_THONG_KE_COC_BO
10
555.35
20
-89.304
30
0.0
40
1.2
1
1
7
VN
0
TEXT
8
07_BANG_THONG_KE_COC_BO
10
562.55
20
-89.304
30
0.0
40
1.2
1
350
7
VN
0
TEXT
8
07_BANG_THONG_KE_COC_BO
10
570.65
20
-89.304
30
0.0
40
1.2
1
6,5
7
VN
0
TEXT
8
07_BANG_THONG_KE_COC_BO
10
579.65
20
-89.304
30
0.0
40
1.2
1
59,1
7
VN
0
TEXT
8
07_BANG_THONG_KE_COC_BO
10
590.45
20
-89.304
30
0.0
40
1.2
1
69,0
7
VN
0
TEXT
8
07_BANG_THONG_KE_COC_BO
10
601.25
20
-89.304
30
0.0
40
1.2
1
\U+0110\U+1EA0T
7
VN
0
TEXT
8
07_BANG_THONG_KE_COC_BO
10
611.15
20
-89.304
30
0.0
40
1.2
1
6\U+03A625 CB400-V
7
VN
0
TEXT
8
07_BANG_THONG_KE_COC_BO
10
627.35
20
-89.304
30
0.0
40
1.2
1
XO\U+1EAEN \U+03A68 a150
7
VN
0
TEXT
8
07_BANG_THONG_KE_COC_BO
10
493.25
20
-91.944
30
0.0
40
1.2
1
HV-P246
7
VN
0
TEXT
8
07_BANG_THONG_KE_COC_BO
10
505.85
20
-91.944
30
0.0
40
1.2
1
B8-D22
7
VN
0
TEXT
8
07_BANG_THONG_KE_COC_BO
10
516.65
20
-91.944
30
0.0
40
1.2
1
B\U+00C8 8
7
VN
0
TEXT
8
07_BANG_THONG_KE_COC_BO
10
524.75
20
-91.944
30
0.0
40
1.2
1
36,92
7
VN
0
TEXT
8
07_BANG_THONG_KE_COC_BO
10
535.55
20
-91.944
30
0.0
40
1.2
1
247,25
7
VN
0
TEXT
8
07_BANG_THONG_KE_COC_BO
10
546.35
20
-91.944
30
0.0
40
1.2
1
384,01
7
VN
0
TEXT
8
07_BANG_THONG_KE_COC_BO
10
555.35
20
-91.944
30
0.0
40
1.2
1
1
7
VN
0
TEXT
8
07_BANG_THONG_KE_COC_BO
10
562.55
20
-91.944
30
0.0
40
1.2
1
350
7
VN
0
TEXT
8
07_BANG_THONG_KE_COC_BO
10
570.65
20
-91.944
30
0.0
40
1.2
1
6,5
7
VN
0
TEXT
8
07_BANG_THONG_KE_COC_BO
10
579.65
20
-91.944
30
0.0
40
1.2
1
59,1
7
VN
0
TEXT
8
07_BANG_THONG_KE_COC_BO
10
590.45
20
-91.944
30
0.0
40
1.2
1
69,0
7
VN
0
TEXT
8
07_BANG_THONG_KE_COC_BO
10
601.25
20
-91.944
30
0.0
40
1.2
1
\U+0110\U+1EA0T
7
VN
0
TEXT
8
07_BANG_THONG_KE_COC_BO
10
611.15
20
-91.944
30
0.0
40
1.2
1
6\U+03A625 CB400-V
7
VN
0
TEXT
8
07_BANG_THONG_KE_COC_BO
10
627.35
20
-91.944
30
0.0
40
1.2
1
XO\U+1EAEN \U+03A68 a150
7
VN
0
TEXT
8
07_BANG_THONG_KE_COC_BO
10
493.25
20
-94.584
30
0.0
40
1.2
1
HV-P247
7
VN
0
TEXT
8
07_BANG_THONG_KE_COC_BO
10
505.85
20
-94.584
30
0.0
40
1.2
1
B8-D23
7
VN
0
TEXT
8
07_BANG_THONG_KE_COC_BO
10
516.65
20
-94.584
30
0.0
40
1.2
1
B\U+00C8 8
7
VN
0
TEXT
8
07_BANG_THONG_KE_COC_BO
10
524.75
20
-94.584
30
0.0
40
1.2
1
38,42
7
VN
0
TEXT
8
07_BANG_THONG_KE_COC_BO
10
535.55
20
-94.584
30
0.0
40
1.2
1
226,68
7
VN
0
TEXT
8
07_BANG_THONG_KE_COC_BO
10
546.35
20
-94.584
30
0.0
40
1.2
1
384,07
7
VN
0
TEXT
8
07_BANG_THONG_KE_COC_BO
10
555.35
20
-94.584
30
0.0
40
1.2
1
1
7
VN
0
TEXT
8
07_BANG_THONG_KE_COC_BO
10
562.55
20
-94.584
30
0.0
40
1.2
1
350
7
VN
0
TEXT
8
07_BANG_THONG_KE_COC_BO
10
570.65
20
-94.584
30
0.0
40
1.2
1
6,5
7
VN
0
TEXT
8
07_BANG_THONG_KE_COC_BO
10
579.65
20
-94.584
30
0.0
40
1.2
1
59,1
7
VN
0
TEXT
8
07_BANG_THONG_KE_COC_BO
10
590.45
20
-94.584
30
0.0
40
1.2
1
69,0
7
VN
0
TEXT
8
07_BANG_THONG_KE_COC_BO
10
601.25
20
-94.584
30
0.0
40
1.2
1
\U+0110\U+1EA0T
7
VN
0
TEXT
8
07_BANG_THONG_KE_COC_BO
10
611.15
20
-94.584
30
0.0
40
1.2
1
6\U+03A625 CB400-V
7
VN
0
TEXT
8
07_BANG_THONG_KE_COC_BO
10
627.35
20
-94.584
30
0.0
40
1.2
1
XO\U+1EAEN \U+03A68 a150
7
VN
0
TEXT
8
07_BANG_THONG_KE_COC_BO
10
493.25
20
-97.224
30
0.0
40
1.2
1
HV-P248
7
VN
0
TEXT
8
07_BANG_THONG_KE_COC_BO
10
505.85
20
-97.224
30
0.0
40
1.2
1
B8-D24
7
VN
0
TEXT
8
07_BANG_THONG_KE_COC_BO
10
516.65
20
-97.224
30
0.0
40
1.2
1
B\U+00C8 8
7
VN
0
TEXT
8
07_BANG_THONG_KE_COC_BO
10
524.75
20
-97.224
30
0.0
40
1.2
1
40,75
7
VN
0
TEXT
8
07_BANG_THONG_KE_COC_BO
10
535.55
20
-97.224
30
0.0
40
1.2
1
211,45
7
VN
0
TEXT
8
07_BANG_THONG_KE_COC_BO
10
546.35
20
-97.224
30
0.0
40
1.2
1
384,10
7
VN
0
TEXT
8
07_BANG_THONG_KE_COC_BO
10
555.35
20
-97.224
30
0.0
40
1.2
1
1
7
VN
0
TEXT
8
07_BANG_THONG_KE_COC_BO
10
562.55
20
-97.224
30
0.0
40
1.2
1
350
7
VN
0
TEXT
8
07_BANG_THONG_KE_COC_BO
10
570.65
20
-97.224
30
0.0
40
1.2
1
6,5
7
VN
0
TEXT
8
07_BANG_THONG_KE_COC_BO
10
579.65
20
-97.224
30
0.0
40
1.2
1
59,1
7
VN
0
TEXT
8
07_BANG_THONG_KE_COC_BO
10
590.45
20
-97.224
30
0.0
40
1.2
1
69,0
7
VN
0
TEXT
8
07_BANG_THONG_KE_COC_BO
10
601.25
20
-97.224
30
0.0
40
1.2
1
\U+0110\U+1EA0T
7
VN
0
TEXT
8
07_BANG_THONG_KE_COC_BO
10
611.15
20
-97.224
30
0.0
40
1.2
1
6\U+03A625 CB400-V
7
VN
0
TEXT
8
07_BANG_THONG_KE_COC_BO
10
627.35
20
-97.224
30
0.0
40
1.2
1
XO\U+1EAEN \U+03A68 a150
7
VN
0
TEXT
8
07_BANG_THONG_KE_COC_BO
10
493.25
20
-99.864
30
0.0
40
1.2
1
HV-P249
7
VN
0
TEXT
8
07_BANG_THONG_KE_COC_BO
10
505.85
20
-99.864
30
0.0
40
1.2
1
B8-D25
7
VN
0
TEXT
8
07_BANG_THONG_KE_COC_BO
10
516.65
20
-99.864
30
0.0
40
1.2
1
B\U+00C8 8
7
VN
0
TEXT
8
07_BANG_THONG_KE_COC_BO
10
524.75
20
-99.864
30
0.0
40
1.2
1
43,70
7
VN
0
TEXT
8
07_BANG_THONG_KE_COC_BO
10
535.55
20
-99.864
30
0.0
40
1.2
1
200,47
7
VN
0
TEXT
8
07_BANG_THONG_KE_COC_BO
10
546.35
20
-99.864
30
0.0
40
1.2
1
384,02
7
VN
0
TEXT
8
07_BANG_THONG_KE_COC_BO
10
555.35
20
-99.864
30
0.0
40
1.2
1
1
7
VN
0
TEXT
8
07_BANG_THONG_KE_COC_BO
10
562.55
20
-99.864
30
0.0
40
1.2
1
350
7
VN
0
TEXT
8
07_BANG_THONG_KE_COC_BO
10
570.65
20
-99.864
30
0.0
40
1.2
1
6,5
7
VN
0
TEXT
8
07_BANG_THONG_KE_COC_BO
10
579.65
20
-99.864
30
0.0
40
1.2
1
59,1
7
VN
0
TEXT
8
07_BANG_THONG_KE_COC_BO
10
590.45
20
-99.864
30
0.0
40
1.2
1
69,0
7
VN
0
TEXT
8
07_BANG_THONG_KE_COC_BO
10
601.25
20
-99.864
30
0.0
40
1.2
1
\U+0110\U+1EA0T
7
VN
0
TEXT
8
07_BANG_THONG_KE_COC_BO
10
611.15
20
-99.864
30
0.0
40
1.2
1
6\U+03A625 CB400-V
7
VN
0
TEXT
8
07_BANG_THONG_KE_COC_BO
10
627.35
20
-99.864
30
0.0
40
1.2
1
XO\U+1EAEN \U+03A68 a150
7
VN
0
TEXT
8
07_BANG_THONG_KE_COC_BO
10
493.25
20
-102.504
30
0.0
40
1.2
1
HV-P250
7
VN
0
TEXT
8
07_BANG_THONG_KE_COC_BO
10
505.85
20
-102.504
30
0.0
40
1.2
1
B8-D26
7
VN
0
TEXT
8
07_BANG_THONG_KE_COC_BO
10
516.65
20
-102.504
30
0.0
40
1.2
1
B\U+00C8 8
7
VN
0
TEXT
8
07_BANG_THONG_KE_COC_BO
10
524.75
20
-102.504
30
0.0
40
1.2
1
42,00
7
VN
0
TEXT
8
07_BANG_THONG_KE_COC_BO
10
535.55
20
-102.504
30
0.0
40
1.2
1
175,20
7
VN
0
TEXT
8
07_BANG_THONG_KE_COC_BO
10
546.35
20
-102.504
30
0.0
40
1.2
1
384,04
7
VN
0
TEXT
8
07_BANG_THONG_KE_COC_BO
10
555.35
20
-102.504
30
0.0
40
1.2
1
1
7
VN
0
TEXT
8
07_BANG_THONG_KE_COC_BO
10
562.55
20
-102.504
30
0.0
40
1.2
1
350
7
VN
0
TEXT
8
07_BANG_THONG_KE_COC_BO
10
570.65
20
-102.504
30
0.0
40
1.2
1
6,5
7
VN
0
TEXT
8
07_BANG_THONG_KE_COC_BO
10
579.65
20
-102.504
30
0.0
40
1.2
1
59,1
7
VN
0
TEXT
8
07_BANG_THONG_KE_COC_BO
10
590.45
20
-102.504
30
0.0
40
1.2
1
69,0
7
VN
0
TEXT
8
07_BANG_THONG_KE_COC_BO
10
601.25
20
-102.504
30
0.0
40
1.2
1
\U+0110\U+1EA0T
7
VN
0
TEXT
8
07_BANG_THONG_KE_COC_BO
10
611.15
20
-102.504
30
0.0
40
1.2
1
6\U+03A625 CB400-V
7
VN
0
TEXT
8
07_BANG_THONG_KE_COC_BO
10
627.35
20
-102.504
30
0.0
40
1.2
1
XO\U+1EAEN \U+03A68 a150
7
VN
0
TEXT
8
07_BANG_THONG_KE_COC_BO
10
493.25
20
-105.144
30
0.0
40
1.2
1
HV-P251
7
VN
0
TEXT
8
07_BANG_THONG_KE_COC_BO
10
505.85
20
-105.144
30
0.0
40
1.2
1
B8-D27
7
VN
0
TEXT
8
07_BANG_THONG_KE_COC_BO
10
516.65
20
-105.144
30
0.0
40
1.2
1
B\U+00C8 8
7
VN
0
TEXT
8
07_BANG_THONG_KE_COC_BO
10
524.75
20
-105.144
30
0.0
40
1.2
1
37,77
7
VN
0
TEXT
8
07_BANG_THONG_KE_COC_BO
10
535.55
20
-105.144
30
0.0
40
1.2
1
131,51
7
VN
0
TEXT
8
07_BANG_THONG_KE_COC_BO
10
546.35
20
-105.144
30
0.0
40
1.2
1
384,06
7
VN
0
TEXT
8
07_BANG_THONG_KE_COC_BO
10
555.35
20
-105.144
30
0.0
40
1.2
1
1
7
VN
0
TEXT
8
07_BANG_THONG_KE_COC_BO
10
562.55
20
-105.144
30
0.0
40
1.2
1
350
7
VN
0
TEXT
8
07_BANG_THONG_KE_COC_BO
10
570.65
20
-105.144
30
0.0
40
1.2
1
6,5
7
VN
0
TEXT
8
07_BANG_THONG_KE_COC_BO
10
579.65
20
-105.144
30
0.0
40
1.2
1
59,1
7
VN
0
TEXT
8
07_BANG_THONG_KE_COC_BO
10
590.45
20
-105.144
30
0.0
40
1.2
1
69,0
7
VN
0
TEXT
8
07_BANG_THONG_KE_COC_BO
10
601.25
20
-105.144
30
0.0
40
1.2
1
\U+0110\U+1EA0T
7
VN
0
TEXT
8
07_BANG_THONG_KE_COC_BO
10
611.15
20
-105.144
30
0.0
40
1.2
1
6\U+03A625 CB400-V
7
VN
0
TEXT
8
07_BANG_THONG_KE_COC_BO
10
627.35
20
-105.144
30
0.0
40
1.2
1
XO\U+1EAEN \U+03A68 a150
7
VN
0
TEXT
8
07_BANG_THONG_KE_COC_BO
10
493.25
20
-107.784
30
0.0
40
1.2
1
HV-P252
7
VN
0
TEXT
8
07_BANG_THONG_KE_COC_BO
10
505.85
20
-107.784
30
0.0
40
1.2
1
B8-D28
7
VN
0
TEXT
8
07_BANG_THONG_KE_COC_BO
10
516.65
20
-107.784
30
0.0
40
1.2
1
B\U+00C8 8
7
VN
0
TEXT
8
07_BANG_THONG_KE_COC_BO
10
524.75
20
-107.784
30
0.0
40
1.2
1
47,33
7
VN
0
TEXT
8
07_BANG_THONG_KE_COC_BO
10
535.55
20
-107.784
30
0.0
40
1.2
1
71,85
7
VN
0
TEXT
8
07_BANG_THONG_KE_COC_BO
10
546.35
20
-107.784
30
0.0
40
1.2
1
384,01
7
VN
0
TEXT
8
07_BANG_THONG_KE_COC_BO
10
555.35
20
-107.784
30
0.0
40
1.2
1
1
7
VN
0
TEXT
8
07_BANG_THONG_KE_COC_BO
10
562.55
20
-107.784
30
0.0
40
1.2
1
350
7
VN
0
TEXT
8
07_BANG_THONG_KE_COC_BO
10
570.65
20
-107.784
30
0.0
40
1.2
1
6,5
7
VN
0
TEXT
8
07_BANG_THONG_KE_COC_BO
10
579.65
20
-107.784
30
0.0
40
1.2
1
59,1
7
VN
0
TEXT
8
07_BANG_THONG_KE_COC_BO
10
590.45
20
-107.784
30
0.0
40
1.2
1
69,0
7
VN
0
TEXT
8
07_BANG_THONG_KE_COC_BO
10
601.25
20
-107.784
30
0.0
40
1.2
1
\U+0110\U+1EA0T
7
VN
0
TEXT
8
07_BANG_THONG_KE_COC_BO
10
611.15
20
-107.784
30
0.0
40
1.2
1
6\U+03A625 CB400-V
7
VN
0
TEXT
8
07_BANG_THONG_KE_COC_BO
10
627.35
20
-107.784
30
0.0
40
1.2
1
XO\U+1EAEN \U+03A68 a150
7
VN
0
TEXT
8
07_BANG_THONG_KE_COC_BO
10
493.25
20
-110.424
30
0.0
40
1.2
1
HV-P257
7
VN
0
TEXT
8
07_BANG_THONG_KE_COC_BO
10
505.85
20
-110.424
30
0.0
40
1.2
1
B8-D33
7
VN
0
TEXT
8
07_BANG_THONG_KE_COC_BO
10
516.65
20
-110.424
30
0.0
40
1.2
1
B\U+00C8 8
7
VN
0
TEXT
8
07_BANG_THONG_KE_COC_BO
10
524.75
20
-110.424
30
0.0
40
1.2
1
183,30
7
VN
0
TEXT
8
07_BANG_THONG_KE_COC_BO
10
535.55
20
-110.424
30
0.0
40
1.2
1
111,63
7
VN
0
TEXT
8
07_BANG_THONG_KE_COC_BO
10
546.35
20
-110.424
30
0.0
40
1.2
1
384,17
7
VN
0
TEXT
8
07_BANG_THONG_KE_COC_BO
10
555.35
20
-110.424
30
0.0
40
1.2
1
1
7
VN
0
TEXT
8
07_BANG_THONG_KE_COC_BO
10
562.55
20
-110.424
30
0.0
40
1.2
1
350
7
VN
0
TEXT
8
07_BANG_THONG_KE_COC_BO
10
570.65
20
-110.424
30
0.0
40
1.2
1
6,5
7
VN
0
TEXT
8
07_BANG_THONG_KE_COC_BO
10
579.65
20
-110.424
30
0.0
40
1.2
1
59,1
7
VN
0
TEXT
8
07_BANG_THONG_KE_COC_BO
10
590.45
20
-110.424
30
0.0
40
1.2
1
69,0
7
VN
0
TEXT
8
07_BANG_THONG_KE_COC_BO
10
601.25
20
-110.424
30
0.0
40
1.2
1
\U+0110\U+1EA0T
7
VN
0
TEXT
8
07_BANG_THONG_KE_COC_BO
10
611.15
20
-110.424
30
0.0
40
1.2
1
6\U+03A625 CB400-V
7
VN
0
TEXT
8
07_BANG_THONG_KE_COC_BO
10
627.35
20
-110.424
30
0.0
40
1.2
1
XO\U+1EAEN \U+03A68 a150
7
VN
0
TEXT
8
07_BANG_THONG_KE_COC_BO
10
493.25
20
-113.064
30
0.0
40
1.2
1
HV-P258
7
VN
0
TEXT
8
07_BANG_THONG_KE_COC_BO
10
505.85
20
-113.064
30
0.0
40
1.2
1
B8-D34
7
VN
0
TEXT
8
07_BANG_THONG_KE_COC_BO
10
516.65
20
-113.064
30
0.0
40
1.2
1
B\U+00C8 8
7
VN
0
TEXT
8
07_BANG_THONG_KE_COC_BO
10
524.75
20
-113.064
30
0.0
40
1.2
1
178,32
7
VN
0
TEXT
8
07_BANG_THONG_KE_COC_BO
10
535.55
20
-113.064
30
0.0
40
1.2
1
120,11
7
VN
0
TEXT
8
07_BANG_THONG_KE_COC_BO
10
546.35
20
-113.064
30
0.0
40
1.2
1
384,03
7
VN
0
TEXT
8
07_BANG_THONG_KE_COC_BO
10
555.35
20
-113.064
30
0.0
40
1.2
1
1
7
VN
0
TEXT
8
07_BANG_THONG_KE_COC_BO
10
562.55
20
-113.064
30
0.0
40
1.2
1
350
7
VN
0
TEXT
8
07_BANG_THONG_KE_COC_BO
10
570.65
20
-113.064
30
0.0
40
1.2
1
6,5
7
VN
0
TEXT
8
07_BANG_THONG_KE_COC_BO
10
579.65
20
-113.064
30
0.0
40
1.2
1
59,1
7
VN
0
TEXT
8
07_BANG_THONG_KE_COC_BO
10
590.45
20
-113.064
30
0.0
40
1.2
1
69,0
7
VN
0
TEXT
8
07_BANG_THONG_KE_COC_BO
10
601.25
20
-113.064
30
0.0
40
1.2
1
\U+0110\U+1EA0T
7
VN
0
TEXT
8
07_BANG_THONG_KE_COC_BO
10
611.15
20
-113.064
30
0.0
40
1.2
1
6\U+03A625 CB400-V
7
VN
0
TEXT
8
07_BANG_THONG_KE_COC_BO
10
627.35
20
-113.064
30
0.0
40
1.2
1
XO\U+1EAEN \U+03A68 a150
7
VN
0
TEXT
8
07_BANG_THONG_KE_COC_BO
10
493.25
20
-115.704
30
0.0
40
1.2
1
HV-P259
7
VN
0
TEXT
8
07_BANG_THONG_KE_COC_BO
10
505.85
20
-115.704
30
0.0
40
1.2
1
B8-D35
7
VN
0
TEXT
8
07_BANG_THONG_KE_COC_BO
10
516.65
20
-115.704
30
0.0
40
1.2
1
B\U+00C8 8
7
VN
0
TEXT
8
07_BANG_THONG_KE_COC_BO
10
524.75
20
-115.704
30
0.0
40
1.2
1
178,74
7
VN
0
TEXT
8
07_BANG_THONG_KE_COC_BO
10
535.55
20
-115.704
30
0.0
40
1.2
1
123,28
7
VN
0
TEXT
8
07_BANG_THONG_KE_COC_BO
10
546.35
20
-115.704
30
0.0
40
1.2
1
384,45
7
VN
0
TEXT
8
07_BANG_THONG_KE_COC_BO
10
555.35
20
-115.704
30
0.0
40
1.2
1
1
7
VN
0
TEXT
8
07_BANG_THONG_KE_COC_BO
10
562.55
20
-115.704
30
0.0
40
1.2
1
350
7
VN
0
TEXT
8
07_BANG_THONG_KE_COC_BO
10
570.65
20
-115.704
30
0.0
40
1.2
1
6,5
7
VN
0
TEXT
8
07_BANG_THONG_KE_COC_BO
10
579.65
20
-115.704
30
0.0
40
1.2
1
59,1
7
VN
0
TEXT
8
07_BANG_THONG_KE_COC_BO
10
590.45
20
-115.704
30
0.0
40
1.2
1
69,0
7
VN
0
TEXT
8
07_BANG_THONG_KE_COC_BO
10
601.25
20
-115.704
30
0.0
40
1.2
1
\U+0110\U+1EA0T
7
VN
0
TEXT
8
07_BANG_THONG_KE_COC_BO
10
611.15
20
-115.704
30
0.0
40
1.2
1
6\U+03A625 CB400-V
7
VN
0
TEXT
8
07_BANG_THONG_KE_COC_BO
10
627.35
20
-115.704
30
0.0
40
1.2
1
XO\U+1EAEN \U+03A68 a150
7
VN
0
TEXT
8
07_BANG_THONG_KE_COC_BO
10
493.25
20
-118.344
30
0.0
40
1.2
1
HV-P260
7
VN
0
TEXT
8
07_BANG_THONG_KE_COC_BO
10
505.85
20
-118.344
30
0.0
40
1.2
1
B8-D36
7
VN
0
TEXT
8
07_BANG_THONG_KE_COC_BO
10
516.65
20
-118.344
30
0.0
40
1.2
1
B\U+00C8 8
7
VN
0
TEXT
8
07_BANG_THONG_KE_COC_BO
10
524.75
20
-118.344
30
0.0
40
1.2
1
175,51
7
VN
0
TEXT
8
07_BANG_THONG_KE_COC_BO
10
535.55
20
-118.344
30
0.0
40
1.2
1
125,33
7
VN
0
TEXT
8
07_BANG_THONG_KE_COC_BO
10
546.35
20
-118.344
30
0.0
40
1.2
1
384,03
7
VN
0
TEXT
8
07_BANG_THONG_KE_COC_BO
10
555.35
20
-118.344
30
0.0
40
1.2
1
1
7
VN
0
TEXT
8
07_BANG_THONG_KE_COC_BO
10
562.55
20
-118.344
30
0.0
40
1.2
1
350
7
VN
0
TEXT
8
07_BANG_THONG_KE_COC_BO
10
570.65
20
-118.344
30
0.0
40
1.2
1
6,5
7
VN
0
TEXT
8
07_BANG_THONG_KE_COC_BO
10
579.65
20
-118.344
30
0.0
40
1.2
1
59,1
7
VN
0
TEXT
8
07_BANG_THONG_KE_COC_BO
10
590.45
20
-118.344
30
0.0
40
1.2
1
69,0
7
VN
0
TEXT
8
07_BANG_THONG_KE_COC_BO
10
601.25
20
-118.344
30
0.0
40
1.2
1
\U+0110\U+1EA0T
7
VN
0
TEXT
8
07_BANG_THONG_KE_COC_BO
10
611.15
20
-118.344
30
0.0
40
1.2
1
6\U+03A625 CB400-V
7
VN
0
TEXT
8
07_BANG_THONG_KE_COC_BO
10
627.35
20
-118.344
30
0.0
40
1.2
1
XO\U+1EAEN \U+03A68 a150
7
VN
0
TEXT
8
07_BANG_THONG_KE_COC_BO
10
493.25
20
-120.984
30
0.0
40
1.2
1
HV-P261
7
VN
0
TEXT
8
07_BANG_THONG_KE_COC_BO
10
505.85
20
-120.984
30
0.0
40
1.2
1
B8-D37
7
VN
0
TEXT
8
07_BANG_THONG_KE_COC_BO
10
516.65
20
-120.984
30
0.0
40
1.2
1
B\U+00C8 8
7
VN
0
TEXT
8
07_BANG_THONG_KE_COC_BO
10
524.75
20
-120.984
30
0.0
40
1.2
1
176,10
7
VN
0
TEXT
8
07_BANG_THONG_KE_COC_BO
10
535.55
20
-120.984
30
0.0
40
1.2
1
130,11
7
VN
0
TEXT
8
07_BANG_THONG_KE_COC_BO
10
546.35
20
-120.984
30
0.0
40
1.2
1
384,33
7
VN
0
TEXT
8
07_BANG_THONG_KE_COC_BO
10
555.35
20
-120.984
30
0.0
40
1.2
1
1
7
VN
0
TEXT
8
07_BANG_THONG_KE_COC_BO
10
562.55
20
-120.984
30
0.0
40
1.2
1
350
7
VN
0
TEXT
8
07_BANG_THONG_KE_COC_BO
10
570.65
20
-120.984
30
0.0
40
1.2
1
6,5
7
VN
0
TEXT
8
07_BANG_THONG_KE_COC_BO
10
579.65
20
-120.984
30
0.0
40
1.2
1
59,1
7
VN
0
TEXT
8
07_BANG_THONG_KE_COC_BO
10
590.45
20
-120.984
30
0.0
40
1.2
1
69,0
7
VN
0
TEXT
8
07_BANG_THONG_KE_COC_BO
10
601.25
20
-120.984
30
0.0
40
1.2
1
\U+0110\U+1EA0T
7
VN
0
TEXT
8
07_BANG_THONG_KE_COC_BO
10
611.15
20
-120.984
30
0.0
40
1.2
1
6\U+03A625 CB400-V
7
VN
0
TEXT
8
07_BANG_THONG_KE_COC_BO
10
627.35
20
-120.984
30
0.0
40
1.2
1
XO\U+1EAEN \U+03A68 a150
7
VN
0
TEXT
8
07_BANG_THONG_KE_COC_BO
10
493.25
20
-123.624
30
0.0
40
1.2
1
HV-P262
7
VN
0
TEXT
8
07_BANG_THONG_KE_COC_BO
10
505.85
20
-123.624
30
0.0
40
1.2
1
B8-D38
7
VN
0
TEXT
8
07_BANG_THONG_KE_COC_BO
10
516.65
20
-123.624
30
0.0
40
1.2
1
B\U+00C8 8
7
VN
0
TEXT
8
07_BANG_THONG_KE_COC_BO
10
524.75
20
-123.624
30
0.0
40
1.2
1
177,00
7
VN
0
TEXT
8
07_BANG_THONG_KE_COC_BO
10
535.55
20
-123.624
30
0.0
40
1.2
1
134,34
7
VN
0
TEXT
8
07_BANG_THONG_KE_COC_BO
10
546.35
20
-123.624
30
0.0
40
1.2
1
384,48
7
VN
0
TEXT
8
07_BANG_THONG_KE_COC_BO
10
555.35
20
-123.624
30
0.0
40
1.2
1
1
7
VN
0
TEXT
8
07_BANG_THONG_KE_COC_BO
10
562.55
20
-123.624
30
0.0
40
1.2
1
350
7
VN
0
TEXT
8
07_BANG_THONG_KE_COC_BO
10
570.65
20
-123.624
30
0.0
40
1.2
1
6,5
7
VN
0
TEXT
8
07_BANG_THONG_KE_COC_BO
10
579.65
20
-123.624
30
0.0
40
1.2
1
59,1
7
VN
0
TEXT
8
07_BANG_THONG_KE_COC_BO
10
590.45
20
-123.624
30
0.0
40
1.2
1
69,0
7
VN
0
TEXT
8
07_BANG_THONG_KE_COC_BO
10
601.25
20
-123.624
30
0.0
40
1.2
1
\U+0110\U+1EA0T
7
VN
0
TEXT
8
07_BANG_THONG_KE_COC_BO
10
611.15
20
-123.624
30
0.0
40
1.2
1
6\U+03A625 CB400-V
7
VN
0
TEXT
8
07_BANG_THONG_KE_COC_BO
10
627.35
20
-123.624
30
0.0
40
1.2
1
XO\U+1EAEN \U+03A68 a150
7
VN
0
TEXT
8
07_BANG_THONG_KE_COC_BO
10
493.25
20
-126.264
30
0.0
40
1.2
1
HV-P263
7
VN
0
TEXT
8
07_BANG_THONG_KE_COC_BO
10
505.85
20
-126.264
30
0.0
40
1.2
1
B8-D39
7
VN
0
TEXT
8
07_BANG_THONG_KE_COC_BO
10
516.65
20
-126.264
30
0.0
40
1.2
1
B\U+00C8 8
7
VN
0
TEXT
8
07_BANG_THONG_KE_COC_BO
10
524.75
20
-126.264
30
0.0
40
1.2
1
177,48
7
VN
0
TEXT
8
07_BANG_THONG_KE_COC_BO
10
535.55
20
-126.264
30
0.0
40
1.2
1
139,68
7
VN
0
TEXT
8
07_BANG_THONG_KE_COC_BO
10
546.35
20
-126.264
30
0.0
40
1.2
1
384,06
7
VN
0
TEXT
8
07_BANG_THONG_KE_COC_BO
10
555.35
20
-126.264
30
0.0
40
1.2
1
1
7
VN
0
TEXT
8
07_BANG_THONG_KE_COC_BO
10
562.55
20
-126.264
30
0.0
40
1.2
1
350
7
VN
0
TEXT
8
07_BANG_THONG_KE_COC_BO
10
570.65
20
-126.264
30
0.0
40
1.2
1
6,5
7
VN
0
TEXT
8
07_BANG_THONG_KE_COC_BO
10
579.65
20
-126.264
30
0.0
40
1.2
1
59,1
7
VN
0
TEXT
8
07_BANG_THONG_KE_COC_BO
10
590.45
20
-126.264
30
0.0
40
1.2
1
69,0
7
VN
0
TEXT
8
07_BANG_THONG_KE_COC_BO
10
601.25
20
-126.264
30
0.0
40
1.2
1
\U+0110\U+1EA0T
7
VN
0
TEXT
8
07_BANG_THONG_KE_COC_BO
10
611.15
20
-126.264
30
0.0
40
1.2
1
6\U+03A625 CB400-V
7
VN
0
TEXT
8
07_BANG_THONG_KE_COC_BO
10
627.35
20
-126.264
30
0.0
40
1.2
1
XO\U+1EAEN \U+03A68 a150
7
VN
0
TEXT
8
07_BANG_THONG_KE_COC_BO
10
493.25
20
-128.904
30
0.0
40
1.2
1
HV-P264
7
VN
0
TEXT
8
07_BANG_THONG_KE_COC_BO
10
505.85
20
-128.904
30
0.0
40
1.2
1
B8-D40
7
VN
0
TEXT
8
07_BANG_THONG_KE_COC_BO
10
516.65
20
-128.904
30
0.0
40
1.2
1
B\U+00C8 8
7
VN
0
TEXT
8
07_BANG_THONG_KE_COC_BO
10
524.75
20
-128.904
30
0.0
40
1.2
1
192,05
7
VN
0
TEXT
8
07_BANG_THONG_KE_COC_BO
10
535.55
20
-128.904
30
0.0
40
1.2
1
158,45
7
VN
0
TEXT
8
07_BANG_THONG_KE_COC_BO
10
546.35
20
-128.904
30
0.0
40
1.2
1
384,06
7
VN
0
TEXT
8
07_BANG_THONG_KE_COC_BO
10
555.35
20
-128.904
30
0.0
40
1.2
1
1
7
VN
0
TEXT
8
07_BANG_THONG_KE_COC_BO
10
562.55
20
-128.904
30
0.0
40
1.2
1
350
7
VN
0
TEXT
8
07_BANG_THONG_KE_COC_BO
10
570.65
20
-128.904
30
0.0
40
1.2
1
6,5
7
VN
0
TEXT
8
07_BANG_THONG_KE_COC_BO
10
579.65
20
-128.904
30
0.0
40
1.2
1
59,1
7
VN
0
TEXT
8
07_BANG_THONG_KE_COC_BO
10
590.45
20
-128.904
30
0.0
40
1.2
1
69,0
7
VN
0
TEXT
8
07_BANG_THONG_KE_COC_BO
10
601.25
20
-128.904
30
0.0
40
1.2
1
\U+0110\U+1EA0T
7
VN
0
TEXT
8
07_BANG_THONG_KE_COC_BO
10
611.15
20
-128.904
30
0.0
40
1.2
1
6\U+03A625 CB400-V
7
VN
0
TEXT
8
07_BANG_THONG_KE_COC_BO
10
627.35
20
-128.904
30
0.0
40
1.2
1
XO\U+1EAEN \U+03A68 a150
7
VN
0
TEXT
8
07_BANG_THONG_KE_COC_BO
10
493.25
20
-131.544
30
0.0
40
1.2
1
HV-P265
7
VN
0
TEXT
8
07_BANG_THONG_KE_COC_BO
10
505.85
20
-131.544
30
0.0
40
1.2
1
B8-D41
7
VN
0
TEXT
8
07_BANG_THONG_KE_COC_BO
10
516.65
20
-131.544
30
0.0
40
1.2
1
B\U+00C8 8
7
VN
0
TEXT
8
07_BANG_THONG_KE_COC_BO
10
524.75
20
-131.544
30
0.0
40
1.2
1
200,19
7
VN
0
TEXT
8
07_BANG_THONG_KE_COC_BO
10
535.55
20
-131.544
30
0.0
40
1.2
1
164,56
7
VN
0
TEXT
8
07_BANG_THONG_KE_COC_BO
10
546.35
20
-131.544
30
0.0
40
1.2
1
384,03
7
VN
0
TEXT
8
07_BANG_THONG_KE_COC_BO
10
555.35
20
-131.544
30
0.0
40
1.2
1
1
7
VN
0
TEXT
8
07_BANG_THONG_KE_COC_BO
10
562.55
20
-131.544
30
0.0
40
1.2
1
350
7
VN
0
TEXT
8
07_BANG_THONG_KE_COC_BO
10
570.65
20
-131.544
30
0.0
40
1.2
1
6,5
7
VN
0
TEXT
8
07_BANG_THONG_KE_COC_BO
10
579.65
20
-131.544
30
0.0
40
1.2
1
59,1
7
VN
0
TEXT
8
07_BANG_THONG_KE_COC_BO
10
590.45
20
-131.544
30
0.0
40
1.2
1
69,0
7
VN
0
TEXT
8
07_BANG_THONG_KE_COC_BO
10
601.25
20
-131.544
30
0.0
40
1.2
1
\U+0110\U+1EA0T
7
VN
0
TEXT
8
07_BANG_THONG_KE_COC_BO
10
611.15
20
-131.544
30
0.0
40
1.2
1
6\U+03A625 CB400-V
7
VN
0
TEXT
8
07_BANG_THONG_KE_COC_BO
10
627.35
20
-131.544
30
0.0
40
1.2
1
XO\U+1EAEN \U+03A68 a150
7
VN
0
TEXT
8
07_BANG_THONG_KE_COC_BO
10
493.25
20
-134.184
30
0.0
40
1.2
1
HV-P266
7
VN
0
TEXT
8
07_BANG_THONG_KE_COC_BO
10
505.85
20
-134.184
30
0.0
40
1.2
1
B8-D42
7
VN
0
TEXT
8
07_BANG_THONG_KE_COC_BO
10
516.65
20
-134.184
30
0.0
40
1.2
1
B\U+00C8 8
7
VN
0
TEXT
8
07_BANG_THONG_KE_COC_BO
10
524.75
20
-134.184
30
0.0
40
1.2
1
219,02
7
VN
0
TEXT
8
07_BANG_THONG_KE_COC_BO
10
535.55
20
-134.184
30
0.0
40
1.2
1
186,57
7
VN
0
TEXT
8
07_BANG_THONG_KE_COC_BO
10
546.35
20
-134.184
30
0.0
40
1.2
1
384,11
7
VN
0
TEXT
8
07_BANG_THONG_KE_COC_BO
10
555.35
20
-134.184
30
0.0
40
1.2
1
1
7
VN
0
TEXT
8
07_BANG_THONG_KE_COC_BO
10
562.55
20
-134.184
30
0.0
40
1.2
1
350
7
VN
0
TEXT
8
07_BANG_THONG_KE_COC_BO
10
570.65
20
-134.184
30
0.0
40
1.2
1
6,5
7
VN
0
TEXT
8
07_BANG_THONG_KE_COC_BO
10
579.65
20
-134.184
30
0.0
40
1.2
1
59,1
7
VN
0
TEXT
8
07_BANG_THONG_KE_COC_BO
10
590.45
20
-134.184
30
0.0
40
1.2
1
69,0
7
VN
0
TEXT
8
07_BANG_THONG_KE_COC_BO
10
601.25
20
-134.184
30
0.0
40
1.2
1
\U+0110\U+1EA0T
7
VN
0
TEXT
8
07_BANG_THONG_KE_COC_BO
10
611.15
20
-134.184
30
0.0
40
1.2
1
6\U+03A625 CB400-V
7
VN
0
TEXT
8
07_BANG_THONG_KE_COC_BO
10
627.35
20
-134.184
30
0.0
40
1.2
1
XO\U+1EAEN \U+03A68 a150
7
VN
0
TEXT
8
07_BANG_THONG_KE_COC_BO
10
493.25
20
-136.824
30
0.0
40
1.2
1
HV-P267
7
VN
0
TEXT
8
07_BANG_THONG_KE_COC_BO
10
505.85
20
-136.824
30
0.0
40
1.2
1
B8-D43
7
VN
0
TEXT
8
07_BANG_THONG_KE_COC_BO
10
516.65
20
-136.824
30
0.0
40
1.2
1
B\U+00C8 8
7
VN
0
TEXT
8
07_BANG_THONG_KE_COC_BO
10
524.75
20
-136.824
30
0.0
40
1.2
1
173,26
7
VN
0
TEXT
8
07_BANG_THONG_KE_COC_BO
10
535.55
20
-136.824
30
0.0
40
1.2
1
237,19
7
VN
0
TEXT
8
07_BANG_THONG_KE_COC_BO
10
546.35
20
-136.824
30
0.0
40
1.2
1
384,01
7
VN
0
TEXT
8
07_BANG_THONG_KE_COC_BO
10
555.35
20
-136.824
30
0.0
40
1.2
1
1
7
VN
0
TEXT
8
07_BANG_THONG_KE_COC_BO
10
562.55
20
-136.824
30
0.0
40
1.2
1
350
7
VN
0
TEXT
8
07_BANG_THONG_KE_COC_BO
10
570.65
20
-136.824
30
0.0
40
1.2
1
6,5
7
VN
0
TEXT
8
07_BANG_THONG_KE_COC_BO
10
579.65
20
-136.824
30
0.0
40
1.2
1
59,1
7
VN
0
TEXT
8
07_BANG_THONG_KE_COC_BO
10
590.45
20
-136.824
30
0.0
40
1.2
1
69,0
7
VN
0
TEXT
8
07_BANG_THONG_KE_COC_BO
10
601.25
20
-136.824
30
0.0
40
1.2
1
\U+0110\U+1EA0T
7
VN
0
TEXT
8
07_BANG_THONG_KE_COC_BO
10
611.15
20
-136.824
30
0.0
40
1.2
1
6\U+03A625 CB400-V
7
VN
0
TEXT
8
07_BANG_THONG_KE_COC_BO
10
627.35
20
-136.824
30
0.0
40
1.2
1
XO\U+1EAEN \U+03A68 a150
7
VN
0
TEXT
8
07_BANG_THONG_KE_COC_BO
10
493.25
20
-139.464
30
0.0
40
1.2
1
HV-P268
7
VN
0
TEXT
8
07_BANG_THONG_KE_COC_BO
10
505.85
20
-139.464
30
0.0
40
1.2
1
B8-D44
7
VN
0
TEXT
8
07_BANG_THONG_KE_COC_BO
10
516.65
20
-139.464
30
0.0
40
1.2
1
B\U+00C8 8
7
VN
0
TEXT
8
07_BANG_THONG_KE_COC_BO
10
524.75
20
-139.464
30
0.0
40
1.2
1
163,13
7
VN
0
TEXT
8
07_BANG_THONG_KE_COC_BO
10
535.55
20
-139.464
30
0.0
40
1.2
1
242,61
7
VN
0
TEXT
8
07_BANG_THONG_KE_COC_BO
10
546.35
20
-139.464
30
0.0
40
1.2
1
384,08
7
VN
0
TEXT
8
07_BANG_THONG_KE_COC_BO
10
555.35
20
-139.464
30
0.0
40
1.2
1
1
7
VN
0
TEXT
8
07_BANG_THONG_KE_COC_BO
10
562.55
20
-139.464
30
0.0
40
1.2
1
350
7
VN
0
TEXT
8
07_BANG_THONG_KE_COC_BO
10
570.65
20
-139.464
30
0.0
40
1.2
1
6,5
7
VN
0
TEXT
8
07_BANG_THONG_KE_COC_BO
10
579.65
20
-139.464
30
0.0
40
1.2
1
59,1
7
VN
0
TEXT
8
07_BANG_THONG_KE_COC_BO
10
590.45
20
-139.464
30
0.0
40
1.2
1
69,0
7
VN
0
TEXT
8
07_BANG_THONG_KE_COC_BO
10
601.25
20
-139.464
30
0.0
40
1.2
1
\U+0110\U+1EA0T
7
VN
0
TEXT
8
07_BANG_THONG_KE_COC_BO
10
611.15
20
-139.464
30
0.0
40
1.2
1
6\U+03A625 CB400-V
7
VN
0
TEXT
8
07_BANG_THONG_KE_COC_BO
10
627.35
20
-139.464
30
0.0
40
1.2
1
XO\U+1EAEN \U+03A68 a150
7
VN
0
TEXT
8
07_BANG_THONG_KE_COC_BO
10
493.25
20
-142.104
30
0.0
40
1.2
1
HV-P269
7
VN
0
TEXT
8
07_BANG_THONG_KE_COC_BO
10
505.85
20
-142.104
30
0.0
40
1.2
1
B8-D45
7
VN
0
TEXT
8
07_BANG_THONG_KE_COC_BO
10
516.65
20
-142.104
30
0.0
40
1.2
1
B\U+00C8 8
7
VN
0
TEXT
8
07_BANG_THONG_KE_COC_BO
10
524.75
20
-142.104
30
0.0
40
1.2
1
164,26
7
VN
0
TEXT
8
07_BANG_THONG_KE_COC_BO
10
535.55
20
-142.104
30
0.0
40
1.2
1
248,07
7
VN
0
TEXT
8
07_BANG_THONG_KE_COC_BO
10
546.35
20
-142.104
30
0.0
40
1.2
1
385,08
7
VN
0
TEXT
8
07_BANG_THONG_KE_COC_BO
10
555.35
20
-142.104
30
0.0
40
1.2
1
1
7
VN
0
TEXT
8
07_BANG_THONG_KE_COC_BO
10
562.55
20
-142.104
30
0.0
40
1.2
1
350
7
VN
0
TEXT
8
07_BANG_THONG_KE_COC_BO
10
570.65
20
-142.104
30
0.0
40
1.2
1
6,5
7
VN
0
TEXT
8
07_BANG_THONG_KE_COC_BO
10
579.65
20
-142.104
30
0.0
40
1.2
1
59,1
7
VN
0
TEXT
8
07_BANG_THONG_KE_COC_BO
10
590.45
20
-142.104
30
0.0
40
1.2
1
69,0
7
VN
0
TEXT
8
07_BANG_THONG_KE_COC_BO
10
601.25
20
-142.104
30
0.0
40
1.2
1
\U+0110\U+1EA0T
7
VN
0
TEXT
8
07_BANG_THONG_KE_COC_BO
10
611.15
20
-142.104
30
0.0
40
1.2
1
6\U+03A625 CB400-V
7
VN
0
TEXT
8
07_BANG_THONG_KE_COC_BO
10
627.35
20
-142.104
30
0.0
40
1.2
1
XO\U+1EAEN \U+03A68 a150
7
VN
0
TEXT
8
07_BANG_THONG_KE_COC_BO
10
493.25
20
-144.744
30
0.0
40
1.2
1
HV-P270
7
VN
0
TEXT
8
07_BANG_THONG_KE_COC_BO
10
505.85
20
-144.744
30
0.0
40
1.2
1
B8-D46
7
VN
0
TEXT
8
07_BANG_THONG_KE_COC_BO
10
516.65
20
-144.744
30
0.0
40
1.2
1
B\U+00C8 8
7
VN
0
TEXT
8
07_BANG_THONG_KE_COC_BO
10
524.75
20
-144.744
30
0.0
40
1.2
1
161,85
7
VN
0
TEXT
8
07_BANG_THONG_KE_COC_BO
10
535.55
20
-144.744
30
0.0
40
1.2
1
246,16
7
VN
0
TEXT
8
07_BANG_THONG_KE_COC_BO
10
546.35
20
-144.744
30
0.0
40
1.2
1
384,29
7
VN
0
TEXT
8
07_BANG_THONG_KE_COC_BO
10
555.35
20
-144.744
30
0.0
40
1.2
1
1
7
VN
0
TEXT
8
07_BANG_THONG_KE_COC_BO
10
562.55
20
-144.744
30
0.0
40
1.2
1
350
7
VN
0
TEXT
8
07_BANG_THONG_KE_COC_BO
10
570.65
20
-144.744
30
0.0
40
1.2
1
6,5
7
VN
0
TEXT
8
07_BANG_THONG_KE_COC_BO
10
579.65
20
-144.744
30
0.0
40
1.2
1
59,1
7
VN
0
TEXT
8
07_BANG_THONG_KE_COC_BO
10
590.45
20
-144.744
30
0.0
40
1.2
1
69,0
7
VN
0
TEXT
8
07_BANG_THONG_KE_COC_BO
10
601.25
20
-144.744
30
0.0
40
1.2
1
\U+0110\U+1EA0T
7
VN
0
TEXT
8
07_BANG_THONG_KE_COC_BO
10
611.15
20
-144.744
30
0.0
40
1.2
1
6\U+03A625 CB400-V
7
VN
0
TEXT
8
07_BANG_THONG_KE_COC_BO
10
627.35
20
-144.744
30
0.0
40
1.2
1
XO\U+1EAEN \U+03A68 a150
7
VN
0
TEXT
8
07_BANG_THONG_KE_COC_BO
10
493.25
20
-147.384
30
0.0
40
1.2
1
HV-P271
7
VN
0
TEXT
8
07_BANG_THONG_KE_COC_BO
10
505.85
20
-147.384
30
0.0
40
1.2
1
B8-D47
7
VN
0
TEXT
8
07_BANG_THONG_KE_COC_BO
10
516.65
20
-147.384
30
0.0
40
1.2
1
B\U+00C8 8
7
VN
0
TEXT
8
07_BANG_THONG_KE_COC_BO
10
524.75
20
-147.384
30
0.0
40
1.2
1
157,15
7
VN
0
TEXT
8
07_BANG_THONG_KE_COC_BO
10
535.55
20
-147.384
30
0.0
40
1.2
1
257,66
7
VN
0
TEXT
8
07_BANG_THONG_KE_COC_BO
10
546.35
20
-147.384
30
0.0
40
1.2
1
384,01
7
VN
0
TEXT
8
07_BANG_THONG_KE_COC_BO
10
555.35
20
-147.384
30
0.0
40
1.2
1
1
7
VN
0
TEXT
8
07_BANG_THONG_KE_COC_BO
10
562.55
20
-147.384
30
0.0
40
1.2
1
350
7
VN
0
TEXT
8
07_BANG_THONG_KE_COC_BO
10
570.65
20
-147.384
30
0.0
40
1.2
1
6,5
7
VN
0
TEXT
8
07_BANG_THONG_KE_COC_BO
10
579.65
20
-147.384
30
0.0
40
1.2
1
59,1
7
VN
0
TEXT
8
07_BANG_THONG_KE_COC_BO
10
590.45
20
-147.384
30
0.0
40
1.2
1
69,0
7
VN
0
TEXT
8
07_BANG_THONG_KE_COC_BO
10
601.25
20
-147.384
30
0.0
40
1.2
1
\U+0110\U+1EA0T
7
VN
0
TEXT
8
07_BANG_THONG_KE_COC_BO
10
611.15
20
-147.384
30
0.0
40
1.2
1
6\U+03A625 CB400-V
7
VN
0
TEXT
8
07_BANG_THONG_KE_COC_BO
10
627.35
20
-147.384
30
0.0
40
1.2
1
XO\U+1EAEN \U+03A68 a150
7
VN
0
TEXT
8
07_BANG_THONG_KE_COC_BO
10
493.25
20
-150.024
30
0.0
40
1.2
1
HV-P273
7
VN
0
TEXT
8
07_BANG_THONG_KE_COC_BO
10
505.85
20
-150.024
30
0.0
40
1.2
1
B8-D49
7
VN
0
TEXT
8
07_BANG_THONG_KE_COC_BO
10
516.65
20
-150.024
30
0.0
40
1.2
1
B\U+00C8 8
7
VN
0
TEXT
8
07_BANG_THONG_KE_COC_BO
10
524.75
20
-150.024
30
0.0
40
1.2
1
79,84
7
VN
0
TEXT
8
07_BANG_THONG_KE_COC_BO
10
535.55
20
-150.024
30
0.0
40
1.2
1
317,42
7
VN
0
TEXT
8
07_BANG_THONG_KE_COC_BO
10
546.35
20
-150.024
30
0.0
40
1.2
1
384,06
7
VN
0
TEXT
8
07_BANG_THONG_KE_COC_BO
10
555.35
20
-150.024
30
0.0
40
1.2
1
1
7
VN
0
TEXT
8
07_BANG_THONG_KE_COC_BO
10
562.55
20
-150.024
30
0.0
40
1.2
1
350
7
VN
0
TEXT
8
07_BANG_THONG_KE_COC_BO
10
570.65
20
-150.024
30
0.0
40
1.2
1
6,5
7
VN
0
TEXT
8
07_BANG_THONG_KE_COC_BO
10
579.65
20
-150.024
30
0.0
40
1.2
1
59,1
7
VN
0
TEXT
8
07_BANG_THONG_KE_COC_BO
10
590.45
20
-150.024
30
0.0
40
1.2
1
69,0
7
VN
0
TEXT
8
07_BANG_THONG_KE_COC_BO
10
601.25
20
-150.024
30
0.0
40
1.2
1
\U+0110\U+1EA0T
7
VN
0
TEXT
8
07_BANG_THONG_KE_COC_BO
10
611.15
20
-150.024
30
0.0
40
1.2
1
6\U+03A625 CB400-V
7
VN
0
TEXT
8
07_BANG_THONG_KE_COC_BO
10
627.35
20
-150.024
30
0.0
40
1.2
1
XO\U+1EAEN \U+03A68 a150
7
VN
0
TEXT
8
07_BANG_THONG_KE_COC_BO
10
493.25
20
-152.664
30
0.0
40
1.2
1
HV-P274
7
VN
0
TEXT
8
07_BANG_THONG_KE_COC_BO
10
505.85
20
-152.664
30
0.0
40
1.2
1
B8-D50
7
VN
0
TEXT
8
07_BANG_THONG_KE_COC_BO
10
516.65
20
-152.664
30
0.0
40
1.2
1
B\U+00C8 8
7
VN
0
TEXT
8
07_BANG_THONG_KE_COC_BO
10
524.75
20
-152.664
30
0.0
40
1.2
1
65,26
7
VN
0
TEXT
8
07_BANG_THONG_KE_COC_BO
10
535.55
20
-152.664
30
0.0
40
1.2
1
303,00
7
VN
0
TEXT
8
07_BANG_THONG_KE_COC_BO
10
546.35
20
-152.664
30
0.0
40
1.2
1
384,02
7
VN
0
TEXT
8
07_BANG_THONG_KE_COC_BO
10
555.35
20
-152.664
30
0.0
40
1.2
1
1
7
VN
0
TEXT
8
07_BANG_THONG_KE_COC_BO
10
562.55
20
-152.664
30
0.0
40
1.2
1
350
7
VN
0
TEXT
8
07_BANG_THONG_KE_COC_BO
10
570.65
20
-152.664
30
0.0
40
1.2
1
6,5
7
VN
0
TEXT
8
07_BANG_THONG_KE_COC_BO
10
579.65
20
-152.664
30
0.0
40
1.2
1
59,1
7
VN
0
TEXT
8
07_BANG_THONG_KE_COC_BO
10
590.45
20
-152.664
30
0.0
40
1.2
1
69,0
7
VN
0
TEXT
8
07_BANG_THONG_KE_COC_BO
10
601.25
20
-152.664
30
0.0
40
1.2
1
\U+0110\U+1EA0T
7
VN
0
TEXT
8
07_BANG_THONG_KE_COC_BO
10
611.15
20
-152.664
30
0.0
40
1.2
1
6\U+03A625 CB400-V
7
VN
0
TEXT
8
07_BANG_THONG_KE_COC_BO
10
627.35
20
-152.664
30
0.0
40
1.2
1
XO\U+1EAEN \U+03A68 a150
7
VN
0
TEXT
8
07_BANG_THONG_KE_COC_BO
10
493.25
20
-155.304
30
0.0
40
1.2
1
HV-P275
7
VN
0
TEXT
8
07_BANG_THONG_KE_COC_BO
10
505.85
20
-155.304
30
0.0
40
1.2
1
B8-D51
7
VN
0
TEXT
8
07_BANG_THONG_KE_COC_BO
10
516.65
20
-155.304
30
0.0
40
1.2
1
B\U+00C8 8
7
VN
0
TEXT
8
07_BANG_THONG_KE_COC_BO
10
524.75
20
-155.304
30
0.0
40
1.2
1
62,59
7
VN
0
TEXT
8
07_BANG_THONG_KE_COC_BO
10
535.55
20
-155.304
30
0.0
40
1.2
1
299,64
7
VN
0
TEXT
8
07_BANG_THONG_KE_COC_BO
10
546.35
20
-155.304
30
0.0
40
1.2
1
384,02
7
VN
0
TEXT
8
07_BANG_THONG_KE_COC_BO
10
555.35
20
-155.304
30
0.0
40
1.2
1
1
7
VN
0
TEXT
8
07_BANG_THONG_KE_COC_BO
10
562.55
20
-155.304
30
0.0
40
1.2
1
350
7
VN
0
TEXT
8
07_BANG_THONG_KE_COC_BO
10
570.65
20
-155.304
30
0.0
40
1.2
1
6,5
7
VN
0
TEXT
8
07_BANG_THONG_KE_COC_BO
10
579.65
20
-155.304
30
0.0
40
1.2
1
59,1
7
VN
0
TEXT
8
07_BANG_THONG_KE_COC_BO
10
590.45
20
-155.304
30
0.0
40
1.2
1
69,0
7
VN
0
TEXT
8
07_BANG_THONG_KE_COC_BO
10
601.25
20
-155.304
30
0.0
40
1.2
1
\U+0110\U+1EA0T
7
VN
0
TEXT
8
07_BANG_THONG_KE_COC_BO
10
611.15
20
-155.304
30
0.0
40
1.2
1
6\U+03A625 CB400-V
7
VN
0
TEXT
8
07_BANG_THONG_KE_COC_BO
10
627.35
20
-155.304
30
0.0
40
1.2
1
XO\U+1EAEN \U+03A68 a150
7
VN
0
TEXT
8
07_BANG_THONG_KE_COC_BO
10
493.25
20
-157.944
30
0.0
40
1.2
1
HV-P276
7
VN
0
TEXT
8
07_BANG_THONG_KE_COC_BO
10
505.85
20
-157.944
30
0.0
40
1.2
1
B9-D01
7
VN
0
TEXT
8
07_BANG_THONG_KE_COC_BO
10
516.65
20
-157.944
30
0.0
40
1.2
1
B\U+00C8 9
7
VN
0
TEXT
8
07_BANG_THONG_KE_COC_BO
10
524.75
20
-157.944
30
0.0
40
1.2
1
154,76
7
VN
0
TEXT
8
07_BANG_THONG_KE_COC_BO
10
535.55
20
-157.944
30
0.0
40
1.2
1
294,59
7
VN
0
TEXT
8
07_BANG_THONG_KE_COC_BO
10
546.35
20
-157.944
30
0.0
40
1.2
1
384,48
7
VN
0
TEXT
8
07_BANG_THONG_KE_COC_BO
10
555.35
20
-157.944
30
0.0
40
1.2
1
1
7
VN
0
TEXT
8
07_BANG_THONG_KE_COC_BO
10
562.55
20
-157.944
30
0.0
40
1.2
1
350
7
VN
0
TEXT
8
07_BANG_THONG_KE_COC_BO
10
570.65
20
-157.944
30
0.0
40
1.2
1
6,5
7
VN
0
TEXT
8
07_BANG_THONG_KE_COC_BO
10
579.65
20
-157.944
30
0.0
40
1.2
1
30,9
7
VN
0
TEXT
8
07_BANG_THONG_KE_COC_BO
10
590.45
20
-157.944
30
0.0
40
1.2
1
44,6
7
VN
0
TEXT
8
07_BANG_THONG_KE_COC_BO
10
601.25
20
-157.944
30
0.0
40
1.2
1
\U+0110\U+1EA0T
7
VN
0
TEXT
8
07_BANG_THONG_KE_COC_BO
10
611.15
20
-157.944
30
0.0
40
1.2
1
4\U+03A625 CB400-V
7
VN
0
TEXT
8
07_BANG_THONG_KE_COC_BO
10
627.35
20
-157.944
30
0.0
40
1.2
1
XO\U+1EAEN \U+03A68 a150
7
VN
0
TEXT
8
07_BANG_THONG_KE_COC_BO
10
493.25
20
-160.584
30
0.0
40
1.2
1
HV-P277
7
VN
0
TEXT
8
07_BANG_THONG_KE_COC_BO
10
505.85
20
-160.584
30
0.0
40
1.2
1
B9-D02
7
VN
0
TEXT
8
07_BANG_THONG_KE_COC_BO
10
516.65
20
-160.584
30
0.0
40
1.2
1
B\U+00C8 9
7
VN
0
TEXT
8
07_BANG_THONG_KE_COC_BO
10
524.75
20
-160.584
30
0.0
40
1.2
1
163,82
7
VN
0
TEXT
8
07_BANG_THONG_KE_COC_BO
10
535.55
20
-160.584
30
0.0
40
1.2
1
305,40
7
VN
0
TEXT
8
07_BANG_THONG_KE_COC_BO
10
546.35
20
-160.584
30
0.0
40
1.2
1
384,60
7
VN
0
TEXT
8
07_BANG_THONG_KE_COC_BO
10
555.35
20
-160.584
30
0.0
40
1.2
1
1
7
VN
0
TEXT
8
07_BANG_THONG_KE_COC_BO
10
562.55
20
-160.584
30
0.0
40
1.2
1
350
7
VN
0
TEXT
8
07_BANG_THONG_KE_COC_BO
10
570.65
20
-160.584
30
0.0
40
1.2
1
6,5
7
VN
0
TEXT
8
07_BANG_THONG_KE_COC_BO
10
579.65
20
-160.584
30
0.0
40
1.2
1
30,9
7
VN
0
TEXT
8
07_BANG_THONG_KE_COC_BO
10
590.45
20
-160.584
30
0.0
40
1.2
1
44,6
7
VN
0
TEXT
8
07_BANG_THONG_KE_COC_BO
10
601.25
20
-160.584
30
0.0
40
1.2
1
\U+0110\U+1EA0T
7
VN
0
TEXT
8
07_BANG_THONG_KE_COC_BO
10
611.15
20
-160.584
30
0.0
40
1.2
1
4\U+03A625 CB400-V
7
VN
0
TEXT
8
07_BANG_THONG_KE_COC_BO
10
627.35
20
-160.584
30
0.0
40
1.2
1
XO\U+1EAEN \U+03A68 a150
7
VN
0
TEXT
8
07_BANG_THONG_KE_COC_BO
10
493.25
20
-163.224
30
0.0
40
1.2
1
HV-P278
7
VN
0
TEXT
8
07_BANG_THONG_KE_COC_BO
10
505.85
20
-163.224
30
0.0
40
1.2
1
B9-D03
7
VN
0
TEXT
8
07_BANG_THONG_KE_COC_BO
10
516.65
20
-163.224
30
0.0
40
1.2
1
B\U+00C8 9
7
VN
0
TEXT
8
07_BANG_THONG_KE_COC_BO
10
524.75
20
-163.224
30
0.0
40
1.2
1
172,67
7
VN
0
TEXT
8
07_BANG_THONG_KE_COC_BO
10
535.55
20
-163.224
30
0.0
40
1.2
1
319,13
7
VN
0
TEXT
8
07_BANG_THONG_KE_COC_BO
10
546.35
20
-163.224
30
0.0
40
1.2
1
384,77
7
VN
0
TEXT
8
07_BANG_THONG_KE_COC_BO
10
555.35
20
-163.224
30
0.0
40
1.2
1
1
7
VN
0
TEXT
8
07_BANG_THONG_KE_COC_BO
10
562.55
20
-163.224
30
0.0
40
1.2
1
350
7
VN
0
TEXT
8
07_BANG_THONG_KE_COC_BO
10
570.65
20
-163.224
30
0.0
40
1.2
1
6,5
7
VN
0
TEXT
8
07_BANG_THONG_KE_COC_BO
10
579.65
20
-163.224
30
0.0
40
1.2
1
30,9
7
VN
0
TEXT
8
07_BANG_THONG_KE_COC_BO
10
590.45
20
-163.224
30
0.0
40
1.2
1
44,6
7
VN
0
TEXT
8
07_BANG_THONG_KE_COC_BO
10
601.25
20
-163.224
30
0.0
40
1.2
1
\U+0110\U+1EA0T
7
VN
0
TEXT
8
07_BANG_THONG_KE_COC_BO
10
611.15
20
-163.224
30
0.0
40
1.2
1
4\U+03A625 CB400-V
7
VN
0
TEXT
8
07_BANG_THONG_KE_COC_BO
10
627.35
20
-163.224
30
0.0
40
1.2
1
XO\U+1EAEN \U+03A68 a150
7
VN
0
TEXT
8
07_BANG_THONG_KE_COC_BO
10
493.25
20
-165.864
30
0.0
40
1.2
1
HV-P279
7
VN
0
TEXT
8
07_BANG_THONG_KE_COC_BO
10
505.85
20
-165.864
30
0.0
40
1.2
1
B9-D04
7
VN
0
TEXT
8
07_BANG_THONG_KE_COC_BO
10
516.65
20
-165.864
30
0.0
40
1.2
1
B\U+00C8 9
7
VN
0
TEXT
8
07_BANG_THONG_KE_COC_BO
10
524.75
20
-165.864
30
0.0
40
1.2
1
177,51
7
VN
0
TEXT
8
07_BANG_THONG_KE_COC_BO
10
535.55
20
-165.864
30
0.0
40
1.2
1
337,51
7
VN
0
TEXT
8
07_BANG_THONG_KE_COC_BO
10
546.35
20
-165.864
30
0.0
40
1.2
1
384,40
7
VN
0
TEXT
8
07_BANG_THONG_KE_COC_BO
10
555.35
20
-165.864
30
0.0
40
1.2
1
1
7
VN
0
TEXT
8
07_BANG_THONG_KE_COC_BO
10
562.55
20
-165.864
30
0.0
40
1.2
1
350
7
VN
0
TEXT
8
07_BANG_THONG_KE_COC_BO
10
570.65
20
-165.864
30
0.0
40
1.2
1
6,5
7
VN
0
TEXT
8
07_BANG_THONG_KE_COC_BO
10
579.65
20
-165.864
30
0.0
40
1.2
1
30,9
7
VN
0
TEXT
8
07_BANG_THONG_KE_COC_BO
10
590.45
20
-165.864
30
0.0
40
1.2
1
44,6
7
VN
0
TEXT
8
07_BANG_THONG_KE_COC_BO
10
601.25
20
-165.864
30
0.0
40
1.2
1
\U+0110\U+1EA0T
7
VN
0
TEXT
8
07_BANG_THONG_KE_COC_BO
10
611.15
20
-165.864
30
0.0
40
1.2
1
4\U+03A625 CB400-V
7
VN
0
TEXT
8
07_BANG_THONG_KE_COC_BO
10
627.35
20
-165.864
30
0.0
40
1.2
1
XO\U+1EAEN \U+03A68 a150
7
VN
0
TEXT
8
07_BANG_THONG_KE_COC_BO
10
493.25
20
-168.504
30
0.0
40
1.2
1
HV-P280
7
VN
0
TEXT
8
07_BANG_THONG_KE_COC_BO
10
505.85
20
-168.504
30
0.0
40
1.2
1
B9-D05
7
VN
0
TEXT
8
07_BANG_THONG_KE_COC_BO
10
516.65
20
-168.504
30
0.0
40
1.2
1
B\U+00C8 9
7
VN
0
TEXT
8
07_BANG_THONG_KE_COC_BO
10
524.75
20
-168.504
30
0.0
40
1.2
1
183,01
7
VN
0
TEXT
8
07_BANG_THONG_KE_COC_BO
10
535.55
20
-168.504
30
0.0
40
1.2
1
352,13
7
VN
0
TEXT
8
07_BANG_THONG_KE_COC_BO
10
546.35
20
-168.504
30
0.0
40
1.2
1
384,54
7
VN
0
TEXT
8
07_BANG_THONG_KE_COC_BO
10
555.35
20
-168.504
30
0.0
40
1.2
1
1
7
VN
0
TEXT
8
07_BANG_THONG_KE_COC_BO
10
562.55
20
-168.504
30
0.0
40
1.2
1
350
7
VN
0
TEXT
8
07_BANG_THONG_KE_COC_BO
10
570.65
20
-168.504
30
0.0
40
1.2
1
6,5
7
VN
0
TEXT
8
07_BANG_THONG_KE_COC_BO
10
579.65
20
-168.504
30
0.0
40
1.2
1
30,9
7
VN
0
TEXT
8
07_BANG_THONG_KE_COC_BO
10
590.45
20
-168.504
30
0.0
40
1.2
1
44,6
7
VN
0
TEXT
8
07_BANG_THONG_KE_COC_BO
10
601.25
20
-168.504
30
0.0
40
1.2
1
\U+0110\U+1EA0T
7
VN
0
TEXT
8
07_BANG_THONG_KE_COC_BO
10
611.15
20
-168.504
30
0.0
40
1.2
1
4\U+03A625 CB400-V
7
VN
0
TEXT
8
07_BANG_THONG_KE_COC_BO
10
627.35
20
-168.504
30
0.0
40
1.2
1
XO\U+1EAEN \U+03A68 a150
7
VN
0
TEXT
8
07_BANG_THONG_KE_COC_BO
10
493.25
20
-171.144
30
0.0
40
1.2
1
HV-P281
7
VN
0
TEXT
8
07_BANG_THONG_KE_COC_BO
10
505.85
20
-171.144
30
0.0
40
1.2
1
B9-D06
7
VN
0
TEXT
8
07_BANG_THONG_KE_COC_BO
10
516.65
20
-171.144
30
0.0
40
1.2
1
B\U+00C8 9
7
VN
0
TEXT
8
07_BANG_THONG_KE_COC_BO
10
524.75
20
-171.144
30
0.0
40
1.2
1
189,63
7
VN
0
TEXT
8
07_BANG_THONG_KE_COC_BO
10
535.55
20
-171.144
30
0.0
40
1.2
1
364,57
7
VN
0
TEXT
8
07_BANG_THONG_KE_COC_BO
10
546.35
20
-171.144
30
0.0
40
1.2
1
384,49
7
VN
0
TEXT
8
07_BANG_THONG_KE_COC_BO
10
555.35
20
-171.144
30
0.0
40
1.2
1
1
7
VN
0
TEXT
8
07_BANG_THONG_KE_COC_BO
10
562.55
20
-171.144
30
0.0
40
1.2
1
350
7
VN
0
TEXT
8
07_BANG_THONG_KE_COC_BO
10
570.65
20
-171.144
30
0.0
40
1.2
1
6,5
7
VN
0
TEXT
8
07_BANG_THONG_KE_COC_BO
10
579.65
20
-171.144
30
0.0
40
1.2
1
30,9
7
VN
0
TEXT
8
07_BANG_THONG_KE_COC_BO
10
590.45
20
-171.144
30
0.0
40
1.2
1
44,6
7
VN
0
TEXT
8
07_BANG_THONG_KE_COC_BO
10
601.25
20
-171.144
30
0.0
40
1.2
1
\U+0110\U+1EA0T
7
VN
0
TEXT
8
07_BANG_THONG_KE_COC_BO
10
611.15
20
-171.144
30
0.0
40
1.2
1
4\U+03A625 CB400-V
7
VN
0
TEXT
8
07_BANG_THONG_KE_COC_BO
10
627.35
20
-171.144
30
0.0
40
1.2
1
XO\U+1EAEN \U+03A68 a150
7
VN
0
TEXT
8
07_BANG_THONG_KE_COC_BO
10
493.25
20
-173.784
30
0.0
40
1.2
1
HV-P282
7
VN
0
TEXT
8
07_BANG_THONG_KE_COC_BO
10
505.85
20
-173.784
30
0.0
40
1.2
1
B9-D07
7
VN
0
TEXT
8
07_BANG_THONG_KE_COC_BO
10
516.65
20
-173.784
30
0.0
40
1.2
1
B\U+00C8 9
7
VN
0
TEXT
8
07_BANG_THONG_KE_COC_BO
10
524.75
20
-173.784
30
0.0
40
1.2
1
193,87
7
VN
0
TEXT
8
07_BANG_THONG_KE_COC_BO
10
535.55
20
-173.784
30
0.0
40
1.2
1
373,92
7
VN
0
TEXT
8
07_BANG_THONG_KE_COC_BO
10
546.35
20
-173.784
30
0.0
40
1.2
1
384,60
7
VN
0
TEXT
8
07_BANG_THONG_KE_COC_BO
10
555.35
20
-173.784
30
0.0
40
1.2
1
1
7
VN
0
TEXT
8
07_BANG_THONG_KE_COC_BO
10
562.55
20
-173.784
30
0.0
40
1.2
1
350
7
VN
0
TEXT
8
07_BANG_THONG_KE_COC_BO
10
570.65
20
-173.784
30
0.0
40
1.2
1
6,5
7
VN
0
TEXT
8
07_BANG_THONG_KE_COC_BO
10
579.65
20
-173.784
30
0.0
40
1.2
1
30,9
7
VN
0
TEXT
8
07_BANG_THONG_KE_COC_BO
10
590.45
20
-173.784
30
0.0
40
1.2
1
44,6
7
VN
0
TEXT
8
07_BANG_THONG_KE_COC_BO
10
601.25
20
-173.784
30
0.0
40
1.2
1
\U+0110\U+1EA0T
7
VN
0
TEXT
8
07_BANG_THONG_KE_COC_BO
10
611.15
20
-173.784
30
0.0
40
1.2
1
4\U+03A625 CB400-V
7
VN
0
TEXT
8
07_BANG_THONG_KE_COC_BO
10
627.35
20
-173.784
30
0.0
40
1.2
1
XO\U+1EAEN \U+03A68 a150
7
VN
0
TEXT
8
07_BANG_THONG_KE_COC_BO
10
493.25
20
-176.424
30
0.0
40
1.2
1
HV-P283
7
VN
0
TEXT
8
07_BANG_THONG_KE_COC_BO
10
505.85
20
-176.424
30
0.0
40
1.2
1
B9-D08
7
VN
0
TEXT
8
07_BANG_THONG_KE_COC_BO
10
516.65
20
-176.424
30
0.0
40
1.2
1
B\U+00C8 9
7
VN
0
TEXT
8
07_BANG_THONG_KE_COC_BO
10
524.75
20
-176.424
30
0.0
40
1.2
1
135,11
7
VN
0
TEXT
8
07_BANG_THONG_KE_COC_BO
10
535.55
20
-176.424
30
0.0
40
1.2
1
400,65
7
VN
0
TEXT
8
07_BANG_THONG_KE_COC_BO
10
546.35
20
-176.424
30
0.0
40
1.2
1
384,29
7
VN
0
TEXT
8
07_BANG_THONG_KE_COC_BO
10
555.35
20
-176.424
30
0.0
40
1.2
1
1
7
VN
0
TEXT
8
07_BANG_THONG_KE_COC_BO
10
562.55
20
-176.424
30
0.0
40
1.2
1
350
7
VN
0
TEXT
8
07_BANG_THONG_KE_COC_BO
10
570.65
20
-176.424
30
0.0
40
1.2
1
6,5
7
VN
0
TEXT
8
07_BANG_THONG_KE_COC_BO
10
579.65
20
-176.424
30
0.0
40
1.2
1
30,9
7
VN
0
TEXT
8
07_BANG_THONG_KE_COC_BO
10
590.45
20
-176.424
30
0.0
40
1.2
1
44,6
7
VN
0
TEXT
8
07_BANG_THONG_KE_COC_BO
10
601.25
20
-176.424
30
0.0
40
1.2
1
\U+0110\U+1EA0T
7
VN
0
TEXT
8
07_BANG_THONG_KE_COC_BO
10
611.15
20
-176.424
30
0.0
40
1.2
1
4\U+03A625 CB400-V
7
VN
0
TEXT
8
07_BANG_THONG_KE_COC_BO
10
627.35
20
-176.424
30
0.0
40
1.2
1
XO\U+1EAEN \U+03A68 a150
7
VN
0
TEXT
8
07_BANG_THONG_KE_COC_BO
10
493.25
20
-179.064
30
0.0
40
1.2
1
HV-P284
7
VN
0
TEXT
8
07_BANG_THONG_KE_COC_BO
10
505.85
20
-179.064
30
0.0
40
1.2
1
B9-D09
7
VN
0
TEXT
8
07_BANG_THONG_KE_COC_BO
10
516.65
20
-179.064
30
0.0
40
1.2
1
B\U+00C8 9
7
VN
0
TEXT
8
07_BANG_THONG_KE_COC_BO
10
524.75
20
-179.064
30
0.0
40
1.2
1
118,37
7
VN
0
TEXT
8
07_BANG_THONG_KE_COC_BO
10
535.55
20
-179.064
30
0.0
40
1.2
1
379,90
7
VN
0
TEXT
8
07_BANG_THONG_KE_COC_BO
10
546.35
20
-179.064
30
0.0
40
1.2
1
384,16
7
VN
0
TEXT
8
07_BANG_THONG_KE_COC_BO
10
555.35
20
-179.064
30
0.0
40
1.2
1
1
7
VN
0
TEXT
8
07_BANG_THONG_KE_COC_BO
10
562.55
20
-179.064
30
0.0
40
1.2
1
350
7
VN
0
TEXT
8
07_BANG_THONG_KE_COC_BO
10
570.65
20
-179.064
30
0.0
40
1.2
1
6,5
7
VN
0
TEXT
8
07_BANG_THONG_KE_COC_BO
10
579.65
20
-179.064
30
0.0
40
1.2
1
30,9
7
VN
0
TEXT
8
07_BANG_THONG_KE_COC_BO
10
590.45
20
-179.064
30
0.0
40
1.2
1
44,6
7
VN
0
TEXT
8
07_BANG_THONG_KE_COC_BO
10
601.25
20
-179.064
30
0.0
40
1.2
1
\U+0110\U+1EA0T
7
VN
0
TEXT
8
07_BANG_THONG_KE_COC_BO
10
611.15
20
-179.064
30
0.0
40
1.2
1
4\U+03A625 CB400-V
7
VN
0
TEXT
8
07_BANG_THONG_KE_COC_BO
10
627.35
20
-179.064
30
0.0
40
1.2
1
XO\U+1EAEN \U+03A68 a150
7
VN
0
TEXT
8
07_BANG_THONG_KE_COC_BO
10
493.25
20
-181.704
30
0.0
40
1.2
1
HV-P285
7
VN
0
TEXT
8
07_BANG_THONG_KE_COC_BO
10
505.85
20
-181.704
30
0.0
40
1.2
1
B9-D10
7
VN
0
TEXT
8
07_BANG_THONG_KE_COC_BO
10
516.65
20
-181.704
30
0.0
40
1.2
1
B\U+00C8 9
7
VN
0
TEXT
8
07_BANG_THONG_KE_COC_BO
10
524.75
20
-181.704
30
0.0
40
1.2
1
119,20
7
VN
0
TEXT
8
07_BANG_THONG_KE_COC_BO
10
535.55
20
-181.704
30
0.0
40
1.2
1
382,99
7
VN
0
TEXT
8
07_BANG_THONG_KE_COC_BO
10
546.35
20
-181.704
30
0.0
40
1.2
1
384,34
7
VN
0
TEXT
8
07_BANG_THONG_KE_COC_BO
10
555.35
20
-181.704
30
0.0
40
1.2
1
1
7
VN
0
TEXT
8
07_BANG_THONG_KE_COC_BO
10
562.55
20
-181.704
30
0.0
40
1.2
1
350
7
VN
0
TEXT
8
07_BANG_THONG_KE_COC_BO
10
570.65
20
-181.704
30
0.0
40
1.2
1
6,5
7
VN
0
TEXT
8
07_BANG_THONG_KE_COC_BO
10
579.65
20
-181.704
30
0.0
40
1.2
1
30,9
7
VN
0
TEXT
8
07_BANG_THONG_KE_COC_BO
10
590.45
20
-181.704
30
0.0
40
1.2
1
44,6
7
VN
0
TEXT
8
07_BANG_THONG_KE_COC_BO
10
601.25
20
-181.704
30
0.0
40
1.2
1
\U+0110\U+1EA0T
7
VN
0
TEXT
8
07_BANG_THONG_KE_COC_BO
10
611.15
20
-181.704
30
0.0
40
1.2
1
4\U+03A625 CB400-V
7
VN
0
TEXT
8
07_BANG_THONG_KE_COC_BO
10
627.35
20
-181.704
30
0.0
40
1.2
1
XO\U+1EAEN \U+03A68 a150
7
VN
0
TEXT
8
07_BANG_THONG_KE_COC_BO
10
493.25
20
-184.344
30
0.0
40
1.2
1
HV-P286
7
VN
0
TEXT
8
07_BANG_THONG_KE_COC_BO
10
505.85
20
-184.344
30
0.0
40
1.2
1
B9-D11
7
VN
0
TEXT
8
07_BANG_THONG_KE_COC_BO
10
516.65
20
-184.344
30
0.0
40
1.2
1
B\U+00C8 9
7
VN
0
TEXT
8
07_BANG_THONG_KE_COC_BO
10
524.75
20
-184.344
30
0.0
40
1.2
1
101,46
7
VN
0
TEXT
8
07_BANG_THONG_KE_COC_BO
10
535.55
20
-184.344
30
0.0
40
1.2
1
358,50
7
VN
0
TEXT
8
07_BANG_THONG_KE_COC_BO
10
546.35
20
-184.344
30
0.0
40
1.2
1
384,74
7
VN
0
TEXT
8
07_BANG_THONG_KE_COC_BO
10
555.35
20
-184.344
30
0.0
40
1.2
1
1
7
VN
0
TEXT
8
07_BANG_THONG_KE_COC_BO
10
562.55
20
-184.344
30
0.0
40
1.2
1
350
7
VN
0
TEXT
8
07_BANG_THONG_KE_COC_BO
10
570.65
20
-184.344
30
0.0
40
1.2
1
6,5
7
VN
0
TEXT
8
07_BANG_THONG_KE_COC_BO
10
579.65
20
-184.344
30
0.0
40
1.2
1
30,9
7
VN
0
TEXT
8
07_BANG_THONG_KE_COC_BO
10
590.45
20
-184.344
30
0.0
40
1.2
1
44,6
7
VN
0
TEXT
8
07_BANG_THONG_KE_COC_BO
10
601.25
20
-184.344
30
0.0
40
1.2
1
\U+0110\U+1EA0T
7
VN
0
TEXT
8
07_BANG_THONG_KE_COC_BO
10
611.15
20
-184.344
30
0.0
40
1.2
1
4\U+03A625 CB400-V
7
VN
0
TEXT
8
07_BANG_THONG_KE_COC_BO
10
627.35
20
-184.344
30
0.0
40
1.2
1
XO\U+1EAEN \U+03A68 a150
7
VN
0
TEXT
8
07_BANG_THONG_KE_COC_BO
10
493.25
20
-186.984
30
0.0
40
1.2
1
HV-P287
7
VN
0
TEXT
8
07_BANG_THONG_KE_COC_BO
10
505.85
20
-186.984
30
0.0
40
1.2
1
B9-D12
7
VN
0
TEXT
8
07_BANG_THONG_KE_COC_BO
10
516.65
20
-186.984
30
0.0
40
1.2
1
B\U+00C8 9
7
VN
0
TEXT
8
07_BANG_THONG_KE_COC_BO
10
524.75
20
-186.984
30
0.0
40
1.2
1
97,02
7
VN
0
TEXT
8
07_BANG_THONG_KE_COC_BO
10
535.55
20
-186.984
30
0.0
40
1.2
1
345,33
7
VN
0
TEXT
8
07_BANG_THONG_KE_COC_BO
10
546.35
20
-186.984
30
0.0
40
1.2
1
384,67
7
VN
0
TEXT
8
07_BANG_THONG_KE_COC_BO
10
555.35
20
-186.984
30
0.0
40
1.2
1
1
7
VN
0
TEXT
8
07_BANG_THONG_KE_COC_BO
10
562.55
20
-186.984
30
0.0
40
1.2
1
350
7
VN
0
TEXT
8
07_BANG_THONG_KE_COC_BO
10
570.65
20
-186.984
30
0.0
40
1.2
1
6,5
7
VN
0
TEXT
8
07_BANG_THONG_KE_COC_BO
10
579.65
20
-186.984
30
0.0
40
1.2
1
30,9
7
VN
0
TEXT
8
07_BANG_THONG_KE_COC_BO
10
590.45
20
-186.984
30
0.0
40
1.2
1
44,6
7
VN
0
TEXT
8
07_BANG_THONG_KE_COC_BO
10
601.25
20
-186.984
30
0.0
40
1.2
1
\U+0110\U+1EA0T
7
VN
0
TEXT
8
07_BANG_THONG_KE_COC_BO
10
611.15
20
-186.984
30
0.0
40
1.2
1
4\U+03A625 CB400-V
7
VN
0
TEXT
8
07_BANG_THONG_KE_COC_BO
10
627.35
20
-186.984
30
0.0
40
1.2
1
XO\U+1EAEN \U+03A68 a150
7
VN
0
TEXT
8
07_BANG_THONG_KE_COC_BO
10
493.25
20
-189.624
30
0.0
40
1.2
1
HV-P288
7
VN
0
TEXT
8
07_BANG_THONG_KE_COC_BO
10
505.85
20
-189.624
30
0.0
40
1.2
1
B9-D13
7
VN
0
TEXT
8
07_BANG_THONG_KE_COC_BO
10
516.65
20
-189.624
30
0.0
40
1.2
1
B\U+00C8 9
7
VN
0
TEXT
8
07_BANG_THONG_KE_COC_BO
10
524.75
20
-189.624
30
0.0
40
1.2
1
94,13
7
VN
0
TEXT
8
07_BANG_THONG_KE_COC_BO
10
535.55
20
-189.624
30
0.0
40
1.2
1
337,48
7
VN
0
TEXT
8
07_BANG_THONG_KE_COC_BO
10
546.35
20
-189.624
30
0.0
40
1.2
1
384,23
7
VN
0
TEXT
8
07_BANG_THONG_KE_COC_BO
10
555.35
20
-189.624
30
0.0
40
1.2
1
1
7
VN
0
TEXT
8
07_BANG_THONG_KE_COC_BO
10
562.55
20
-189.624
30
0.0
40
1.2
1
350
7
VN
0
TEXT
8
07_BANG_THONG_KE_COC_BO
10
570.65
20
-189.624
30
0.0
40
1.2
1
6,5
7
VN
0
TEXT
8
07_BANG_THONG_KE_COC_BO
10
579.65
20
-189.624
30
0.0
40
1.2
1
30,9
7
VN
0
TEXT
8
07_BANG_THONG_KE_COC_BO
10
590.45
20
-189.624
30
0.0
40
1.2
1
44,6
7
VN
0
TEXT
8
07_BANG_THONG_KE_COC_BO
10
601.25
20
-189.624
30
0.0
40
1.2
1
\U+0110\U+1EA0T
7
VN
0
TEXT
8
07_BANG_THONG_KE_COC_BO
10
611.15
20
-189.624
30
0.0
40
1.2
1
4\U+03A625 CB400-V
7
VN
0
TEXT
8
07_BANG_THONG_KE_COC_BO
10
627.35
20
-189.624
30
0.0
40
1.2
1
XO\U+1EAEN \U+03A68 a150
7
VN
0
TEXT
8
07_BANG_THONG_KE_COC_BO
10
493.25
20
-192.264
30
0.0
40
1.2
1
HV-P289
7
VN
0
TEXT
8
07_BANG_THONG_KE_COC_BO
10
505.85
20
-192.264
30
0.0
40
1.2
1
B9-D14
7
VN
0
TEXT
8
07_BANG_THONG_KE_COC_BO
10
516.65
20
-192.264
30
0.0
40
1.2
1
B\U+00C8 9
7
VN
0
TEXT
8
07_BANG_THONG_KE_COC_BO
10
524.75
20
-192.264
30
0.0
40
1.2
1
84,31
7
VN
0
TEXT
8
07_BANG_THONG_KE_COC_BO
10
535.55
20
-192.264
30
0.0
40
1.2
1
324,22
7
VN
0
TEXT
8
07_BANG_THONG_KE_COC_BO
10
546.35
20
-192.264
30
0.0
40
1.2
1
384,51
7
VN
0
TEXT
8
07_BANG_THONG_KE_COC_BO
10
555.35
20
-192.264
30
0.0
40
1.2
1
1
7
VN
0
TEXT
8
07_BANG_THONG_KE_COC_BO
10
562.55
20
-192.264
30
0.0
40
1.2
1
350
7
VN
0
TEXT
8
07_BANG_THONG_KE_COC_BO
10
570.65
20
-192.264
30
0.0
40
1.2
1
6,5
7
VN
0
TEXT
8
07_BANG_THONG_KE_COC_BO
10
579.65
20
-192.264
30
0.0
40
1.2
1
30,9
7
VN
0
TEXT
8
07_BANG_THONG_KE_COC_BO
10
590.45
20
-192.264
30
0.0
40
1.2
1
44,6
7
VN
0
TEXT
8
07_BANG_THONG_KE_COC_BO
10
601.25
20
-192.264
30
0.0
40
1.2
1
\U+0110\U+1EA0T
7
VN
0
TEXT
8
07_BANG_THONG_KE_COC_BO
10
611.15
20
-192.264
30
0.0
40
1.2
1
4\U+03A625 CB400-V
7
VN
0
TEXT
8
07_BANG_THONG_KE_COC_BO
10
627.35
20
-192.264
30
0.0
40
1.2
1
XO\U+1EAEN \U+03A68 a150
7
VN
0
TEXT
8
07_BANG_THONG_KE_COC_BO
10
493.25
20
-194.904
30
0.0
40
1.2
1
HV-P290
7
VN
0
TEXT
8
07_BANG_THONG_KE_COC_BO
10
505.85
20
-194.904
30
0.0
40
1.2
1
B9-D15
7
VN
0
TEXT
8
07_BANG_THONG_KE_COC_BO
10
516.65
20
-194.904
30
0.0
40
1.2
1
B\U+00C8 9
7
VN
0
TEXT
8
07_BANG_THONG_KE_COC_BO
10
524.75
20
-194.904
30
0.0
40
1.2
1
205,06
7
VN
0
TEXT
8
07_BANG_THONG_KE_COC_BO
10
535.55
20
-194.904
30
0.0
40
1.2
1
416,32
7
VN
0
TEXT
8
07_BANG_THONG_KE_COC_BO
10
546.35
20
-194.904
30
0.0
40
1.2
1
384,02
7
VN
0
TEXT
8
07_BANG_THONG_KE_COC_BO
10
555.35
20
-194.904
30
0.0
40
1.2
1
1
7
VN
0
TEXT
8
07_BANG_THONG_KE_COC_BO
10
562.55
20
-194.904
30
0.0
40
1.2
1
350
7
VN
0
TEXT
8
07_BANG_THONG_KE_COC_BO
10
570.65
20
-194.904
30
0.0
40
1.2
1
6,5
7
VN
0
TEXT
8
07_BANG_THONG_KE_COC_BO
10
579.65
20
-194.904
30
0.0
40
1.2
1
30,9
7
VN
0
TEXT
8
07_BANG_THONG_KE_COC_BO
10
590.45
20
-194.904
30
0.0
40
1.2
1
44,6
7
VN
0
TEXT
8
07_BANG_THONG_KE_COC_BO
10
601.25
20
-194.904
30
0.0
40
1.2
1
\U+0110\U+1EA0T
7
VN
0
TEXT
8
07_BANG_THONG_KE_COC_BO
10
611.15
20
-194.904
30
0.0
40
1.2
1
4\U+03A625 CB400-V
7
VN
0
TEXT
8
07_BANG_THONG_KE_COC_BO
10
627.35
20
-194.904
30
0.0
40
1.2
1
XO\U+1EAEN \U+03A68 a150
7
VN
0
TEXT
8
07_BANG_THONG_KE_COC_BO
10
493.25
20
-197.544
30
0.0
40
1.2
1
HV-P292
7
VN
0
TEXT
8
07_BANG_THONG_KE_COC_BO
10
505.85
20
-197.544
30
0.0
40
1.2
1
B9-D17
7
VN
0
TEXT
8
07_BANG_THONG_KE_COC_BO
10
516.65
20
-197.544
30
0.0
40
1.2
1
B\U+00C8 9
7
VN
0
TEXT
8
07_BANG_THONG_KE_COC_BO
10
524.75
20
-197.544
30
0.0
40
1.2
1
204,22
7
VN
0
TEXT
8
07_BANG_THONG_KE_COC_BO
10
535.55
20
-197.544
30
0.0
40
1.2
1
402,57
7
VN
0
TEXT
8
07_BANG_THONG_KE_COC_BO
10
546.35
20
-197.544
30
0.0
40
1.2
1
384,06
7
VN
0
TEXT
8
07_BANG_THONG_KE_COC_BO
10
555.35
20
-197.544
30
0.0
40
1.2
1
1
7
VN
0
TEXT
8
07_BANG_THONG_KE_COC_BO
10
562.55
20
-197.544
30
0.0
40
1.2
1
350
7
VN
0
TEXT
8
07_BANG_THONG_KE_COC_BO
10
570.65
20
-197.544
30
0.0
40
1.2
1
6,5
7
VN
0
TEXT
8
07_BANG_THONG_KE_COC_BO
10
579.65
20
-197.544
30
0.0
40
1.2
1
30,9
7
VN
0
TEXT
8
07_BANG_THONG_KE_COC_BO
10
590.45
20
-197.544
30
0.0
40
1.2
1
44,6
7
VN
0
TEXT
8
07_BANG_THONG_KE_COC_BO
10
601.25
20
-197.544
30
0.0
40
1.2
1
\U+0110\U+1EA0T
7
VN
0
TEXT
8
07_BANG_THONG_KE_COC_BO
10
611.15
20
-197.544
30
0.0
40
1.2
1
4\U+03A625 CB400-V
7
VN
0
TEXT
8
07_BANG_THONG_KE_COC_BO
10
627.35
20
-197.544
30
0.0
40
1.2
1
XO\U+1EAEN \U+03A68 a150
7
VN
0
TEXT
8
07_BANG_THONG_KE_COC_BO
10
493.25
20
-200.184
30
0.0
40
1.2
1
HV-P293
7
VN
0
TEXT
8
07_BANG_THONG_KE_COC_BO
10
505.85
20
-200.184
30
0.0
40
1.2
1
B9-D18
7
VN
0
TEXT
8
07_BANG_THONG_KE_COC_BO
10
516.65
20
-200.184
30
0.0
40
1.2
1
B\U+00C8 9
7
VN
0
TEXT
8
07_BANG_THONG_KE_COC_BO
10
524.75
20
-200.184
30
0.0
40
1.2
1
145,02
7
VN
0
TEXT
8
07_BANG_THONG_KE_COC_BO
10
535.55
20
-200.184
30
0.0
40
1.2
1
417,60
7
VN
0
TEXT
8
07_BANG_THONG_KE_COC_BO
10
546.35
20
-200.184
30
0.0
40
1.2
1
384,00
7
VN
0
TEXT
8
07_BANG_THONG_KE_COC_BO
10
555.35
20
-200.184
30
0.0
40
1.2
1
1
7
VN
0
TEXT
8
07_BANG_THONG_KE_COC_BO
10
562.55
20
-200.184
30
0.0
40
1.2
1
350
7
VN
0
TEXT
8
07_BANG_THONG_KE_COC_BO
10
570.65
20
-200.184
30
0.0
40
1.2
1
6,5
7
VN
0
TEXT
8
07_BANG_THONG_KE_COC_BO
10
579.65
20
-200.184
30
0.0
40
1.2
1
30,9
7
VN
0
TEXT
8
07_BANG_THONG_KE_COC_BO
10
590.45
20
-200.184
30
0.0
40
1.2
1
44,6
7
VN
0
TEXT
8
07_BANG_THONG_KE_COC_BO
10
601.25
20
-200.184
30
0.0
40
1.2
1
\U+0110\U+1EA0T
7
VN
0
TEXT
8
07_BANG_THONG_KE_COC_BO
10
611.15
20
-200.184
30
0.0
40
1.2
1
4\U+03A625 CB400-V
7
VN
0
TEXT
8
07_BANG_THONG_KE_COC_BO
10
627.35
20
-200.184
30
0.0
40
1.2
1
XO\U+1EAEN \U+03A68 a150
7
VN
0
TEXT
8
07_BANG_THONG_KE_COC_BO
10
493.25
20
-202.824
30
0.0
40
1.2
1
HV-P294
7
VN
0
TEXT
8
07_BANG_THONG_KE_COC_BO
10
505.85
20
-202.824
30
0.0
40
1.2
1
B9-D19
7
VN
0
TEXT
8
07_BANG_THONG_KE_COC_BO
10
516.65
20
-202.824
30
0.0
40
1.2
1
B\U+00C8 9
7
VN
0
TEXT
8
07_BANG_THONG_KE_COC_BO
10
524.75
20
-202.824
30
0.0
40
1.2
1
115,09
7
VN
0
TEXT
8
07_BANG_THONG_KE_COC_BO
10
535.55
20
-202.824
30
0.0
40
1.2
1
374,35
7
VN
0
TEXT
8
07_BANG_THONG_KE_COC_BO
10
546.35
20
-202.824
30
0.0
40
1.2
1
384,00
7
VN
0
TEXT
8
07_BANG_THONG_KE_COC_BO
10
555.35
20
-202.824
30
0.0
40
1.2
1
1
7
VN
0
TEXT
8
07_BANG_THONG_KE_COC_BO
10
562.55
20
-202.824
30
0.0
40
1.2
1
350
7
VN
0
TEXT
8
07_BANG_THONG_KE_COC_BO
10
570.65
20
-202.824
30
0.0
40
1.2
1
6,5
7
VN
0
TEXT
8
07_BANG_THONG_KE_COC_BO
10
579.65
20
-202.824
30
0.0
40
1.2
1
30,9
7
VN
0
TEXT
8
07_BANG_THONG_KE_COC_BO
10
590.45
20
-202.824
30
0.0
40
1.2
1
44,6
7
VN
0
TEXT
8
07_BANG_THONG_KE_COC_BO
10
601.25
20
-202.824
30
0.0
40
1.2
1
\U+0110\U+1EA0T
7
VN
0
TEXT
8
07_BANG_THONG_KE_COC_BO
10
611.15
20
-202.824
30
0.0
40
1.2
1
4\U+03A625 CB400-V
7
VN
0
TEXT
8
07_BANG_THONG_KE_COC_BO
10
627.35
20
-202.824
30
0.0
40
1.2
1
XO\U+1EAEN \U+03A68 a150
7
VN
0
TEXT
8
07_BANG_THONG_KE_COC_BO
10
493.25
20
-205.464
30
0.0
40
1.2
1
HV-P295
7
VN
0
TEXT
8
07_BANG_THONG_KE_COC_BO
10
505.85
20
-205.464
30
0.0
40
1.2
1
B9-D20
7
VN
0
TEXT
8
07_BANG_THONG_KE_COC_BO
10
516.65
20
-205.464
30
0.0
40
1.2
1
B\U+00C8 9
7
VN
0
TEXT
8
07_BANG_THONG_KE_COC_BO
10
524.75
20
-205.464
30
0.0
40
1.2
1
130,67
7
VN
0
TEXT
8
07_BANG_THONG_KE_COC_BO
10
535.55
20
-205.464
30
0.0
40
1.2
1
394,29
7
VN
0
TEXT
8
07_BANG_THONG_KE_COC_BO
10
546.35
20
-205.464
30
0.0
40
1.2
1
384,02
7
VN
0
TEXT
8
07_BANG_THONG_KE_COC_BO
10
555.35
20
-205.464
30
0.0
40
1.2
1
1
7
VN
0
TEXT
8
07_BANG_THONG_KE_COC_BO
10
562.55
20
-205.464
30
0.0
40
1.2
1
350
7
VN
0
TEXT
8
07_BANG_THONG_KE_COC_BO
10
570.65
20
-205.464
30
0.0
40
1.2
1
6,5
7
VN
0
TEXT
8
07_BANG_THONG_KE_COC_BO
10
579.65
20
-205.464
30
0.0
40
1.2
1
30,9
7
VN
0
TEXT
8
07_BANG_THONG_KE_COC_BO
10
590.45
20
-205.464
30
0.0
40
1.2
1
44,6
7
VN
0
TEXT
8
07_BANG_THONG_KE_COC_BO
10
601.25
20
-205.464
30
0.0
40
1.2
1
\U+0110\U+1EA0T
7
VN
0
TEXT
8
07_BANG_THONG_KE_COC_BO
10
611.15
20
-205.464
30
0.0
40
1.2
1
4\U+03A625 CB400-V
7
VN
0
TEXT
8
07_BANG_THONG_KE_COC_BO
10
627.35
20
-205.464
30
0.0
40
1.2
1
XO\U+1EAEN \U+03A68 a150
7
VN
0
LINE
8
07_BANG_THONG_KE_COC_BO
10
492.77
20
406.248
30
0.0
11
639.47
21
406.248
31
0.0
0
LINE
8
07_BANG_THONG_KE_COC_BO
10
492.77
20
403.608
30
0.0
11
639.47
21
403.608
31
0.0
0
LINE
8
07_BANG_THONG_KE_COC_BO
10
492.77
20
400.968
30
0.0
11
639.47
21
400.968
31
0.0
0
LINE
8
07_BANG_THONG_KE_COC_BO
10
492.77
20
398.328
30
0.0
11
639.47
21
398.328
31
0.0
0
LINE
8
07_BANG_THONG_KE_COC_BO
10
492.77
20
395.688
30
0.0
11
639.47
21
395.688
31
0.0
0
LINE
8
07_BANG_THONG_KE_COC_BO
10
492.77
20
393.048
30
0.0
11
639.47
21
393.048
31
0.0
0
LINE
8
07_BANG_THONG_KE_COC_BO
10
492.77
20
390.408
30
0.0
11
639.47
21
390.408
31
0.0
0
LINE
8
07_BANG_THONG_KE_COC_BO
10
492.77
20
387.768
30
0.0
11
639.47
21
387.768
31
0.0
0
LINE
8
07_BANG_THONG_KE_COC_BO
10
492.77
20
385.128
30
0.0
11
639.47
21
385.128
31
0.0
0
LINE
8
07_BANG_THONG_KE_COC_BO
10
492.77
20
382.488
30
0.0
11
639.47
21
382.488
31
0.0
0
LINE
8
07_BANG_THONG_KE_COC_BO
10
492.77
20
379.848
30
0.0
11
639.47
21
379.848
31
0.0
0
LINE
8
07_BANG_THONG_KE_COC_BO
10
492.77
20
377.208
30
0.0
11
639.47
21
377.208
31
0.0
0
LINE
8
07_BANG_THONG_KE_COC_BO
10
492.77
20
374.568
30
0.0
11
639.47
21
374.568
31
0.0
0
LINE
8
07_BANG_THONG_KE_COC_BO
10
492.77
20
371.928
30
0.0
11
639.47
21
371.928
31
0.0
0
LINE
8
07_BANG_THONG_KE_COC_BO
10
492.77
20
369.288
30
0.0
11
639.47
21
369.288
31
0.0
0
LINE
8
07_BANG_THONG_KE_COC_BO
10
492.77
20
366.648
30
0.0
11
639.47
21
366.648
31
0.0
0
LINE
8
07_BANG_THONG_KE_COC_BO
10
492.77
20
364.008
30
0.0
11
639.47
21
364.008
31
0.0
0
LINE
8
07_BANG_THONG_KE_COC_BO
10
492.77
20
361.368
30
0.0
11
639.47
21
361.368
31
0.0
0
LINE
8
07_BANG_THONG_KE_COC_BO
10
492.77
20
358.728
30
0.0
11
639.47
21
358.728
31
0.0
0
LINE
8
07_BANG_THONG_KE_COC_BO
10
492.77
20
356.088
30
0.0
11
639.47
21
356.088
31
0.0
0
LINE
8
07_BANG_THONG_KE_COC_BO
10
492.77
20
353.448
30
0.0
11
639.47
21
353.448
31
0.0
0
LINE
8
07_BANG_THONG_KE_COC_BO
10
492.77
20
350.808
30
0.0
11
639.47
21
350.808
31
0.0
0
LINE
8
07_BANG_THONG_KE_COC_BO
10
492.77
20
348.168
30
0.0
11
639.47
21
348.168
31
0.0
0
LINE
8
07_BANG_THONG_KE_COC_BO
10
492.77
20
345.528
30
0.0
11
639.47
21
345.528
31
0.0
0
LINE
8
07_BANG_THONG_KE_COC_BO
10
492.77
20
342.888
30
0.0
11
639.47
21
342.888
31
0.0
0
LINE
8
07_BANG_THONG_KE_COC_BO
10
492.77
20
340.248
30
0.0
11
639.47
21
340.248
31
0.0
0
LINE
8
07_BANG_THONG_KE_COC_BO
10
492.77
20
337.608
30
0.0
11
639.47
21
337.608
31
0.0
0
LINE
8
07_BANG_THONG_KE_COC_BO
10
492.77
20
334.968
30
0.0
11
639.47
21
334.968
31
0.0
0
LINE
8
07_BANG_THONG_KE_COC_BO
10
492.77
20
332.328
30
0.0
11
639.47
21
332.328
31
0.0
0
LINE
8
07_BANG_THONG_KE_COC_BO
10
492.77
20
329.688
30
0.0
11
639.47
21
329.688
31
0.0
0
LINE
8
07_BANG_THONG_KE_COC_BO
10
492.77
20
327.048
30
0.0
11
639.47
21
327.048
31
0.0
0
LINE
8
07_BANG_THONG_KE_COC_BO
10
492.77
20
324.408
30
0.0
11
639.47
21
324.408
31
0.0
0
LINE
8
07_BANG_THONG_KE_COC_BO
10
492.77
20
321.768
30
0.0
11
639.47
21
321.768
31
0.0
0
LINE
8
07_BANG_THONG_KE_COC_BO
10
492.77
20
319.128
30
0.0
11
639.47
21
319.128
31
0.0
0
LINE
8
07_BANG_THONG_KE_COC_BO
10
492.77
20
316.488
30
0.0
11
639.47
21
316.488
31
0.0
0
LINE
8
07_BANG_THONG_KE_COC_BO
10
492.77
20
313.848
30
0.0
11
639.47
21
313.848
31
0.0
0
LINE
8
07_BANG_THONG_KE_COC_BO
10
492.77
20
311.208
30
0.0
11
639.47
21
311.208
31
0.0
0
LINE
8
07_BANG_THONG_KE_COC_BO
10
492.77
20
308.568
30
0.0
11
639.47
21
308.568
31
0.0
0
LINE
8
07_BANG_THONG_KE_COC_BO
10
492.77
20
305.928
30
0.0
11
639.47
21
305.928
31
0.0
0
LINE
8
07_BANG_THONG_KE_COC_BO
10
492.77
20
303.288
30
0.0
11
639.47
21
303.288
31
0.0
0
LINE
8
07_BANG_THONG_KE_COC_BO
10
492.77
20
300.648
30
0.0
11
639.47
21
300.648
31
0.0
0
LINE
8
07_BANG_THONG_KE_COC_BO
10
492.77
20
298.008
30
0.0
11
639.47
21
298.008
31
0.0
0
LINE
8
07_BANG_THONG_KE_COC_BO
10
492.77
20
295.368
30
0.0
11
639.47
21
295.368
31
0.0
0
LINE
8
07_BANG_THONG_KE_COC_BO
10
492.77
20
292.728
30
0.0
11
639.47
21
292.728
31
0.0
0
LINE
8
07_BANG_THONG_KE_COC_BO
10
492.77
20
290.088
30
0.0
11
639.47
21
290.088
31
0.0
0
LINE
8
07_BANG_THONG_KE_COC_BO
10
492.77
20
287.448
30
0.0
11
639.47
21
287.448
31
0.0
0
LINE
8
07_BANG_THONG_KE_COC_BO
10
492.77
20
284.808
30
0.0
11
639.47
21
284.808
31
0.0
0
LINE
8
07_BANG_THONG_KE_COC_BO
10
492.77
20
282.168
30
0.0
11
639.47
21
282.168
31
0.0
0
LINE
8
07_BANG_THONG_KE_COC_BO
10
492.77
20
279.528
30
0.0
11
639.47
21
279.528
31
0.0
0
LINE
8
07_BANG_THONG_KE_COC_BO
10
492.77
20
276.888
30
0.0
11
639.47
21
276.888
31
0.0
0
LINE
8
07_BANG_THONG_KE_COC_BO
10
492.77
20
274.248
30
0.0
11
639.47
21
274.248
31
0.0
0
LINE
8
07_BANG_THONG_KE_COC_BO
10
492.77
20
271.608
30
0.0
11
639.47
21
271.608
31
0.0
0
LINE
8
07_BANG_THONG_KE_COC_BO
10
492.77
20
268.968
30
0.0
11
639.47
21
268.968
31
0.0
0
LINE
8
07_BANG_THONG_KE_COC_BO
10
492.77
20
266.328
30
0.0
11
639.47
21
266.328
31
0.0
0
LINE
8
07_BANG_THONG_KE_COC_BO
10
492.77
20
263.688
30
0.0
11
639.47
21
263.688
31
0.0
0
LINE
8
07_BANG_THONG_KE_COC_BO
10
492.77
20
261.048
30
0.0
11
639.47
21
261.048
31
0.0
0
LINE
8
07_BANG_THONG_KE_COC_BO
10
492.77
20
258.408
30
0.0
11
639.47
21
258.408
31
0.0
0
LINE
8
07_BANG_THONG_KE_COC_BO
10
492.77
20
255.768
30
0.0
11
639.47
21
255.768
31
0.0
0
LINE
8
07_BANG_THONG_KE_COC_BO
10
492.77
20
253.128
30
0.0
11
639.47
21
253.128
31
0.0
0
LINE
8
07_BANG_THONG_KE_COC_BO
10
492.77
20
250.488
30
0.0
11
639.47
21
250.488
31
0.0
0
LINE
8
07_BANG_THONG_KE_COC_BO
10
492.77
20
247.848
30
0.0
11
639.47
21
247.848
31
0.0
0
LINE
8
07_BANG_THONG_KE_COC_BO
10
492.77
20
245.208
30
0.0
11
639.47
21
245.208
31
0.0
0
LINE
8
07_BANG_THONG_KE_COC_BO
10
492.77
20
242.568
30
0.0
11
639.47
21
242.568
31
0.0
0
LINE
8
07_BANG_THONG_KE_COC_BO
10
492.77
20
239.928
30
0.0
11
639.47
21
239.928
31
0.0
0
LINE
8
07_BANG_THONG_KE_COC_BO
10
492.77
20
237.288
30
0.0
11
639.47
21
237.288
31
0.0
0
LINE
8
07_BANG_THONG_KE_COC_BO
10
492.77
20
234.648
30
0.0
11
639.47
21
234.648
31
0.0
0
LINE
8
07_BANG_THONG_KE_COC_BO
10
492.77
20
232.008
30
0.0
11
639.47
21
232.008
31
0.0
0
LINE
8
07_BANG_THONG_KE_COC_BO
10
492.77
20
229.368
30
0.0
11
639.47
21
229.368
31
0.0
0
LINE
8
07_BANG_THONG_KE_COC_BO
10
492.77
20
226.728
30
0.0
11
639.47
21
226.728
31
0.0
0
LINE
8
07_BANG_THONG_KE_COC_BO
10
492.77
20
224.088
30
0.0
11
639.47
21
224.088
31
0.0
0
LINE
8
07_BANG_THONG_KE_COC_BO
10
492.77
20
221.448
30
0.0
11
639.47
21
221.448
31
0.0
0
LINE
8
07_BANG_THONG_KE_COC_BO
10
492.77
20
218.808
30
0.0
11
639.47
21
218.808
31
0.0
0
LINE
8
07_BANG_THONG_KE_COC_BO
10
492.77
20
216.168
30
0.0
11
639.47
21
216.168
31
0.0
0
LINE
8
07_BANG_THONG_KE_COC_BO
10
492.77
20
213.528
30
0.0
11
639.47
21
213.528
31
0.0
0
LINE
8
07_BANG_THONG_KE_COC_BO
10
492.77
20
210.888
30
0.0
11
639.47
21
210.888
31
0.0
0
LINE
8
07_BANG_THONG_KE_COC_BO
10
492.77
20
208.248
30
0.0
11
639.47
21
208.248
31
0.0
0
LINE
8
07_BANG_THONG_KE_COC_BO
10
492.77
20
205.608
30
0.0
11
639.47
21
205.608
31
0.0
0
LINE
8
07_BANG_THONG_KE_COC_BO
10
492.77
20
202.968
30
0.0
11
639.47
21
202.968
31
0.0
0
LINE
8
07_BANG_THONG_KE_COC_BO
10
492.77
20
200.328
30
0.0
11
639.47
21
200.328
31
0.0
0
LINE
8
07_BANG_THONG_KE_COC_BO
10
492.77
20
197.688
30
0.0
11
639.47
21
197.688
31
0.0
0
LINE
8
07_BANG_THONG_KE_COC_BO
10
492.77
20
195.048
30
0.0
11
639.47
21
195.048
31
0.0
0
LINE
8
07_BANG_THONG_KE_COC_BO
10
492.77
20
192.408
30
0.0
11
639.47
21
192.408
31
0.0
0
LINE
8
07_BANG_THONG_KE_COC_BO
10
492.77
20
189.768
30
0.0
11
639.47
21
189.768
31
0.0
0
LINE
8
07_BANG_THONG_KE_COC_BO
10
492.77
20
187.128
30
0.0
11
639.47
21
187.128
31
0.0
0
LINE
8
07_BANG_THONG_KE_COC_BO
10
492.77
20
184.488
30
0.0
11
639.47
21
184.488
31
0.0
0
LINE
8
07_BANG_THONG_KE_COC_BO
10
492.77
20
181.848
30
0.0
11
639.47
21
181.848
31
0.0
0
LINE
8
07_BANG_THONG_KE_COC_BO
10
492.77
20
179.208
30
0.0
11
639.47
21
179.208
31
0.0
0
LINE
8
07_BANG_THONG_KE_COC_BO
10
492.77
20
176.568
30
0.0
11
639.47
21
176.568
31
0.0
0
LINE
8
07_BANG_THONG_KE_COC_BO
10
492.77
20
173.928
30
0.0
11
639.47
21
173.928
31
0.0
0
LINE
8
07_BANG_THONG_KE_COC_BO
10
492.77
20
171.288
30
0.0
11
639.47
21
171.288
31
0.0
0
LINE
8
07_BANG_THONG_KE_COC_BO
10
492.77
20
168.648
30
0.0
11
639.47
21
168.648
31
0.0
0
LINE
8
07_BANG_THONG_KE_COC_BO
10
492.77
20
166.008
30
0.0
11
639.47
21
166.008
31
0.0
0
LINE
8
07_BANG_THONG_KE_COC_BO
10
492.77
20
163.368
30
0.0
11
639.47
21
163.368
31
0.0
0
LINE
8
07_BANG_THONG_KE_COC_BO
10
492.77
20
160.728
30
0.0
11
639.47
21
160.728
31
0.0
0
LINE
8
07_BANG_THONG_KE_COC_BO
10
492.77
20
158.088
30
0.0
11
639.47
21
158.088
31
0.0
0
LINE
8
07_BANG_THONG_KE_COC_BO
10
492.77
20
155.448
30
0.0
11
639.47
21
155.448
31
0.0
0
LINE
8
07_BANG_THONG_KE_COC_BO
10
492.77
20
152.808
30
0.0
11
639.47
21
152.808
31
0.0
0
LINE
8
07_BANG_THONG_KE_COC_BO
10
492.77
20
150.168
30
0.0
11
639.47
21
150.168
31
0.0
0
LINE
8
07_BANG_THONG_KE_COC_BO
10
492.77
20
147.528
30
0.0
11
639.47
21
147.528
31
0.0
0
LINE
8
07_BANG_THONG_KE_COC_BO
10
492.77
20
144.888
30
0.0
11
639.47
21
144.888
31
0.0
0
LINE
8
07_BANG_THONG_KE_COC_BO
10
492.77
20
142.248
30
0.0
11
639.47
21
142.248
31
0.0
0
LINE
8
07_BANG_THONG_KE_COC_BO
10
492.77
20
139.608
30
0.0
11
639.47
21
139.608
31
0.0
0
LINE
8
07_BANG_THONG_KE_COC_BO
10
492.77
20
136.968
30
0.0
11
639.47
21
136.968
31
0.0
0
LINE
8
07_BANG_THONG_KE_COC_BO
10
492.77
20
134.328
30
0.0
11
639.47
21
134.328
31
0.0
0
LINE
8
07_BANG_THONG_KE_COC_BO
10
492.77
20
131.688
30
0.0
11
639.47
21
131.688
31
0.0
0
LINE
8
07_BANG_THONG_KE_COC_BO
10
492.77
20
129.048
30
0.0
11
639.47
21
129.048
31
0.0
0
LINE
8
07_BANG_THONG_KE_COC_BO
10
492.77
20
126.408
30
0.0
11
639.47
21
126.408
31
0.0
0
LINE
8
07_BANG_THONG_KE_COC_BO
10
492.77
20
123.768
30
0.0
11
639.47
21
123.768
31
0.0
0
LINE
8
07_BANG_THONG_KE_COC_BO
10
492.77
20
121.128
30
0.0
11
639.47
21
121.128
31
0.0
0
LINE
8
07_BANG_THONG_KE_COC_BO
10
492.77
20
118.488
30
0.0
11
639.47
21
118.488
31
0.0
0
LINE
8
07_BANG_THONG_KE_COC_BO
10
492.77
20
115.848
30
0.0
11
639.47
21
115.848
31
0.0
0
LINE
8
07_BANG_THONG_KE_COC_BO
10
492.77
20
113.208
30
0.0
11
639.47
21
113.208
31
0.0
0
LINE
8
07_BANG_THONG_KE_COC_BO
10
492.77
20
110.568
30
0.0
11
639.47
21
110.568
31
0.0
0
LINE
8
07_BANG_THONG_KE_COC_BO
10
492.77
20
107.928
30
0.0
11
639.47
21
107.928
31
0.0
0
LINE
8
07_BANG_THONG_KE_COC_BO
10
492.77
20
105.288
30
0.0
11
639.47
21
105.288
31
0.0
0
LINE
8
07_BANG_THONG_KE_COC_BO
10
492.77
20
102.648
30
0.0
11
639.47
21
102.648
31
0.0
0
LINE
8
07_BANG_THONG_KE_COC_BO
10
492.77
20
100.008
30
0.0
11
639.47
21
100.008
31
0.0
0
LINE
8
07_BANG_THONG_KE_COC_BO
10
492.77
20
97.368
30
0.0
11
639.47
21
97.368
31
0.0
0
LINE
8
07_BANG_THONG_KE_COC_BO
10
492.77
20
94.728
30
0.0
11
639.47
21
94.728
31
0.0
0
LINE
8
07_BANG_THONG_KE_COC_BO
10
492.77
20
92.088
30
0.0
11
639.47
21
92.088
31
0.0
0
LINE
8
07_BANG_THONG_KE_COC_BO
10
492.77
20
89.448
30
0.0
11
639.47
21
89.448
31
0.0
0
LINE
8
07_BANG_THONG_KE_COC_BO
10
492.77
20
86.808
30
0.0
11
639.47
21
86.808
31
0.0
0
LINE
8
07_BANG_THONG_KE_COC_BO
10
492.77
20
84.168
30
0.0
11
639.47
21
84.168
31
0.0
0
LINE
8
07_BANG_THONG_KE_COC_BO
10
492.77
20
81.528
30
0.0
11
639.47
21
81.528
31
0.0
0
LINE
8
07_BANG_THONG_KE_COC_BO
10
492.77
20
78.888
30
0.0
11
639.47
21
78.888
31
0.0
0
LINE
8
07_BANG_THONG_KE_COC_BO
10
492.77
20
76.248
30
0.0
11
639.47
21
76.248
31
0.0
0
LINE
8
07_BANG_THONG_KE_COC_BO
10
492.77
20
73.608
30
0.0
11
639.47
21
73.608
31
0.0
0
LINE
8
07_BANG_THONG_KE_COC_BO
10
492.77
20
70.968
30
0.0
11
639.47
21
70.968
31
0.0
0
LINE
8
07_BANG_THONG_KE_COC_BO
10
492.77
20
68.328
30
0.0
11
639.47
21
68.328
31
0.0
0
LINE
8
07_BANG_THONG_KE_COC_BO
10
492.77
20
65.688
30
0.0
11
639.47
21
65.688
31
0.0
0
LINE
8
07_BANG_THONG_KE_COC_BO
10
492.77
20
63.048
30
0.0
11
639.47
21
63.048
31
0.0
0
LINE
8
07_BANG_THONG_KE_COC_BO
10
492.77
20
60.408
30
0.0
11
639.47
21
60.408
31
0.0
0
LINE
8
07_BANG_THONG_KE_COC_BO
10
492.77
20
57.768
30
0.0
11
639.47
21
57.768
31
0.0
0
LINE
8
07_BANG_THONG_KE_COC_BO
10
492.77
20
55.128
30
0.0
11
639.47
21
55.128
31
0.0
0
LINE
8
07_BANG_THONG_KE_COC_BO
10
492.77
20
52.488
30
0.0
11
639.47
21
52.488
31
0.0
0
LINE
8
07_BANG_THONG_KE_COC_BO
10
492.77
20
49.848
30
0.0
11
639.47
21
49.848
31
0.0
0
LINE
8
07_BANG_THONG_KE_COC_BO
10
492.77
20
47.208
30
0.0
11
639.47
21
47.208
31
0.0
0
LINE
8
07_BANG_THONG_KE_COC_BO
10
492.77
20
44.568
30
0.0
11
639.47
21
44.568
31
0.0
0
LINE
8
07_BANG_THONG_KE_COC_BO
10
492.77
20
41.928
30
0.0
11
639.47
21
41.928
31
0.0
0
LINE
8
07_BANG_THONG_KE_COC_BO
10
492.77
20
39.288
30
0.0
11
639.47
21
39.288
31
0.0
0
LINE
8
07_BANG_THONG_KE_COC_BO
10
492.77
20
36.648
30
0.0
11
639.47
21
36.648
31
0.0
0
LINE
8
07_BANG_THONG_KE_COC_BO
10
492.77
20
34.008
30
0.0
11
639.47
21
34.008
31
0.0
0
LINE
8
07_BANG_THONG_KE_COC_BO
10
492.77
20
31.368
30
0.0
11
639.47
21
31.368
31
0.0
0
LINE
8
07_BANG_THONG_KE_COC_BO
10
492.77
20
28.728
30
0.0
11
639.47
21
28.728
31
0.0
0
LINE
8
07_BANG_THONG_KE_COC_BO
10
492.77
20
26.088
30
0.0
11
639.47
21
26.088
31
0.0
0
LINE
8
07_BANG_THONG_KE_COC_BO
10
492.77
20
23.448
30
0.0
11
639.47
21
23.448
31
0.0
0
LINE
8
07_BANG_THONG_KE_COC_BO
10
492.77
20
20.808
30
0.0
11
639.47
21
20.808
31
0.0
0
LINE
8
07_BANG_THONG_KE_COC_BO
10
492.77
20
18.168
30
0.0
11
639.47
21
18.168
31
0.0
0
LINE
8
07_BANG_THONG_KE_COC_BO
10
492.77
20
15.528
30
0.0
11
639.47
21
15.528
31
0.0
0
LINE
8
07_BANG_THONG_KE_COC_BO
10
492.77
20
12.888
30
0.0
11
639.47
21
12.888
31
0.0
0
LINE
8
07_BANG_THONG_KE_COC_BO
10
492.77
20
10.248
30
0.0
11
639.47
21
10.248
31
0.0
0
LINE
8
07_BANG_THONG_KE_COC_BO
10
492.77
20
7.608
30
0.0
11
639.47
21
7.608
31
0.0
0
LINE
8
07_BANG_THONG_KE_COC_BO
10
492.77
20
4.968
30
0.0
11
639.47
21
4.968
31
0.0
0
LINE
8
07_BANG_THONG_KE_COC_BO
10
492.77
20
2.328
30
0.0
11
639.47
21
2.328
31
0.0
0
LINE
8
07_BANG_THONG_KE_COC_BO
10
492.77
20
-0.312
30
0.0
11
639.47
21
-0.312
31
0.0
0
LINE
8
07_BANG_THONG_KE_COC_BO
10
492.77
20
-2.952
30
0.0
11
639.47
21
-2.952
31
0.0
0
LINE
8
07_BANG_THONG_KE_COC_BO
10
492.77
20
-5.592
30
0.0
11
639.47
21
-5.592
31
0.0
0
LINE
8
07_BANG_THONG_KE_COC_BO
10
492.77
20
-8.232
30
0.0
11
639.47
21
-8.232
31
0.0
0
LINE
8
07_BANG_THONG_KE_COC_BO
10
492.77
20
-10.872
30
0.0
11
639.47
21
-10.872
31
0.0
0
LINE
8
07_BANG_THONG_KE_COC_BO
10
492.77
20
-13.512
30
0.0
11
639.47
21
-13.512
31
0.0
0
LINE
8
07_BANG_THONG_KE_COC_BO
10
492.77
20
-16.152
30
0.0
11
639.47
21
-16.152
31
0.0
0
LINE
8
07_BANG_THONG_KE_COC_BO
10
492.77
20
-18.792
30
0.0
11
639.47
21
-18.792
31
0.0
0
LINE
8
07_BANG_THONG_KE_COC_BO
10
492.77
20
-21.432
30
0.0
11
639.47
21
-21.432
31
0.0
0
LINE
8
07_BANG_THONG_KE_COC_BO
10
492.77
20
-24.072
30
0.0
11
639.47
21
-24.072
31
0.0
0
LINE
8
07_BANG_THONG_KE_COC_BO
10
492.77
20
-26.712
30
0.0
11
639.47
21
-26.712
31
0.0
0
LINE
8
07_BANG_THONG_KE_COC_BO
10
492.77
20
-29.352
30
0.0
11
639.47
21
-29.352
31
0.0
0
LINE
8
07_BANG_THONG_KE_COC_BO
10
492.77
20
-31.992
30
0.0
11
639.47
21
-31.992
31
0.0
0
LINE
8
07_BANG_THONG_KE_COC_BO
10
492.77
20
-34.632
30
0.0
11
639.47
21
-34.632
31
0.0
0
LINE
8
07_BANG_THONG_KE_COC_BO
10
492.77
20
-37.272
30
0.0
11
639.47
21
-37.272
31
0.0
0
LINE
8
07_BANG_THONG_KE_COC_BO
10
492.77
20
-39.912
30
0.0
11
639.47
21
-39.912
31
0.0
0
LINE
8
07_BANG_THONG_KE_COC_BO
10
492.77
20
-42.552
30
0.0
11
639.47
21
-42.552
31
0.0
0
LINE
8
07_BANG_THONG_KE_COC_BO
10
492.77
20
-45.192
30
0.0
11
639.47
21
-45.192
31
0.0
0
LINE
8
07_BANG_THONG_KE_COC_BO
10
492.77
20
-47.832
30
0.0
11
639.47
21
-47.832
31
0.0
0
LINE
8
07_BANG_THONG_KE_COC_BO
10
492.77
20
-50.472
30
0.0
11
639.47
21
-50.472
31
0.0
0
LINE
8
07_BANG_THONG_KE_COC_BO
10
492.77
20
-53.112
30
0.0
11
639.47
21
-53.112
31
0.0
0
LINE
8
07_BANG_THONG_KE_COC_BO
10
492.77
20
-55.752
30
0.0
11
639.47
21
-55.752
31
0.0
0
LINE
8
07_BANG_THONG_KE_COC_BO
10
492.77
20
-58.392
30
0.0
11
639.47
21
-58.392
31
0.0
0
LINE
8
07_BANG_THONG_KE_COC_BO
10
492.77
20
-61.032
30
0.0
11
639.47
21
-61.032
31
0.0
0
LINE
8
07_BANG_THONG_KE_COC_BO
10
492.77
20
-63.672
30
0.0
11
639.47
21
-63.672
31
0.0
0
LINE
8
07_BANG_THONG_KE_COC_BO
10
492.77
20
-66.312
30
0.0
11
639.47
21
-66.312
31
0.0
0
LINE
8
07_BANG_THONG_KE_COC_BO
10
492.77
20
-68.952
30
0.0
11
639.47
21
-68.952
31
0.0
0
LINE
8
07_BANG_THONG_KE_COC_BO
10
492.77
20
-71.592
30
0.0
11
639.47
21
-71.592
31
0.0
0
LINE
8
07_BANG_THONG_KE_COC_BO
10
492.77
20
-74.232
30
0.0
11
639.47
21
-74.232
31
0.0
0
LINE
8
07_BANG_THONG_KE_COC_BO
10
492.77
20
-76.872
30
0.0
11
639.47
21
-76.872
31
0.0
0
LINE
8
07_BANG_THONG_KE_COC_BO
10
492.77
20
-79.512
30
0.0
11
639.47
21
-79.512
31
0.0
0
LINE
8
07_BANG_THONG_KE_COC_BO
10
492.77
20
-82.152
30
0.0
11
639.47
21
-82.152
31
0.0
0
LINE
8
07_BANG_THONG_KE_COC_BO
10
492.77
20
-84.792
30
0.0
11
639.47
21
-84.792
31
0.0
0
LINE
8
07_BANG_THONG_KE_COC_BO
10
492.77
20
-87.432
30
0.0
11
639.47
21
-87.432
31
0.0
0
LINE
8
07_BANG_THONG_KE_COC_BO
10
492.77
20
-90.072
30
0.0
11
639.47
21
-90.072
31
0.0
0
LINE
8
07_BANG_THONG_KE_COC_BO
10
492.77
20
-92.712
30
0.0
11
639.47
21
-92.712
31
0.0
0
LINE
8
07_BANG_THONG_KE_COC_BO
10
492.77
20
-95.352
30
0.0
11
639.47
21
-95.352
31
0.0
0
LINE
8
07_BANG_THONG_KE_COC_BO
10
492.77
20
-97.992
30
0.0
11
639.47
21
-97.992
31
0.0
0
LINE
8
07_BANG_THONG_KE_COC_BO
10
492.77
20
-100.632
30
0.0
11
639.47
21
-100.632
31
0.0
0
LINE
8
07_BANG_THONG_KE_COC_BO
10
492.77
20
-103.272
30
0.0
11
639.47
21
-103.272
31
0.0
0
LINE
8
07_BANG_THONG_KE_COC_BO
10
492.77
20
-105.912
30
0.0
11
639.47
21
-105.912
31
0.0
0
LINE
8
07_BANG_THONG_KE_COC_BO
10
492.77
20
-108.552
30
0.0
11
639.47
21
-108.552
31
0.0
0
LINE
8
07_BANG_THONG_KE_COC_BO
10
492.77
20
-111.192
30
0.0
11
639.47
21
-111.192
31
0.0
0
LINE
8
07_BANG_THONG_KE_COC_BO
10
492.77
20
-113.832
30
0.0
11
639.47
21
-113.832
31
0.0
0
LINE
8
07_BANG_THONG_KE_COC_BO
10
492.77
20
-116.472
30
0.0
11
639.47
21
-116.472
31
0.0
0
LINE
8
07_BANG_THONG_KE_COC_BO
10
492.77
20
-119.112
30
0.0
11
639.47
21
-119.112
31
0.0
0
LINE
8
07_BANG_THONG_KE_COC_BO
10
492.77
20
-121.752
30
0.0
11
639.47
21
-121.752
31
0.0
0
LINE
8
07_BANG_THONG_KE_COC_BO
10
492.77
20
-124.392
30
0.0
11
639.47
21
-124.392
31
0.0
0
LINE
8
07_BANG_THONG_KE_COC_BO
10
492.77
20
-127.032
30
0.0
11
639.47
21
-127.032
31
0.0
0
LINE
8
07_BANG_THONG_KE_COC_BO
10
492.77
20
-129.672
30
0.0
11
639.47
21
-129.672
31
0.0
0
LINE
8
07_BANG_THONG_KE_COC_BO
10
492.77
20
-132.312
30
0.0
11
639.47
21
-132.312
31
0.0
0
LINE
8
07_BANG_THONG_KE_COC_BO
10
492.77
20
-134.952
30
0.0
11
639.47
21
-134.952
31
0.0
0
LINE
8
07_BANG_THONG_KE_COC_BO
10
492.77
20
-137.592
30
0.0
11
639.47
21
-137.592
31
0.0
0
LINE
8
07_BANG_THONG_KE_COC_BO
10
492.77
20
-140.232
30
0.0
11
639.47
21
-140.232
31
0.0
0
LINE
8
07_BANG_THONG_KE_COC_BO
10
492.77
20
-142.872
30
0.0
11
639.47
21
-142.872
31
0.0
0
LINE
8
07_BANG_THONG_KE_COC_BO
10
492.77
20
-145.512
30
0.0
11
639.47
21
-145.512
31
0.0
0
LINE
8
07_BANG_THONG_KE_COC_BO
10
492.77
20
-148.152
30
0.0
11
639.47
21
-148.152
31
0.0
0
LINE
8
07_BANG_THONG_KE_COC_BO
10
492.77
20
-150.792
30
0.0
11
639.47
21
-150.792
31
0.0
0
LINE
8
07_BANG_THONG_KE_COC_BO
10
492.77
20
-153.432
30
0.0
11
639.47
21
-153.432
31
0.0
0
LINE
8
07_BANG_THONG_KE_COC_BO
10
492.77
20
-156.072
30
0.0
11
639.47
21
-156.072
31
0.0
0
LINE
8
07_BANG_THONG_KE_COC_BO
10
492.77
20
-158.712
30
0.0
11
639.47
21
-158.712
31
0.0
0
LINE
8
07_BANG_THONG_KE_COC_BO
10
492.77
20
-161.352
30
0.0
11
639.47
21
-161.352
31
0.0
0
LINE
8
07_BANG_THONG_KE_COC_BO
10
492.77
20
-163.992
30
0.0
11
639.47
21
-163.992
31
0.0
0
LINE
8
07_BANG_THONG_KE_COC_BO
10
492.77
20
-166.632
30
0.0
11
639.47
21
-166.632
31
0.0
0
LINE
8
07_BANG_THONG_KE_COC_BO
10
492.77
20
-169.272
30
0.0
11
639.47
21
-169.272
31
0.0
0
LINE
8
07_BANG_THONG_KE_COC_BO
10
492.77
20
-171.912
30
0.0
11
639.47
21
-171.912
31
0.0
0
LINE
8
07_BANG_THONG_KE_COC_BO
10
492.77
20
-174.552
30
0.0
11
639.47
21
-174.552
31
0.0
0
LINE
8
07_BANG_THONG_KE_COC_BO
10
492.77
20
-177.192
30
0.0
11
639.47
21
-177.192
31
0.0
0
LINE
8
07_BANG_THONG_KE_COC_BO
10
492.77
20
-179.832
30
0.0
11
639.47
21
-179.832
31
0.0
0
LINE
8
07_BANG_THONG_KE_COC_BO
10
492.77
20
-182.472
30
0.0
11
639.47
21
-182.472
31
0.0
0
LINE
8
07_BANG_THONG_KE_COC_BO
10
492.77
20
-185.112
30
0.0
11
639.47
21
-185.112
31
0.0
0
LINE
8
07_BANG_THONG_KE_COC_BO
10
492.77
20
-187.752
30
0.0
11
639.47
21
-187.752
31
0.0
0
LINE
8
07_BANG_THONG_KE_COC_BO
10
492.77
20
-190.392
30
0.0
11
639.47
21
-190.392
31
0.0
0
LINE
8
07_BANG_THONG_KE_COC_BO
10
492.77
20
-193.032
30
0.0
11
639.47
21
-193.032
31
0.0
0
LINE
8
07_BANG_THONG_KE_COC_BO
10
492.77
20
-195.672
30
0.0
11
639.47
21
-195.672
31
0.0
0
LINE
8
07_BANG_THONG_KE_COC_BO
10
492.77
20
-198.312
30
0.0
11
639.47
21
-198.312
31
0.0
0
LINE
8
07_BANG_THONG_KE_COC_BO
10
492.77
20
-200.952
30
0.0
11
639.47
21
-200.952
31
0.0
0
LINE
8
07_BANG_THONG_KE_COC_BO
10
492.77
20
-203.592
30
0.0
11
639.47
21
-203.592
31
0.0
0
LINE
8
07_BANG_THONG_KE_COC_BO
10
492.77
20
-206.232
30
0.0
11
639.47
21
-206.232
31
0.0
0
LINE
8
07_BANG_THONG_KE_COC_BO
10
492.77
20
406.248
30
0.0
11
492.77
21
-206.232
31
0.0
0
LINE
8
07_BANG_THONG_KE_COC_BO
10
505.37
20
406.248
30
0.0
11
505.37
21
-206.232
31
0.0
0
LINE
8
07_BANG_THONG_KE_COC_BO
10
516.17
20
406.248
30
0.0
11
516.17
21
-206.232
31
0.0
0
LINE
8
07_BANG_THONG_KE_COC_BO
10
524.27
20
406.248
30
0.0
11
524.27
21
-206.232
31
0.0
0
LINE
8
07_BANG_THONG_KE_COC_BO
10
535.07
20
406.248
30
0.0
11
535.07
21
-206.232
31
0.0
0
LINE
8
07_BANG_THONG_KE_COC_BO
10
545.87
20
406.248
30
0.0
11
545.87
21
-206.232
31
0.0
0
LINE
8
07_BANG_THONG_KE_COC_BO
10
554.87
20
406.248
30
0.0
11
554.87
21
-206.232
31
0.0
0
LINE
8
07_BANG_THONG_KE_COC_BO
10
562.07
20
406.248
30
0.0
11
562.07
21
-206.232
31
0.0
0
LINE
8
07_BANG_THONG_KE_COC_BO
10
570.17
20
406.248
30
0.0
11
570.17
21
-206.232
31
0.0
0
LINE
8
07_BANG_THONG_KE_COC_BO
10
579.17
20
406.248
30
0.0
11
579.17
21
-206.232
31
0.0
0
LINE
8
07_BANG_THONG_KE_COC_BO
10
589.97
20
406.248
30
0.0
11
589.97
21
-206.232
31
0.0
0
LINE
8
07_BANG_THONG_KE_COC_BO
10
600.77
20
406.248
30
0.0
11
600.77
21
-206.232
31
0.0
0
LINE
8
07_BANG_THONG_KE_COC_BO
10
610.67
20
406.248
30
0.0
11
610.67
21
-206.232
31
0.0
0
LINE
8
07_BANG_THONG_KE_COC_BO
10
626.87
20
406.248
30
0.0
11
626.87
21
-206.232
31
0.0
0
LINE
8
07_BANG_THONG_KE_COC_BO
10
639.47
20
406.248
30
0.0
11
639.47
21
-206.232
31
0.0
0
TEXT
8
08_BANG_THONG_KE_DE_NEO
10
669.47
20
417.6
30
0.0
40
1.56
1
B\U+1EA2NG TH\U+1ED0NG K\U+00CA \U+0110\U+1EBE NEO \U+0110\U+00C1Y H\U+1ED2: \U+0110\U+1EBE BTCT + V\U+00CDT XO\U+1EAEN (32 \U+0110\U+1EBE, 32 \U+0110\U+1EBE D\U+00D9NG CHUNG, 64 TUY\U+1EBEN C\U+00C1P) \U+2014 HV-FPV-2026
7
VN
0
TEXT
8
08_BANG_THONG_KE_DE_NEO
10
669.47
20
414.96
30
0.0
40
1.56
1
B, t: c\U+1EA1nh v\U+00E0 chi\U+1EC1u d\U+00E0y \U+0111\U+1EBF | C\U+1EA8U: kh\U+1ED1i l\U+01B0\U+1EE3ng \U+0111\U+1EBF khi c\U+1EA9u l\U+1EAFp | NH\U+1ED4, TR\U+01AF\U+1EE2T, L\U+1EACT, 1 V\U+00CDT: h\U+1EC7 s\U+1ED1 s\U+1EED d\U+1EE5ng (\U+2264 1,00 l\U+00E0 \U+0111\U+1EA1t), l\U+1EA5y tr\U+01B0\U+1EDDng h\U+1EE3p b\U+1EA5t l\U+1EE3i h\U+01A1n trong hai m\U+1EF1c n\U+01B0\U+1EDBc
7
VN
0
TEXT
8
08_BANG_THONG_KE_DE_NEO
10
669.47
20
412.32
30
0.0
40
1.56
1
Kh\U+00F4ng c\U+00F3 \U+0111\U+1EBF n\U+00E0o ch\U+1ED3ng l\U+1EA5n nhau tr\U+00EAn m\U+1EB7t b\U+1EB1ng.
7
VN
0
TEXT
8
08_BANG_THONG_KE_DE_NEO
10
669.47
20
409.68
30
0.0
40
1.56
1
CH\U+00DA \U+00DD: Gi\U+00F3 t\U+00EDnh to\U+00E1n V = 20 m/s l\U+00E0 c\U+1EA5p gi\U+00F3 v\U+1EADn h\U+00E0nh, TH\U+1EA4P H\U+01A0N gi\U+00F3 ti\U+00EAu chu\U+1EA9n TCVN 2737:2023 v\U+00F9ng II-B (V \U+2248 29,7 m/s, q0 = 0,54 kN/m\U+00B2): \U+00E1p l\U+1EF1c gi\U+00F3 ch\U+1EC9 b\U+1EB1ng 45% m\U+1EE9c ti\U+00EAu chu\U+1EA9n. C\U+00E1p, c\U+1ECDc v\U+00E0 \U+0111\U+1EBF neo \U+0111\U+1ECBnh c\U+1EE1 \U+1EDF c\U+1EA5p gi\U+00F3 n\U+00E0y CH\U+01AFA \U+0111\U+01B0\U+1EE3c ki\U+1EC3m tra v\U+1EDBi b\U+00E3o thi\U+1EBFt k\U+1EBF; nh\U+1EADp V = 30 m/s \U+1EDF Tab 2 \U+0111\U+1EC3 ki\U+1EC3m tra.
7
VN
0
TEXT
8
08_BANG_THONG_KE_DE_NEO
10
669.95
20
404.376
30
0.0
40
1.2
1
M\U+00C3 \U+0110\U+1EBE
7
VN
0
TEXT
8
08_BANG_THONG_KE_DE_NEO
10
682.55
20
404.376
30
0.0
40
1.2
1
D\U+00C2Y NEO
7
VN
0
TEXT
8
08_BANG_THONG_KE_DE_NEO
10
700.55
20
404.376
30
0.0
40
1.2
1
B\U+00C8
7
VN
0
TEXT
8
08_BANG_THONG_KE_DE_NEO
10
714.05
20
404.376
30
0.0
40
1.2
1
LO\U+1EA0I
7
VN
0
TEXT
8
08_BANG_THONG_KE_DE_NEO
10
724.85
20
404.376
30
0.0
40
1.2
1
X (m)
7
VN
0
TEXT
8
08_BANG_THONG_KE_DE_NEO
10
735.65
20
404.376
30
0.0
40
1.2
1
Y (m)
7
VN
0
TEXT
8
08_BANG_THONG_KE_DE_NEO
10
746.45
20
404.376
30
0.0
40
1.2
1
Z (m)
7
VN
0
TEXT
8
08_BANG_THONG_KE_DE_NEO
10
755.45
20
404.376
30
0.0
40
1.2
1
B (m)
7
VN
0
TEXT
8
08_BANG_THONG_KE_DE_NEO
10
762.65
20
404.376
30
0.0
40
1.2
1
t (m)
7
VN
0
TEXT
8
08_BANG_THONG_KE_DE_NEO
10
769.85
20
404.376
30
0.0
40
1.2
1
BT (m\U+00B3)
7
VN
0
TEXT
8
08_BANG_THONG_KE_DE_NEO
10
777.95
20
404.376
30
0.0
40
1.2
1
C\U+1EA8U (T)
7
VN
0
TEXT
8
08_BANG_THONG_KE_DE_NEO
10
786.05
20
404.376
30
0.0
40
1.2
1
T d\U+00E2y (kN)
7
VN
0
TEXT
8
08_BANG_THONG_KE_DE_NEO
10
796.85
20
404.376
30
0.0
40
1.2
1
NH\U+1ED4
7
VN
0
TEXT
8
08_BANG_THONG_KE_DE_NEO
10
804.05
20
404.376
30
0.0
40
1.2
1
TR\U+01AF\U+1EE2T
7
VN
0
TEXT
8
08_BANG_THONG_KE_DE_NEO
10
812.15
20
404.376
30
0.0
40
1.2
1
L\U+1EACT
7
VN
0
TEXT
8
08_BANG_THONG_KE_DE_NEO
10
819.35
20
404.376
30
0.0
40
1.2
1
1 V\U+00CDT
7
VN
0
TEXT
8
08_BANG_THONG_KE_DE_NEO
10
826.55
20
404.376
30
0.0
40
1.2
1
K\U+1EBET LU\U+1EACN
7
VN
0
TEXT
8
08_BANG_THONG_KE_DE_NEO
10
837.35
20
404.376
30
0.0
40
1.2
1
CH\U+1ED2NG L\U+1EA4N V\U+1EDAI
7
VN
0
TEXT
8
08_BANG_THONG_KE_DE_NEO
10
669.95
20
401.736
30
0.0
40
1.2
1
HV-DV001
7
VN
0
TEXT
8
08_BANG_THONG_KE_DE_NEO
10
682.55
20
401.736
30
0.0
40
1.2
1
B1-D15 + B2-D13
7
VN
0
TEXT
8
08_BANG_THONG_KE_DE_NEO
10
700.55
20
401.736
30
0.0
40
1.2
1
B\U+00C8 1 + B\U+00C8 2
7
VN
0
TEXT
8
08_BANG_THONG_KE_DE_NEO
10
714.05
20
401.736
30
0.0
40
1.2
1
D\U+00D9NG CHUNG
7
VN
0
TEXT
8
08_BANG_THONG_KE_DE_NEO
10
724.85
20
401.736
30
0.0
40
1.2
1
-128,58
7
VN
0
TEXT
8
08_BANG_THONG_KE_DE_NEO
10
735.65
20
401.736
30
0.0
40
1.2
1
44,11
7
VN
0
TEXT
8
08_BANG_THONG_KE_DE_NEO
10
746.45
20
401.736
30
0.0
40
1.2
1
378,30
7
VN
0
TEXT
8
08_BANG_THONG_KE_DE_NEO
10
755.45
20
401.736
30
0.0
40
1.2
1
2,50
7
VN
0
TEXT
8
08_BANG_THONG_KE_DE_NEO
10
762.65
20
401.736
30
0.0
40
1.2
1
0,40
7
VN
0
TEXT
8
08_BANG_THONG_KE_DE_NEO
10
769.85
20
401.736
30
0.0
40
1.2
1
2,5
7
VN
0
TEXT
8
08_BANG_THONG_KE_DE_NEO
10
777.95
20
401.736
30
0.0
40
1.2
1
6,4
7
VN
0
TEXT
8
08_BANG_THONG_KE_DE_NEO
10
786.05
20
401.736
30
0.0
40
1.2
1
30,2
7
VN
0
TEXT
8
08_BANG_THONG_KE_DE_NEO
10
796.85
20
401.736
30
0.0
40
1.2
1
0,44
7
VN
0
TEXT
8
08_BANG_THONG_KE_DE_NEO
10
804.05
20
401.736
30
0.0
40
1.2
1
0,27
7
VN
0
TEXT
8
08_BANG_THONG_KE_DE_NEO
10
812.15
20
401.736
30
0.0
40
1.2
1
0,44
7
VN
0
TEXT
8
08_BANG_THONG_KE_DE_NEO
10
819.35
20
401.736
30
0.0
40
1.2
1
0,00
7
VN
0
TEXT
8
08_BANG_THONG_KE_DE_NEO
10
826.55
20
401.736
30
0.0
40
1.2
1
\U+0110\U+1EA0T
7
VN
0
TEXT
8
08_BANG_THONG_KE_DE_NEO
10
837.35
20
401.736
30
0.0
40
1.2
1
-
7
VN
0
TEXT
8
08_BANG_THONG_KE_DE_NEO
10
669.95
20
399.096
30
0.0
40
1.2
1
HV-DV002
7
VN
0
TEXT
8
08_BANG_THONG_KE_DE_NEO
10
682.55
20
399.096
30
0.0
40
1.2
1
B1-D19 + B2-D20
7
VN
0
TEXT
8
08_BANG_THONG_KE_DE_NEO
10
700.55
20
399.096
30
0.0
40
1.2
1
B\U+00C8 1 + B\U+00C8 2
7
VN
0
TEXT
8
08_BANG_THONG_KE_DE_NEO
10
714.05
20
399.096
30
0.0
40
1.2
1
D\U+00D9NG CHUNG
7
VN
0
TEXT
8
08_BANG_THONG_KE_DE_NEO
10
724.85
20
399.096
30
0.0
40
1.2
1
-138,58
7
VN
0
TEXT
8
08_BANG_THONG_KE_DE_NEO
10
735.65
20
399.096
30
0.0
40
1.2
1
31,21
7
VN
0
TEXT
8
08_BANG_THONG_KE_DE_NEO
10
746.45
20
399.096
30
0.0
40
1.2
1
378,30
7
VN
0
TEXT
8
08_BANG_THONG_KE_DE_NEO
10
755.45
20
399.096
30
0.0
40
1.2
1
2,50
7
VN
0
TEXT
8
08_BANG_THONG_KE_DE_NEO
10
762.65
20
399.096
30
0.0
40
1.2
1
0,40
7
VN
0
TEXT
8
08_BANG_THONG_KE_DE_NEO
10
769.85
20
399.096
30
0.0
40
1.2
1
2,5
7
VN
0
TEXT
8
08_BANG_THONG_KE_DE_NEO
10
777.95
20
399.096
30
0.0
40
1.2
1
6,4
7
VN
0
TEXT
8
08_BANG_THONG_KE_DE_NEO
10
786.05
20
399.096
30
0.0
40
1.2
1
30,2
7
VN
0
TEXT
8
08_BANG_THONG_KE_DE_NEO
10
796.85
20
399.096
30
0.0
40
1.2
1
0,47
7
VN
0
TEXT
8
08_BANG_THONG_KE_DE_NEO
10
804.05
20
399.096
30
0.0
40
1.2
1
0,27
7
VN
0
TEXT
8
08_BANG_THONG_KE_DE_NEO
10
812.15
20
399.096
30
0.0
40
1.2
1
0,47
7
VN
0
TEXT
8
08_BANG_THONG_KE_DE_NEO
10
819.35
20
399.096
30
0.0
40
1.2
1
0,00
7
VN
0
TEXT
8
08_BANG_THONG_KE_DE_NEO
10
826.55
20
399.096
30
0.0
40
1.2
1
\U+0110\U+1EA0T
7
VN
0
TEXT
8
08_BANG_THONG_KE_DE_NEO
10
837.35
20
399.096
30
0.0
40
1.2
1
-
7
VN
0
TEXT
8
08_BANG_THONG_KE_DE_NEO
10
669.95
20
396.456
30
0.0
40
1.2
1
HV-DV003
7
VN
0
TEXT
8
08_BANG_THONG_KE_DE_NEO
10
682.55
20
396.456
30
0.0
40
1.2
1
B2-D12 + B3-D22
7
VN
0
TEXT
8
08_BANG_THONG_KE_DE_NEO
10
700.55
20
396.456
30
0.0
40
1.2
1
B\U+00C8 2 + B\U+00C8 3
7
VN
0
TEXT
8
08_BANG_THONG_KE_DE_NEO
10
714.05
20
396.456
30
0.0
40
1.2
1
D\U+00D9NG CHUNG
7
VN
0
TEXT
8
08_BANG_THONG_KE_DE_NEO
10
724.85
20
396.456
30
0.0
40
1.2
1
-42,64
7
VN
0
TEXT
8
08_BANG_THONG_KE_DE_NEO
10
735.65
20
396.456
30
0.0
40
1.2
1
-28,74
7
VN
0
TEXT
8
08_BANG_THONG_KE_DE_NEO
10
746.45
20
396.456
30
0.0
40
1.2
1
378,30
7
VN
0
TEXT
8
08_BANG_THONG_KE_DE_NEO
10
755.45
20
396.456
30
0.0
40
1.2
1
2,50
7
VN
0
TEXT
8
08_BANG_THONG_KE_DE_NEO
10
762.65
20
396.456
30
0.0
40
1.2
1
0,40
7
VN
0
TEXT
8
08_BANG_THONG_KE_DE_NEO
10
769.85
20
396.456
30
0.0
40
1.2
1
2,5
7
VN
0
TEXT
8
08_BANG_THONG_KE_DE_NEO
10
777.95
20
396.456
30
0.0
40
1.2
1
6,4
7
VN
0
TEXT
8
08_BANG_THONG_KE_DE_NEO
10
786.05
20
396.456
30
0.0
40
1.2
1
38,6
7
VN
0
TEXT
8
08_BANG_THONG_KE_DE_NEO
10
796.85
20
396.456
30
0.0
40
1.2
1
0,59
7
VN
0
TEXT
8
08_BANG_THONG_KE_DE_NEO
10
804.05
20
396.456
30
0.0
40
1.2
1
0,36
7
VN
0
TEXT
8
08_BANG_THONG_KE_DE_NEO
10
812.15
20
396.456
30
0.0
40
1.2
1
0,63
7
VN
0
TEXT
8
08_BANG_THONG_KE_DE_NEO
10
819.35
20
396.456
30
0.0
40
1.2
1
0,29
7
VN
0
TEXT
8
08_BANG_THONG_KE_DE_NEO
10
826.55
20
396.456
30
0.0
40
1.2
1
\U+0110\U+1EA0T
7
VN
0
TEXT
8
08_BANG_THONG_KE_DE_NEO
10
837.35
20
396.456
30
0.0
40
1.2
1
-
7
VN
0
TEXT
8
08_BANG_THONG_KE_DE_NEO
10
669.95
20
393.816
30
0.0
40
1.2
1
HV-DV004
7
VN
0
TEXT
8
08_BANG_THONG_KE_DE_NEO
10
682.55
20
393.816
30
0.0
40
1.2
1
B2-D17 + B3-D17
7
VN
0
TEXT
8
08_BANG_THONG_KE_DE_NEO
10
700.55
20
393.816
30
0.0
40
1.2
1
B\U+00C8 2 + B\U+00C8 3
7
VN
0
TEXT
8
08_BANG_THONG_KE_DE_NEO
10
714.05
20
393.816
30
0.0
40
1.2
1
D\U+00D9NG CHUNG
7
VN
0
TEXT
8
08_BANG_THONG_KE_DE_NEO
10
724.85
20
393.816
30
0.0
40
1.2
1
-48,54
7
VN
0
TEXT
8
08_BANG_THONG_KE_DE_NEO
10
735.65
20
393.816
30
0.0
40
1.2
1
-35,03
7
VN
0
TEXT
8
08_BANG_THONG_KE_DE_NEO
10
746.45
20
393.816
30
0.0
40
1.2
1
378,30
7
VN
0
TEXT
8
08_BANG_THONG_KE_DE_NEO
10
755.45
20
393.816
30
0.0
40
1.2
1
2,50
7
VN
0
TEXT
8
08_BANG_THONG_KE_DE_NEO
10
762.65
20
393.816
30
0.0
40
1.2
1
0,40
7
VN
0
TEXT
8
08_BANG_THONG_KE_DE_NEO
10
769.85
20
393.816
30
0.0
40
1.2
1
2,5
7
VN
0
TEXT
8
08_BANG_THONG_KE_DE_NEO
10
777.95
20
393.816
30
0.0
40
1.2
1
6,4
7
VN
0
TEXT
8
08_BANG_THONG_KE_DE_NEO
10
786.05
20
393.816
30
0.0
40
1.2
1
38,6
7
VN
0
TEXT
8
08_BANG_THONG_KE_DE_NEO
10
796.85
20
393.816
30
0.0
40
1.2
1
0,63
7
VN
0
TEXT
8
08_BANG_THONG_KE_DE_NEO
10
804.05
20
393.816
30
0.0
40
1.2
1
0,36
7
VN
0
TEXT
8
08_BANG_THONG_KE_DE_NEO
10
812.15
20
393.816
30
0.0
40
1.2
1
0,67
7
VN
0
TEXT
8
08_BANG_THONG_KE_DE_NEO
10
819.35
20
393.816
30
0.0
40
1.2
1
0,38
7
VN
0
TEXT
8
08_BANG_THONG_KE_DE_NEO
10
826.55
20
393.816
30
0.0
40
1.2
1
\U+0110\U+1EA0T
7
VN
0
TEXT
8
08_BANG_THONG_KE_DE_NEO
10
837.35
20
393.816
30
0.0
40
1.2
1
-
7
VN
0
TEXT
8
08_BANG_THONG_KE_DE_NEO
10
669.95
20
391.176
30
0.0
40
1.2
1
HV-DV005
7
VN
0
TEXT
8
08_BANG_THONG_KE_DE_NEO
10
682.55
20
391.176
30
0.0
40
1.2
1
B2-D18 + B3-D13
7
VN
0
TEXT
8
08_BANG_THONG_KE_DE_NEO
10
700.55
20
391.176
30
0.0
40
1.2
1
B\U+00C8 2 + B\U+00C8 3
7
VN
0
TEXT
8
08_BANG_THONG_KE_DE_NEO
10
714.05
20
391.176
30
0.0
40
1.2
1
D\U+00D9NG CHUNG
7
VN
0
TEXT
8
08_BANG_THONG_KE_DE_NEO
10
724.85
20
391.176
30
0.0
40
1.2
1
-28,46
7
VN
0
TEXT
8
08_BANG_THONG_KE_DE_NEO
10
735.65
20
391.176
30
0.0
40
1.2
1
-18,93
7
VN
0
TEXT
8
08_BANG_THONG_KE_DE_NEO
10
746.45
20
391.176
30
0.0
40
1.2
1
378,30
7
VN
0
TEXT
8
08_BANG_THONG_KE_DE_NEO
10
755.45
20
391.176
30
0.0
40
1.2
1
2,50
7
VN
0
TEXT
8
08_BANG_THONG_KE_DE_NEO
10
762.65
20
391.176
30
0.0
40
1.2
1
0,40
7
VN
0
TEXT
8
08_BANG_THONG_KE_DE_NEO
10
769.85
20
391.176
30
0.0
40
1.2
1
2,5
7
VN
0
TEXT
8
08_BANG_THONG_KE_DE_NEO
10
777.95
20
391.176
30
0.0
40
1.2
1
6,4
7
VN
0
TEXT
8
08_BANG_THONG_KE_DE_NEO
10
786.05
20
391.176
30
0.0
40
1.2
1
38,6
7
VN
0
TEXT
8
08_BANG_THONG_KE_DE_NEO
10
796.85
20
391.176
30
0.0
40
1.2
1
0,46
7
VN
0
TEXT
8
08_BANG_THONG_KE_DE_NEO
10
804.05
20
391.176
30
0.0
40
1.2
1
0,37
7
VN
0
TEXT
8
08_BANG_THONG_KE_DE_NEO
10
812.15
20
391.176
30
0.0
40
1.2
1
0,51
7
VN
0
TEXT
8
08_BANG_THONG_KE_DE_NEO
10
819.35
20
391.176
30
0.0
40
1.2
1
0,01
7
VN
0
TEXT
8
08_BANG_THONG_KE_DE_NEO
10
826.55
20
391.176
30
0.0
40
1.2
1
\U+0110\U+1EA0T
7
VN
0
TEXT
8
08_BANG_THONG_KE_DE_NEO
10
837.35
20
391.176
30
0.0
40
1.2
1
-
7
VN
0
TEXT
8
08_BANG_THONG_KE_DE_NEO
10
669.95
20
388.536
30
0.0
40
1.2
1
HV-DV006
7
VN
0
TEXT
8
08_BANG_THONG_KE_DE_NEO
10
682.55
20
388.536
30
0.0
40
1.2
1
B3-D12 + B3A-D23
7
VN
0
TEXT
8
08_BANG_THONG_KE_DE_NEO
10
700.55
20
388.536
30
0.0
40
1.2
1
B\U+00C8 3 + B\U+00C8 3A
7
VN
0
TEXT
8
08_BANG_THONG_KE_DE_NEO
10
714.05
20
388.536
30
0.0
40
1.2
1
D\U+00D9NG CHUNG
7
VN
0
TEXT
8
08_BANG_THONG_KE_DE_NEO
10
724.85
20
388.536
30
0.0
40
1.2
1
16,60
7
VN
0
TEXT
8
08_BANG_THONG_KE_DE_NEO
10
735.65
20
388.536
30
0.0
40
1.2
1
-124,06
7
VN
0
TEXT
8
08_BANG_THONG_KE_DE_NEO
10
746.45
20
388.536
30
0.0
40
1.2
1
378,30
7
VN
0
TEXT
8
08_BANG_THONG_KE_DE_NEO
10
755.45
20
388.536
30
0.0
40
1.2
1
3,25
7
VN
0
TEXT
8
08_BANG_THONG_KE_DE_NEO
10
762.65
20
388.536
30
0.0
40
1.2
1
0,40
7
VN
0
TEXT
8
08_BANG_THONG_KE_DE_NEO
10
769.85
20
388.536
30
0.0
40
1.2
1
4,2
7
VN
0
TEXT
8
08_BANG_THONG_KE_DE_NEO
10
777.95
20
388.536
30
0.0
40
1.2
1
10,8
7
VN
0
TEXT
8
08_BANG_THONG_KE_DE_NEO
10
786.05
20
388.536
30
0.0
40
1.2
1
73,7
7
VN
0
TEXT
8
08_BANG_THONG_KE_DE_NEO
10
796.85
20
388.536
30
0.0
40
1.2
1
0,77
7
VN
0
TEXT
8
08_BANG_THONG_KE_DE_NEO
10
804.05
20
388.536
30
0.0
40
1.2
1
0,55
7
VN
0
TEXT
8
08_BANG_THONG_KE_DE_NEO
10
812.15
20
388.536
30
0.0
40
1.2
1
0,92
7
VN
0
TEXT
8
08_BANG_THONG_KE_DE_NEO
10
819.35
20
388.536
30
0.0
40
1.2
1
0,68
7
VN
0
TEXT
8
08_BANG_THONG_KE_DE_NEO
10
826.55
20
388.536
30
0.0
40
1.2
1
\U+0110\U+1EA0T
7
VN
0
TEXT
8
08_BANG_THONG_KE_DE_NEO
10
837.35
20
388.536
30
0.0
40
1.2
1
-
7
VN
0
TEXT
8
08_BANG_THONG_KE_DE_NEO
10
669.95
20
385.896
30
0.0
40
1.2
1
HV-DV007
7
VN
0
TEXT
8
08_BANG_THONG_KE_DE_NEO
10
682.55
20
385.896
30
0.0
40
1.2
1
B3-D14 + B3A-D21
7
VN
0
TEXT
8
08_BANG_THONG_KE_DE_NEO
10
700.55
20
385.896
30
0.0
40
1.2
1
B\U+00C8 3 + B\U+00C8 3A
7
VN
0
TEXT
8
08_BANG_THONG_KE_DE_NEO
10
714.05
20
385.896
30
0.0
40
1.2
1
D\U+00D9NG CHUNG
7
VN
0
TEXT
8
08_BANG_THONG_KE_DE_NEO
10
724.85
20
385.896
30
0.0
40
1.2
1
42,39
7
VN
0
TEXT
8
08_BANG_THONG_KE_DE_NEO
10
735.65
20
385.896
30
0.0
40
1.2
1
-119,37
7
VN
0
TEXT
8
08_BANG_THONG_KE_DE_NEO
10
746.45
20
385.896
30
0.0
40
1.2
1
378,30
7
VN
0
TEXT
8
08_BANG_THONG_KE_DE_NEO
10
755.45
20
385.896
30
0.0
40
1.2
1
2,50
7
VN
0
TEXT
8
08_BANG_THONG_KE_DE_NEO
10
762.65
20
385.896
30
0.0
40
1.2
1
0,40
7
VN
0
TEXT
8
08_BANG_THONG_KE_DE_NEO
10
769.85
20
385.896
30
0.0
40
1.2
1
2,5
7
VN
0
TEXT
8
08_BANG_THONG_KE_DE_NEO
10
777.95
20
385.896
30
0.0
40
1.2
1
6,4
7
VN
0
TEXT
8
08_BANG_THONG_KE_DE_NEO
10
786.05
20
385.896
30
0.0
40
1.2
1
73,7
7
VN
0
TEXT
8
08_BANG_THONG_KE_DE_NEO
10
796.85
20
385.896
30
0.0
40
1.2
1
0,73
7
VN
0
TEXT
8
08_BANG_THONG_KE_DE_NEO
10
804.05
20
385.896
30
0.0
40
1.2
1
0,75
7
VN
0
TEXT
8
08_BANG_THONG_KE_DE_NEO
10
812.15
20
385.896
30
0.0
40
1.2
1
0,91
7
VN
0
TEXT
8
08_BANG_THONG_KE_DE_NEO
10
819.35
20
385.896
30
0.0
40
1.2
1
0,93
7
VN
0
TEXT
8
08_BANG_THONG_KE_DE_NEO
10
826.55
20
385.896
30
0.0
40
1.2
1
\U+0110\U+1EA0T
7
VN
0
TEXT
8
08_BANG_THONG_KE_DE_NEO
10
837.35
20
385.896
30
0.0
40
1.2
1
-
7
VN
0
TEXT
8
08_BANG_THONG_KE_DE_NEO
10
669.95
20
383.256
30
0.0
40
1.2
1
HV-DV008
7
VN
0
TEXT
8
08_BANG_THONG_KE_DE_NEO
10
682.55
20
383.256
30
0.0
40
1.2
1
B3-D20 + B3A-D22
7
VN
0
TEXT
8
08_BANG_THONG_KE_DE_NEO
10
700.55
20
383.256
30
0.0
40
1.2
1
B\U+00C8 3 + B\U+00C8 3A
7
VN
0
TEXT
8
08_BANG_THONG_KE_DE_NEO
10
714.05
20
383.256
30
0.0
40
1.2
1
D\U+00D9NG CHUNG
7
VN
0
TEXT
8
08_BANG_THONG_KE_DE_NEO
10
724.85
20
383.256
30
0.0
40
1.2
1
29,50
7
VN
0
TEXT
8
08_BANG_THONG_KE_DE_NEO
10
735.65
20
383.256
30
0.0
40
1.2
1
-121,71
7
VN
0
TEXT
8
08_BANG_THONG_KE_DE_NEO
10
746.45
20
383.256
30
0.0
40
1.2
1
378,30
7
VN
0
TEXT
8
08_BANG_THONG_KE_DE_NEO
10
755.45
20
383.256
30
0.0
40
1.2
1
2,75
7
VN
0
TEXT
8
08_BANG_THONG_KE_DE_NEO
10
762.65
20
383.256
30
0.0
40
1.2
1
0,40
7
VN
0
TEXT
8
08_BANG_THONG_KE_DE_NEO
10
769.85
20
383.256
30
0.0
40
1.2
1
3,0
7
VN
0
TEXT
8
08_BANG_THONG_KE_DE_NEO
10
777.95
20
383.256
30
0.0
40
1.2
1
7,7
7
VN
0
TEXT
8
08_BANG_THONG_KE_DE_NEO
10
786.05
20
383.256
30
0.0
40
1.2
1
73,7
7
VN
0
TEXT
8
08_BANG_THONG_KE_DE_NEO
10
796.85
20
383.256
30
0.0
40
1.2
1
0,78
7
VN
0
TEXT
8
08_BANG_THONG_KE_DE_NEO
10
804.05
20
383.256
30
0.0
40
1.2
1
0,67
7
VN
0
TEXT
8
08_BANG_THONG_KE_DE_NEO
10
812.15
20
383.256
30
0.0
40
1.2
1
0,94
7
VN
0
TEXT
8
08_BANG_THONG_KE_DE_NEO
10
819.35
20
383.256
30
0.0
40
1.2
1
0,92
7
VN
0
TEXT
8
08_BANG_THONG_KE_DE_NEO
10
826.55
20
383.256
30
0.0
40
1.2
1
\U+0110\U+1EA0T
7
VN
0
TEXT
8
08_BANG_THONG_KE_DE_NEO
10
837.35
20
383.256
30
0.0
40
1.2
1
-
7
VN
0
TEXT
8
08_BANG_THONG_KE_DE_NEO
10
669.95
20
380.616
30
0.0
40
1.2
1
HV-DV009
7
VN
0
TEXT
8
08_BANG_THONG_KE_DE_NEO
10
682.55
20
380.616
30
0.0
40
1.2
1
B3-D21 + B3A-D24
7
VN
0
TEXT
8
08_BANG_THONG_KE_DE_NEO
10
700.55
20
380.616
30
0.0
40
1.2
1
B\U+00C8 3 + B\U+00C8 3A
7
VN
0
TEXT
8
08_BANG_THONG_KE_DE_NEO
10
714.05
20
380.616
30
0.0
40
1.2
1
D\U+00D9NG CHUNG
7
VN
0
TEXT
8
08_BANG_THONG_KE_DE_NEO
10
724.85
20
380.616
30
0.0
40
1.2
1
5,97
7
VN
0
TEXT
8
08_BANG_THONG_KE_DE_NEO
10
735.65
20
380.616
30
0.0
40
1.2
1
-128,68
7
VN
0
TEXT
8
08_BANG_THONG_KE_DE_NEO
10
746.45
20
380.616
30
0.0
40
1.2
1
378,30
7
VN
0
TEXT
8
08_BANG_THONG_KE_DE_NEO
10
755.45
20
380.616
30
0.0
40
1.2
1
3,00
7
VN
0
TEXT
8
08_BANG_THONG_KE_DE_NEO
10
762.65
20
380.616
30
0.0
40
1.2
1
0,40
7
VN
0
TEXT
8
08_BANG_THONG_KE_DE_NEO
10
769.85
20
380.616
30
0.0
40
1.2
1
3,6
7
VN
0
TEXT
8
08_BANG_THONG_KE_DE_NEO
10
777.95
20
380.616
30
0.0
40
1.2
1
9,2
7
VN
0
TEXT
8
08_BANG_THONG_KE_DE_NEO
10
786.05
20
380.616
30
0.0
40
1.2
1
73,7
7
VN
0
TEXT
8
08_BANG_THONG_KE_DE_NEO
10
796.85
20
380.616
30
0.0
40
1.2
1
0,84
7
VN
0
TEXT
8
08_BANG_THONG_KE_DE_NEO
10
804.05
20
380.616
30
0.0
40
1.2
1
0,61
7
VN
0
TEXT
8
08_BANG_THONG_KE_DE_NEO
10
812.15
20
380.616
30
0.0
40
1.2
1
0,99
7
VN
0
TEXT
8
08_BANG_THONG_KE_DE_NEO
10
819.35
20
380.616
30
0.0
40
1.2
1
0,96
7
VN
0
TEXT
8
08_BANG_THONG_KE_DE_NEO
10
826.55
20
380.616
30
0.0
40
1.2
1
\U+0110\U+1EA0T
7
VN
0
TEXT
8
08_BANG_THONG_KE_DE_NEO
10
837.35
20
380.616
30
0.0
40
1.2
1
-
7
VN
0
TEXT
8
08_BANG_THONG_KE_DE_NEO
10
669.95
20
377.976
30
0.0
40
1.2
1
HV-DV010
7
VN
0
TEXT
8
08_BANG_THONG_KE_DE_NEO
10
682.55
20
377.976
30
0.0
40
1.2
1
B3A-D36 + B5A-D32
7
VN
0
TEXT
8
08_BANG_THONG_KE_DE_NEO
10
700.55
20
377.976
30
0.0
40
1.2
1
B\U+00C8 3A + B\U+00C8 5A
7
VN
0
TEXT
8
08_BANG_THONG_KE_DE_NEO
10
714.05
20
377.976
30
0.0
40
1.2
1
D\U+00D9NG CHUNG
7
VN
0
TEXT
8
08_BANG_THONG_KE_DE_NEO
10
724.85
20
377.976
30
0.0
40
1.2
1
198,11
7
VN
0
TEXT
8
08_BANG_THONG_KE_DE_NEO
10
735.65
20
377.976
30
0.0
40
1.2
1
-227,76
7
VN
0
TEXT
8
08_BANG_THONG_KE_DE_NEO
10
746.45
20
377.976
30
0.0
40
1.2
1
378,30
7
VN
0
TEXT
8
08_BANG_THONG_KE_DE_NEO
10
755.45
20
377.976
30
0.0
40
1.2
1
2,75
7
VN
0
TEXT
8
08_BANG_THONG_KE_DE_NEO
10
762.65
20
377.976
30
0.0
40
1.2
1
0,40
7
VN
0
TEXT
8
08_BANG_THONG_KE_DE_NEO
10
769.85
20
377.976
30
0.0
40
1.2
1
3,0
7
VN
0
TEXT
8
08_BANG_THONG_KE_DE_NEO
10
777.95
20
377.976
30
0.0
40
1.2
1
7,7
7
VN
0
TEXT
8
08_BANG_THONG_KE_DE_NEO
10
786.05
20
377.976
30
0.0
40
1.2
1
87,3
7
VN
0
TEXT
8
08_BANG_THONG_KE_DE_NEO
10
796.85
20
377.976
30
0.0
40
1.2
1
0,72
7
VN
0
TEXT
8
08_BANG_THONG_KE_DE_NEO
10
804.05
20
377.976
30
0.0
40
1.2
1
0,81
7
VN
0
TEXT
8
08_BANG_THONG_KE_DE_NEO
10
812.15
20
377.976
30
0.0
40
1.2
1
0,84
7
VN
0
TEXT
8
08_BANG_THONG_KE_DE_NEO
10
819.35
20
377.976
30
0.0
40
1.2
1
0,67
7
VN
0
TEXT
8
08_BANG_THONG_KE_DE_NEO
10
826.55
20
377.976
30
0.0
40
1.2
1
\U+0110\U+1EA0T
7
VN
0
TEXT
8
08_BANG_THONG_KE_DE_NEO
10
837.35
20
377.976
30
0.0
40
1.2
1
-
7
VN
0
TEXT
8
08_BANG_THONG_KE_DE_NEO
10
669.95
20
375.336
30
0.0
40
1.2
1
HV-DV011
7
VN
0
TEXT
8
08_BANG_THONG_KE_DE_NEO
10
682.55
20
375.336
30
0.0
40
1.2
1
B3A-D37 + B5A-D31
7
VN
0
TEXT
8
08_BANG_THONG_KE_DE_NEO
10
700.55
20
375.336
30
0.0
40
1.2
1
B\U+00C8 3A + B\U+00C8 5A
7
VN
0
TEXT
8
08_BANG_THONG_KE_DE_NEO
10
714.05
20
375.336
30
0.0
40
1.2
1
D\U+00D9NG CHUNG
7
VN
0
TEXT
8
08_BANG_THONG_KE_DE_NEO
10
724.85
20
375.336
30
0.0
40
1.2
1
198,11
7
VN
0
TEXT
8
08_BANG_THONG_KE_DE_NEO
10
735.65
20
375.336
30
0.0
40
1.2
1
-213,26
7
VN
0
TEXT
8
08_BANG_THONG_KE_DE_NEO
10
746.45
20
375.336
30
0.0
40
1.2
1
378,30
7
VN
0
TEXT
8
08_BANG_THONG_KE_DE_NEO
10
755.45
20
375.336
30
0.0
40
1.2
1
2,75
7
VN
0
TEXT
8
08_BANG_THONG_KE_DE_NEO
10
762.65
20
375.336
30
0.0
40
1.2
1
0,40
7
VN
0
TEXT
8
08_BANG_THONG_KE_DE_NEO
10
769.85
20
375.336
30
0.0
40
1.2
1
3,0
7
VN
0
TEXT
8
08_BANG_THONG_KE_DE_NEO
10
777.95
20
375.336
30
0.0
40
1.2
1
7,7
7
VN
0
TEXT
8
08_BANG_THONG_KE_DE_NEO
10
786.05
20
375.336
30
0.0
40
1.2
1
87,3
7
VN
0
TEXT
8
08_BANG_THONG_KE_DE_NEO
10
796.85
20
375.336
30
0.0
40
1.2
1
0,72
7
VN
0
TEXT
8
08_BANG_THONG_KE_DE_NEO
10
804.05
20
375.336
30
0.0
40
1.2
1
0,81
7
VN
0
TEXT
8
08_BANG_THONG_KE_DE_NEO
10
812.15
20
375.336
30
0.0
40
1.2
1
0,84
7
VN
0
TEXT
8
08_BANG_THONG_KE_DE_NEO
10
819.35
20
375.336
30
0.0
40
1.2
1
0,67
7
VN
0
TEXT
8
08_BANG_THONG_KE_DE_NEO
10
826.55
20
375.336
30
0.0
40
1.2
1
\U+0110\U+1EA0T
7
VN
0
TEXT
8
08_BANG_THONG_KE_DE_NEO
10
837.35
20
375.336
30
0.0
40
1.2
1
-
7
VN
0
TEXT
8
08_BANG_THONG_KE_DE_NEO
10
669.95
20
372.696
30
0.0
40
1.2
1
HV-DV012
7
VN
0
TEXT
8
08_BANG_THONG_KE_DE_NEO
10
682.55
20
372.696
30
0.0
40
1.2
1
B3A-D38 + B5A-D30
7
VN
0
TEXT
8
08_BANG_THONG_KE_DE_NEO
10
700.55
20
372.696
30
0.0
40
1.2
1
B\U+00C8 3A + B\U+00C8 5A
7
VN
0
TEXT
8
08_BANG_THONG_KE_DE_NEO
10
714.05
20
372.696
30
0.0
40
1.2
1
D\U+00D9NG CHUNG
7
VN
0
TEXT
8
08_BANG_THONG_KE_DE_NEO
10
724.85
20
372.696
30
0.0
40
1.2
1
198,23
7
VN
0
TEXT
8
08_BANG_THONG_KE_DE_NEO
10
735.65
20
372.696
30
0.0
40
1.2
1
-198,38
7
VN
0
TEXT
8
08_BANG_THONG_KE_DE_NEO
10
746.45
20
372.696
30
0.0
40
1.2
1
378,30
7
VN
0
TEXT
8
08_BANG_THONG_KE_DE_NEO
10
755.45
20
372.696
30
0.0
40
1.2
1
2,75
7
VN
0
TEXT
8
08_BANG_THONG_KE_DE_NEO
10
762.65
20
372.696
30
0.0
40
1.2
1
0,40
7
VN
0
TEXT
8
08_BANG_THONG_KE_DE_NEO
10
769.85
20
372.696
30
0.0
40
1.2
1
3,0
7
VN
0
TEXT
8
08_BANG_THONG_KE_DE_NEO
10
777.95
20
372.696
30
0.0
40
1.2
1
7,7
7
VN
0
TEXT
8
08_BANG_THONG_KE_DE_NEO
10
786.05
20
372.696
30
0.0
40
1.2
1
87,3
7
VN
0
TEXT
8
08_BANG_THONG_KE_DE_NEO
10
796.85
20
372.696
30
0.0
40
1.2
1
0,72
7
VN
0
TEXT
8
08_BANG_THONG_KE_DE_NEO
10
804.05
20
372.696
30
0.0
40
1.2
1
0,81
7
VN
0
TEXT
8
08_BANG_THONG_KE_DE_NEO
10
812.15
20
372.696
30
0.0
40
1.2
1
0,84
7
VN
0
TEXT
8
08_BANG_THONG_KE_DE_NEO
10
819.35
20
372.696
30
0.0
40
1.2
1
0,68
7
VN
0
TEXT
8
08_BANG_THONG_KE_DE_NEO
10
826.55
20
372.696
30
0.0
40
1.2
1
\U+0110\U+1EA0T
7
VN
0
TEXT
8
08_BANG_THONG_KE_DE_NEO
10
837.35
20
372.696
30
0.0
40
1.2
1
-
7
VN
0
TEXT
8
08_BANG_THONG_KE_DE_NEO
10
669.95
20
370.056
30
0.0
40
1.2
1
HV-DV013
7
VN
0
TEXT
8
08_BANG_THONG_KE_DE_NEO
10
682.55
20
370.056
30
0.0
40
1.2
1
B3A-D39 + B5A-D29
7
VN
0
TEXT
8
08_BANG_THONG_KE_DE_NEO
10
700.55
20
370.056
30
0.0
40
1.2
1
B\U+00C8 3A + B\U+00C8 5A
7
VN
0
TEXT
8
08_BANG_THONG_KE_DE_NEO
10
714.05
20
370.056
30
0.0
40
1.2
1
D\U+00D9NG CHUNG
7
VN
0
TEXT
8
08_BANG_THONG_KE_DE_NEO
10
724.85
20
370.056
30
0.0
40
1.2
1
198,23
7
VN
0
TEXT
8
08_BANG_THONG_KE_DE_NEO
10
735.65
20
370.056
30
0.0
40
1.2
1
-183,88
7
VN
0
TEXT
8
08_BANG_THONG_KE_DE_NEO
10
746.45
20
370.056
30
0.0
40
1.2
1
378,30
7
VN
0
TEXT
8
08_BANG_THONG_KE_DE_NEO
10
755.45
20
370.056
30
0.0
40
1.2
1
2,75
7
VN
0
TEXT
8
08_BANG_THONG_KE_DE_NEO
10
762.65
20
370.056
30
0.0
40
1.2
1
0,40
7
VN
0
TEXT
8
08_BANG_THONG_KE_DE_NEO
10
769.85
20
370.056
30
0.0
40
1.2
1
3,0
7
VN
0
TEXT
8
08_BANG_THONG_KE_DE_NEO
10
777.95
20
370.056
30
0.0
40
1.2
1
7,7
7
VN
0
TEXT
8
08_BANG_THONG_KE_DE_NEO
10
786.05
20
370.056
30
0.0
40
1.2
1
87,3
7
VN
0
TEXT
8
08_BANG_THONG_KE_DE_NEO
10
796.85
20
370.056
30
0.0
40
1.2
1
0,72
7
VN
0
TEXT
8
08_BANG_THONG_KE_DE_NEO
10
804.05
20
370.056
30
0.0
40
1.2
1
0,81
7
VN
0
TEXT
8
08_BANG_THONG_KE_DE_NEO
10
812.15
20
370.056
30
0.0
40
1.2
1
0,84
7
VN
0
TEXT
8
08_BANG_THONG_KE_DE_NEO
10
819.35
20
370.056
30
0.0
40
1.2
1
0,68
7
VN
0
TEXT
8
08_BANG_THONG_KE_DE_NEO
10
826.55
20
370.056
30
0.0
40
1.2
1
\U+0110\U+1EA0T
7
VN
0
TEXT
8
08_BANG_THONG_KE_DE_NEO
10
837.35
20
370.056
30
0.0
40
1.2
1
-
7
VN
0
TEXT
8
08_BANG_THONG_KE_DE_NEO
10
669.95
20
367.416
30
0.0
40
1.2
1
HV-DV014
7
VN
0
TEXT
8
08_BANG_THONG_KE_DE_NEO
10
682.55
20
367.416
30
0.0
40
1.2
1
B3A-D40 + B5A-D28
7
VN
0
TEXT
8
08_BANG_THONG_KE_DE_NEO
10
700.55
20
367.416
30
0.0
40
1.2
1
B\U+00C8 3A + B\U+00C8 5A
7
VN
0
TEXT
8
08_BANG_THONG_KE_DE_NEO
10
714.05
20
367.416
30
0.0
40
1.2
1
D\U+00D9NG CHUNG
7
VN
0
TEXT
8
08_BANG_THONG_KE_DE_NEO
10
724.85
20
367.416
30
0.0
40
1.2
1
198,11
7
VN
0
TEXT
8
08_BANG_THONG_KE_DE_NEO
10
735.65
20
367.416
30
0.0
40
1.2
1
-169,00
7
VN
0
TEXT
8
08_BANG_THONG_KE_DE_NEO
10
746.45
20
367.416
30
0.0
40
1.2
1
378,30
7
VN
0
TEXT
8
08_BANG_THONG_KE_DE_NEO
10
755.45
20
367.416
30
0.0
40
1.2
1
2,75
7
VN
0
TEXT
8
08_BANG_THONG_KE_DE_NEO
10
762.65
20
367.416
30
0.0
40
1.2
1
0,40
7
VN
0
TEXT
8
08_BANG_THONG_KE_DE_NEO
10
769.85
20
367.416
30
0.0
40
1.2
1
3,0
7
VN
0
TEXT
8
08_BANG_THONG_KE_DE_NEO
10
777.95
20
367.416
30
0.0
40
1.2
1
7,7
7
VN
0
TEXT
8
08_BANG_THONG_KE_DE_NEO
10
786.05
20
367.416
30
0.0
40
1.2
1
87,3
7
VN
0
TEXT
8
08_BANG_THONG_KE_DE_NEO
10
796.85
20
367.416
30
0.0
40
1.2
1
0,72
7
VN
0
TEXT
8
08_BANG_THONG_KE_DE_NEO
10
804.05
20
367.416
30
0.0
40
1.2
1
0,81
7
VN
0
TEXT
8
08_BANG_THONG_KE_DE_NEO
10
812.15
20
367.416
30
0.0
40
1.2
1
0,84
7
VN
0
TEXT
8
08_BANG_THONG_KE_DE_NEO
10
819.35
20
367.416
30
0.0
40
1.2
1
0,67
7
VN
0
TEXT
8
08_BANG_THONG_KE_DE_NEO
10
826.55
20
367.416
30
0.0
40
1.2
1
\U+0110\U+1EA0T
7
VN
0
TEXT
8
08_BANG_THONG_KE_DE_NEO
10
837.35
20
367.416
30
0.0
40
1.2
1
-
7
VN
0
TEXT
8
08_BANG_THONG_KE_DE_NEO
10
669.95
20
364.776
30
0.0
40
1.2
1
HV-DV015
7
VN
0
TEXT
8
08_BANG_THONG_KE_DE_NEO
10
682.55
20
364.776
30
0.0
40
1.2
1
B3A-D41 + B5A-D27
7
VN
0
TEXT
8
08_BANG_THONG_KE_DE_NEO
10
700.55
20
364.776
30
0.0
40
1.2
1
B\U+00C8 3A + B\U+00C8 5A
7
VN
0
TEXT
8
08_BANG_THONG_KE_DE_NEO
10
714.05
20
364.776
30
0.0
40
1.2
1
D\U+00D9NG CHUNG
7
VN
0
TEXT
8
08_BANG_THONG_KE_DE_NEO
10
724.85
20
364.776
30
0.0
40
1.2
1
198,11
7
VN
0
TEXT
8
08_BANG_THONG_KE_DE_NEO
10
735.65
20
364.776
30
0.0
40
1.2
1
-154,50
7
VN
0
TEXT
8
08_BANG_THONG_KE_DE_NEO
10
746.45
20
364.776
30
0.0
40
1.2
1
378,30
7
VN
0
TEXT
8
08_BANG_THONG_KE_DE_NEO
10
755.45
20
364.776
30
0.0
40
1.2
1
2,75
7
VN
0
TEXT
8
08_BANG_THONG_KE_DE_NEO
10
762.65
20
364.776
30
0.0
40
1.2
1
0,40
7
VN
0
TEXT
8
08_BANG_THONG_KE_DE_NEO
10
769.85
20
364.776
30
0.0
40
1.2
1
3,0
7
VN
0
TEXT
8
08_BANG_THONG_KE_DE_NEO
10
777.95
20
364.776
30
0.0
40
1.2
1
7,7
7
VN
0
TEXT
8
08_BANG_THONG_KE_DE_NEO
10
786.05
20
364.776
30
0.0
40
1.2
1
87,3
7
VN
0
TEXT
8
08_BANG_THONG_KE_DE_NEO
10
796.85
20
364.776
30
0.0
40
1.2
1
0,72
7
VN
0
TEXT
8
08_BANG_THONG_KE_DE_NEO
10
804.05
20
364.776
30
0.0
40
1.2
1
0,81
7
VN
0
TEXT
8
08_BANG_THONG_KE_DE_NEO
10
812.15
20
364.776
30
0.0
40
1.2
1
0,84
7
VN
0
TEXT
8
08_BANG_THONG_KE_DE_NEO
10
819.35
20
364.776
30
0.0
40
1.2
1
0,67
7
VN
0
TEXT
8
08_BANG_THONG_KE_DE_NEO
10
826.55
20
364.776
30
0.0
40
1.2
1
\U+0110\U+1EA0T
7
VN
0
TEXT
8
08_BANG_THONG_KE_DE_NEO
10
837.35
20
364.776
30
0.0
40
1.2
1
-
7
VN
0
TEXT
8
08_BANG_THONG_KE_DE_NEO
10
669.95
20
362.136
30
0.0
40
1.2
1
HV-DV016
7
VN
0
TEXT
8
08_BANG_THONG_KE_DE_NEO
10
682.55
20
362.136
30
0.0
40
1.2
1
B3A-D42 + B5A-D26
7
VN
0
TEXT
8
08_BANG_THONG_KE_DE_NEO
10
700.55
20
362.136
30
0.0
40
1.2
1
B\U+00C8 3A + B\U+00C8 5A
7
VN
0
TEXT
8
08_BANG_THONG_KE_DE_NEO
10
714.05
20
362.136
30
0.0
40
1.2
1
D\U+00D9NG CHUNG
7
VN
0
TEXT
8
08_BANG_THONG_KE_DE_NEO
10
724.85
20
362.136
30
0.0
40
1.2
1
198,10
7
VN
0
TEXT
8
08_BANG_THONG_KE_DE_NEO
10
735.65
20
362.136
30
0.0
40
1.2
1
-140,38
7
VN
0
TEXT
8
08_BANG_THONG_KE_DE_NEO
10
746.45
20
362.136
30
0.0
40
1.2
1
378,30
7
VN
0
TEXT
8
08_BANG_THONG_KE_DE_NEO
10
755.45
20
362.136
30
0.0
40
1.2
1
2,75
7
VN
0
TEXT
8
08_BANG_THONG_KE_DE_NEO
10
762.65
20
362.136
30
0.0
40
1.2
1
0,40
7
VN
0
TEXT
8
08_BANG_THONG_KE_DE_NEO
10
769.85
20
362.136
30
0.0
40
1.2
1
3,0
7
VN
0
TEXT
8
08_BANG_THONG_KE_DE_NEO
10
777.95
20
362.136
30
0.0
40
1.2
1
7,7
7
VN
0
TEXT
8
08_BANG_THONG_KE_DE_NEO
10
786.05
20
362.136
30
0.0
40
1.2
1
87,3
7
VN
0
TEXT
8
08_BANG_THONG_KE_DE_NEO
10
796.85
20
362.136
30
0.0
40
1.2
1
0,72
7
VN
0
TEXT
8
08_BANG_THONG_KE_DE_NEO
10
804.05
20
362.136
30
0.0
40
1.2
1
0,81
7
VN
0
TEXT
8
08_BANG_THONG_KE_DE_NEO
10
812.15
20
362.136
30
0.0
40
1.2
1
0,84
7
VN
0
TEXT
8
08_BANG_THONG_KE_DE_NEO
10
819.35
20
362.136
30
0.0
40
1.2
1
0,67
7
VN
0
TEXT
8
08_BANG_THONG_KE_DE_NEO
10
826.55
20
362.136
30
0.0
40
1.2
1
\U+0110\U+1EA0T
7
VN
0
TEXT
8
08_BANG_THONG_KE_DE_NEO
10
837.35
20
362.136
30
0.0
40
1.2
1
-
7
VN
0
TEXT
8
08_BANG_THONG_KE_DE_NEO
10
669.95
20
359.496
30
0.0
40
1.2
1
HV-DV017
7
VN
0
TEXT
8
08_BANG_THONG_KE_DE_NEO
10
682.55
20
359.496
30
0.0
40
1.2
1
B3A-D43 + B5A-D25
7
VN
0
TEXT
8
08_BANG_THONG_KE_DE_NEO
10
700.55
20
359.496
30
0.0
40
1.2
1
B\U+00C8 3A + B\U+00C8 5A
7
VN
0
TEXT
8
08_BANG_THONG_KE_DE_NEO
10
714.05
20
359.496
30
0.0
40
1.2
1
D\U+00D9NG CHUNG
7
VN
0
TEXT
8
08_BANG_THONG_KE_DE_NEO
10
724.85
20
359.496
30
0.0
40
1.2
1
198,10
7
VN
0
TEXT
8
08_BANG_THONG_KE_DE_NEO
10
735.65
20
359.496
30
0.0
40
1.2
1
-125,88
7
VN
0
TEXT
8
08_BANG_THONG_KE_DE_NEO
10
746.45
20
359.496
30
0.0
40
1.2
1
378,30
7
VN
0
TEXT
8
08_BANG_THONG_KE_DE_NEO
10
755.45
20
359.496
30
0.0
40
1.2
1
2,75
7
VN
0
TEXT
8
08_BANG_THONG_KE_DE_NEO
10
762.65
20
359.496
30
0.0
40
1.2
1
0,40
7
VN
0
TEXT
8
08_BANG_THONG_KE_DE_NEO
10
769.85
20
359.496
30
0.0
40
1.2
1
3,0
7
VN
0
TEXT
8
08_BANG_THONG_KE_DE_NEO
10
777.95
20
359.496
30
0.0
40
1.2
1
7,7
7
VN
0
TEXT
8
08_BANG_THONG_KE_DE_NEO
10
786.05
20
359.496
30
0.0
40
1.2
1
87,3
7
VN
0
TEXT
8
08_BANG_THONG_KE_DE_NEO
10
796.85
20
359.496
30
0.0
40
1.2
1
0,72
7
VN
0
TEXT
8
08_BANG_THONG_KE_DE_NEO
10
804.05
20
359.496
30
0.0
40
1.2
1
0,81
7
VN
0
TEXT
8
08_BANG_THONG_KE_DE_NEO
10
812.15
20
359.496
30
0.0
40
1.2
1
0,84
7
VN
0
TEXT
8
08_BANG_THONG_KE_DE_NEO
10
819.35
20
359.496
30
0.0
40
1.2
1
0,67
7
VN
0
TEXT
8
08_BANG_THONG_KE_DE_NEO
10
826.55
20
359.496
30
0.0
40
1.2
1
\U+0110\U+1EA0T
7
VN
0
TEXT
8
08_BANG_THONG_KE_DE_NEO
10
837.35
20
359.496
30
0.0
40
1.2
1
-
7
VN
0
TEXT
8
08_BANG_THONG_KE_DE_NEO
10
669.95
20
356.856
30
0.0
40
1.2
1
HV-DV018
7
VN
0
TEXT
8
08_BANG_THONG_KE_DE_NEO
10
682.55
20
356.856
30
0.0
40
1.2
1
B3A-D44 + B5A-D24
7
VN
0
TEXT
8
08_BANG_THONG_KE_DE_NEO
10
700.55
20
356.856
30
0.0
40
1.2
1
B\U+00C8 3A + B\U+00C8 5A
7
VN
0
TEXT
8
08_BANG_THONG_KE_DE_NEO
10
714.05
20
356.856
30
0.0
40
1.2
1
D\U+00D9NG CHUNG
7
VN
0
TEXT
8
08_BANG_THONG_KE_DE_NEO
10
724.85
20
356.856
30
0.0
40
1.2
1
198,10
7
VN
0
TEXT
8
08_BANG_THONG_KE_DE_NEO
10
735.65
20
356.856
30
0.0
40
1.2
1
-111,38
7
VN
0
TEXT
8
08_BANG_THONG_KE_DE_NEO
10
746.45
20
356.856
30
0.0
40
1.2
1
378,30
7
VN
0
TEXT
8
08_BANG_THONG_KE_DE_NEO
10
755.45
20
356.856
30
0.0
40
1.2
1
2,75
7
VN
0
TEXT
8
08_BANG_THONG_KE_DE_NEO
10
762.65
20
356.856
30
0.0
40
1.2
1
0,40
7
VN
0
TEXT
8
08_BANG_THONG_KE_DE_NEO
10
769.85
20
356.856
30
0.0
40
1.2
1
3,0
7
VN
0
TEXT
8
08_BANG_THONG_KE_DE_NEO
10
777.95
20
356.856
30
0.0
40
1.2
1
7,7
7
VN
0
TEXT
8
08_BANG_THONG_KE_DE_NEO
10
786.05
20
356.856
30
0.0
40
1.2
1
87,3
7
VN
0
TEXT
8
08_BANG_THONG_KE_DE_NEO
10
796.85
20
356.856
30
0.0
40
1.2
1
0,72
7
VN
0
TEXT
8
08_BANG_THONG_KE_DE_NEO
10
804.05
20
356.856
30
0.0
40
1.2
1
0,81
7
VN
0
TEXT
8
08_BANG_THONG_KE_DE_NEO
10
812.15
20
356.856
30
0.0
40
1.2
1
0,84
7
VN
0
TEXT
8
08_BANG_THONG_KE_DE_NEO
10
819.35
20
356.856
30
0.0
40
1.2
1
0,67
7
VN
0
TEXT
8
08_BANG_THONG_KE_DE_NEO
10
826.55
20
356.856
30
0.0
40
1.2
1
\U+0110\U+1EA0T
7
VN
0
TEXT
8
08_BANG_THONG_KE_DE_NEO
10
837.35
20
356.856
30
0.0
40
1.2
1
-
7
VN
0
TEXT
8
08_BANG_THONG_KE_DE_NEO
10
669.95
20
354.216
30
0.0
40
1.2
1
HV-DV019
7
VN
0
TEXT
8
08_BANG_THONG_KE_DE_NEO
10
682.55
20
354.216
30
0.0
40
1.2
1
B3A-D45 + B5A-D23
7
VN
0
TEXT
8
08_BANG_THONG_KE_DE_NEO
10
700.55
20
354.216
30
0.0
40
1.2
1
B\U+00C8 3A + B\U+00C8 5A
7
VN
0
TEXT
8
08_BANG_THONG_KE_DE_NEO
10
714.05
20
354.216
30
0.0
40
1.2
1
D\U+00D9NG CHUNG
7
VN
0
TEXT
8
08_BANG_THONG_KE_DE_NEO
10
724.85
20
354.216
30
0.0
40
1.2
1
198,10
7
VN
0
TEXT
8
08_BANG_THONG_KE_DE_NEO
10
735.65
20
354.216
30
0.0
40
1.2
1
-96,88
7
VN
0
TEXT
8
08_BANG_THONG_KE_DE_NEO
10
746.45
20
354.216
30
0.0
40
1.2
1
378,30
7
VN
0
TEXT
8
08_BANG_THONG_KE_DE_NEO
10
755.45
20
354.216
30
0.0
40
1.2
1
2,75
7
VN
0
TEXT
8
08_BANG_THONG_KE_DE_NEO
10
762.65
20
354.216
30
0.0
40
1.2
1
0,40
7
VN
0
TEXT
8
08_BANG_THONG_KE_DE_NEO
10
769.85
20
354.216
30
0.0
40
1.2
1
3,0
7
VN
0
TEXT
8
08_BANG_THONG_KE_DE_NEO
10
777.95
20
354.216
30
0.0
40
1.2
1
7,7
7
VN
0
TEXT
8
08_BANG_THONG_KE_DE_NEO
10
786.05
20
354.216
30
0.0
40
1.2
1
87,3
7
VN
0
TEXT
8
08_BANG_THONG_KE_DE_NEO
10
796.85
20
354.216
30
0.0
40
1.2
1
0,72
7
VN
0
TEXT
8
08_BANG_THONG_KE_DE_NEO
10
804.05
20
354.216
30
0.0
40
1.2
1
0,81
7
VN
0
TEXT
8
08_BANG_THONG_KE_DE_NEO
10
812.15
20
354.216
30
0.0
40
1.2
1
0,84
7
VN
0
TEXT
8
08_BANG_THONG_KE_DE_NEO
10
819.35
20
354.216
30
0.0
40
1.2
1
0,67
7
VN
0
TEXT
8
08_BANG_THONG_KE_DE_NEO
10
826.55
20
354.216
30
0.0
40
1.2
1
\U+0110\U+1EA0T
7
VN
0
TEXT
8
08_BANG_THONG_KE_DE_NEO
10
837.35
20
354.216
30
0.0
40
1.2
1
-
7
VN
0
TEXT
8
08_BANG_THONG_KE_DE_NEO
10
669.95
20
351.576
30
0.0
40
1.2
1
HV-DV020
7
VN
0
TEXT
8
08_BANG_THONG_KE_DE_NEO
10
682.55
20
351.576
30
0.0
40
1.2
1
B3A-D46 + B7-D23
7
VN
0
TEXT
8
08_BANG_THONG_KE_DE_NEO
10
700.55
20
351.576
30
0.0
40
1.2
1
B\U+00C8 3A + B\U+00C8 7
7
VN
0
TEXT
8
08_BANG_THONG_KE_DE_NEO
10
714.05
20
351.576
30
0.0
40
1.2
1
D\U+00D9NG CHUNG
7
VN
0
TEXT
8
08_BANG_THONG_KE_DE_NEO
10
724.85
20
351.576
30
0.0
40
1.2
1
170,95
7
VN
0
TEXT
8
08_BANG_THONG_KE_DE_NEO
10
735.65
20
351.576
30
0.0
40
1.2
1
-78,93
7
VN
0
TEXT
8
08_BANG_THONG_KE_DE_NEO
10
746.45
20
351.576
30
0.0
40
1.2
1
378,30
7
VN
0
TEXT
8
08_BANG_THONG_KE_DE_NEO
10
755.45
20
351.576
30
0.0
40
1.2
1
2,75
7
VN
0
TEXT
8
08_BANG_THONG_KE_DE_NEO
10
762.65
20
351.576
30
0.0
40
1.2
1
0,40
7
VN
0
TEXT
8
08_BANG_THONG_KE_DE_NEO
10
769.85
20
351.576
30
0.0
40
1.2
1
3,0
7
VN
0
TEXT
8
08_BANG_THONG_KE_DE_NEO
10
777.95
20
351.576
30
0.0
40
1.2
1
7,7
7
VN
0
TEXT
8
08_BANG_THONG_KE_DE_NEO
10
786.05
20
351.576
30
0.0
40
1.2
1
73,7
7
VN
0
TEXT
8
08_BANG_THONG_KE_DE_NEO
10
796.85
20
351.576
30
0.0
40
1.2
1
0,73
7
VN
0
TEXT
8
08_BANG_THONG_KE_DE_NEO
10
804.05
20
351.576
30
0.0
40
1.2
1
0,67
7
VN
0
TEXT
8
08_BANG_THONG_KE_DE_NEO
10
812.15
20
351.576
30
0.0
40
1.2
1
0,87
7
VN
0
TEXT
8
08_BANG_THONG_KE_DE_NEO
10
819.35
20
351.576
30
0.0
40
1.2
1
0,75
7
VN
0
TEXT
8
08_BANG_THONG_KE_DE_NEO
10
826.55
20
351.576
30
0.0
40
1.2
1
\U+0110\U+1EA0T
7
VN
0
TEXT
8
08_BANG_THONG_KE_DE_NEO
10
837.35
20
351.576
30
0.0
40
1.2
1
-
7
VN
0
TEXT
8
08_BANG_THONG_KE_DE_NEO
10
669.95
20
348.936
30
0.0
40
1.2
1
HV-DV021
7
VN
0
TEXT
8
08_BANG_THONG_KE_DE_NEO
10
682.55
20
348.936
30
0.0
40
1.2
1
B3A-D47 + B7-D32
7
VN
0
TEXT
8
08_BANG_THONG_KE_DE_NEO
10
700.55
20
348.936
30
0.0
40
1.2
1
B\U+00C8 3A + B\U+00C8 7
7
VN
0
TEXT
8
08_BANG_THONG_KE_DE_NEO
10
714.05
20
348.936
30
0.0
40
1.2
1
D\U+00D9NG CHUNG
7
VN
0
TEXT
8
08_BANG_THONG_KE_DE_NEO
10
724.85
20
348.936
30
0.0
40
1.2
1
156,82
7
VN
0
TEXT
8
08_BANG_THONG_KE_DE_NEO
10
735.65
20
348.936
30
0.0
40
1.2
1
-78,93
7
VN
0
TEXT
8
08_BANG_THONG_KE_DE_NEO
10
746.45
20
348.936
30
0.0
40
1.2
1
378,30
7
VN
0
TEXT
8
08_BANG_THONG_KE_DE_NEO
10
755.45
20
348.936
30
0.0
40
1.2
1
2,75
7
VN
0
TEXT
8
08_BANG_THONG_KE_DE_NEO
10
762.65
20
348.936
30
0.0
40
1.2
1
0,40
7
VN
0
TEXT
8
08_BANG_THONG_KE_DE_NEO
10
769.85
20
348.936
30
0.0
40
1.2
1
3,0
7
VN
0
TEXT
8
08_BANG_THONG_KE_DE_NEO
10
777.95
20
348.936
30
0.0
40
1.2
1
7,7
7
VN
0
TEXT
8
08_BANG_THONG_KE_DE_NEO
10
786.05
20
348.936
30
0.0
40
1.2
1
73,7
7
VN
0
TEXT
8
08_BANG_THONG_KE_DE_NEO
10
796.85
20
348.936
30
0.0
40
1.2
1
0,73
7
VN
0
TEXT
8
08_BANG_THONG_KE_DE_NEO
10
804.05
20
348.936
30
0.0
40
1.2
1
0,67
7
VN
0
TEXT
8
08_BANG_THONG_KE_DE_NEO
10
812.15
20
348.936
30
0.0
40
1.2
1
0,87
7
VN
0
TEXT
8
08_BANG_THONG_KE_DE_NEO
10
819.35
20
348.936
30
0.0
40
1.2
1
0,75
7
VN
0
TEXT
8
08_BANG_THONG_KE_DE_NEO
10
826.55
20
348.936
30
0.0
40
1.2
1
\U+0110\U+1EA0T
7
VN
0
TEXT
8
08_BANG_THONG_KE_DE_NEO
10
837.35
20
348.936
30
0.0
40
1.2
1
-
7
VN
0
TEXT
8
08_BANG_THONG_KE_DE_NEO
10
669.95
20
346.296
30
0.0
40
1.2
1
HV-DV022
7
VN
0
TEXT
8
08_BANG_THONG_KE_DE_NEO
10
682.55
20
346.296
30
0.0
40
1.2
1
B3A-D48 + B7-D19
7
VN
0
TEXT
8
08_BANG_THONG_KE_DE_NEO
10
700.55
20
346.296
30
0.0
40
1.2
1
B\U+00C8 3A + B\U+00C8 7
7
VN
0
TEXT
8
08_BANG_THONG_KE_DE_NEO
10
714.05
20
346.296
30
0.0
40
1.2
1
D\U+00D9NG CHUNG
7
VN
0
TEXT
8
08_BANG_THONG_KE_DE_NEO
10
724.85
20
346.296
30
0.0
40
1.2
1
142,07
7
VN
0
TEXT
8
08_BANG_THONG_KE_DE_NEO
10
735.65
20
346.296
30
0.0
40
1.2
1
-78,93
7
VN
0
TEXT
8
08_BANG_THONG_KE_DE_NEO
10
746.45
20
346.296
30
0.0
40
1.2
1
378,30
7
VN
0
TEXT
8
08_BANG_THONG_KE_DE_NEO
10
755.45
20
346.296
30
0.0
40
1.2
1
2,75
7
VN
0
TEXT
8
08_BANG_THONG_KE_DE_NEO
10
762.65
20
346.296
30
0.0
40
1.2
1
0,40
7
VN
0
TEXT
8
08_BANG_THONG_KE_DE_NEO
10
769.85
20
346.296
30
0.0
40
1.2
1
3,0
7
VN
0
TEXT
8
08_BANG_THONG_KE_DE_NEO
10
777.95
20
346.296
30
0.0
40
1.2
1
7,7
7
VN
0
TEXT
8
08_BANG_THONG_KE_DE_NEO
10
786.05
20
346.296
30
0.0
40
1.2
1
73,7
7
VN
0
TEXT
8
08_BANG_THONG_KE_DE_NEO
10
796.85
20
346.296
30
0.0
40
1.2
1
0,73
7
VN
0
TEXT
8
08_BANG_THONG_KE_DE_NEO
10
804.05
20
346.296
30
0.0
40
1.2
1
0,67
7
VN
0
TEXT
8
08_BANG_THONG_KE_DE_NEO
10
812.15
20
346.296
30
0.0
40
1.2
1
0,87
7
VN
0
TEXT
8
08_BANG_THONG_KE_DE_NEO
10
819.35
20
346.296
30
0.0
40
1.2
1
0,75
7
VN
0
TEXT
8
08_BANG_THONG_KE_DE_NEO
10
826.55
20
346.296
30
0.0
40
1.2
1
\U+0110\U+1EA0T
7
VN
0
TEXT
8
08_BANG_THONG_KE_DE_NEO
10
837.35
20
346.296
30
0.0
40
1.2
1
-
7
VN
0
TEXT
8
08_BANG_THONG_KE_DE_NEO
10
669.95
20
343.656
30
0.0
40
1.2
1
HV-DV023
7
VN
0
TEXT
8
08_BANG_THONG_KE_DE_NEO
10
682.55
20
343.656
30
0.0
40
1.2
1
B3A-D49 + B7-D31
7
VN
0
TEXT
8
08_BANG_THONG_KE_DE_NEO
10
700.55
20
343.656
30
0.0
40
1.2
1
B\U+00C8 3A + B\U+00C8 7
7
VN
0
TEXT
8
08_BANG_THONG_KE_DE_NEO
10
714.05
20
343.656
30
0.0
40
1.2
1
D\U+00D9NG CHUNG
7
VN
0
TEXT
8
08_BANG_THONG_KE_DE_NEO
10
724.85
20
343.656
30
0.0
40
1.2
1
127,95
7
VN
0
TEXT
8
08_BANG_THONG_KE_DE_NEO
10
735.65
20
343.656
30
0.0
40
1.2
1
-78,93
7
VN
0
TEXT
8
08_BANG_THONG_KE_DE_NEO
10
746.45
20
343.656
30
0.0
40
1.2
1
378,30
7
VN
0
TEXT
8
08_BANG_THONG_KE_DE_NEO
10
755.45
20
343.656
30
0.0
40
1.2
1
2,75
7
VN
0
TEXT
8
08_BANG_THONG_KE_DE_NEO
10
762.65
20
343.656
30
0.0
40
1.2
1
0,40
7
VN
0
TEXT
8
08_BANG_THONG_KE_DE_NEO
10
769.85
20
343.656
30
0.0
40
1.2
1
3,0
7
VN
0
TEXT
8
08_BANG_THONG_KE_DE_NEO
10
777.95
20
343.656
30
0.0
40
1.2
1
7,7
7
VN
0
TEXT
8
08_BANG_THONG_KE_DE_NEO
10
786.05
20
343.656
30
0.0
40
1.2
1
73,7
7
VN
0
TEXT
8
08_BANG_THONG_KE_DE_NEO
10
796.85
20
343.656
30
0.0
40
1.2
1
0,73
7
VN
0
TEXT
8
08_BANG_THONG_KE_DE_NEO
10
804.05
20
343.656
30
0.0
40
1.2
1
0,67
7
VN
0
TEXT
8
08_BANG_THONG_KE_DE_NEO
10
812.15
20
343.656
30
0.0
40
1.2
1
0,87
7
VN
0
TEXT
8
08_BANG_THONG_KE_DE_NEO
10
819.35
20
343.656
30
0.0
40
1.2
1
0,75
7
VN
0
TEXT
8
08_BANG_THONG_KE_DE_NEO
10
826.55
20
343.656
30
0.0
40
1.2
1
\U+0110\U+1EA0T
7
VN
0
TEXT
8
08_BANG_THONG_KE_DE_NEO
10
837.35
20
343.656
30
0.0
40
1.2
1
-
7
VN
0
TEXT
8
08_BANG_THONG_KE_DE_NEO
10
669.95
20
341.016
30
0.0
40
1.2
1
HV-DV024
7
VN
0
TEXT
8
08_BANG_THONG_KE_DE_NEO
10
682.55
20
341.016
30
0.0
40
1.2
1
B3A-D50 + B7-D22
7
VN
0
TEXT
8
08_BANG_THONG_KE_DE_NEO
10
700.55
20
341.016
30
0.0
40
1.2
1
B\U+00C8 3A + B\U+00C8 7
7
VN
0
TEXT
8
08_BANG_THONG_KE_DE_NEO
10
714.05
20
341.016
30
0.0
40
1.2
1
D\U+00D9NG CHUNG
7
VN
0
TEXT
8
08_BANG_THONG_KE_DE_NEO
10
724.85
20
341.016
30
0.0
40
1.2
1
113,20
7
VN
0
TEXT
8
08_BANG_THONG_KE_DE_NEO
10
735.65
20
341.016
30
0.0
40
1.2
1
-78,93
7
VN
0
TEXT
8
08_BANG_THONG_KE_DE_NEO
10
746.45
20
341.016
30
0.0
40
1.2
1
378,30
7
VN
0
TEXT
8
08_BANG_THONG_KE_DE_NEO
10
755.45
20
341.016
30
0.0
40
1.2
1
2,75
7
VN
0
TEXT
8
08_BANG_THONG_KE_DE_NEO
10
762.65
20
341.016
30
0.0
40
1.2
1
0,40
7
VN
0
TEXT
8
08_BANG_THONG_KE_DE_NEO
10
769.85
20
341.016
30
0.0
40
1.2
1
3,0
7
VN
0
TEXT
8
08_BANG_THONG_KE_DE_NEO
10
777.95
20
341.016
30
0.0
40
1.2
1
7,7
7
VN
0
TEXT
8
08_BANG_THONG_KE_DE_NEO
10
786.05
20
341.016
30
0.0
40
1.2
1
73,7
7
VN
0
TEXT
8
08_BANG_THONG_KE_DE_NEO
10
796.85
20
341.016
30
0.0
40
1.2
1
0,74
7
VN
0
TEXT
8
08_BANG_THONG_KE_DE_NEO
10
804.05
20
341.016
30
0.0
40
1.2
1
0,67
7
VN
0
TEXT
8
08_BANG_THONG_KE_DE_NEO
10
812.15
20
341.016
30
0.0
40
1.2
1
0,87
7
VN
0
TEXT
8
08_BANG_THONG_KE_DE_NEO
10
819.35
20
341.016
30
0.0
40
1.2
1
0,75
7
VN
0
TEXT
8
08_BANG_THONG_KE_DE_NEO
10
826.55
20
341.016
30
0.0
40
1.2
1
\U+0110\U+1EA0T
7
VN
0
TEXT
8
08_BANG_THONG_KE_DE_NEO
10
837.35
20
341.016
30
0.0
40
1.2
1
-
7
VN
0
TEXT
8
08_BANG_THONG_KE_DE_NEO
10
669.95
20
338.376
30
0.0
40
1.2
1
HV-DV025
7
VN
0
TEXT
8
08_BANG_THONG_KE_DE_NEO
10
682.55
20
338.376
30
0.0
40
1.2
1
B5A-D13 + B6-D27
7
VN
0
TEXT
8
08_BANG_THONG_KE_DE_NEO
10
700.55
20
338.376
30
0.0
40
1.2
1
B\U+00C8 5A + B\U+00C8 6
7
VN
0
TEXT
8
08_BANG_THONG_KE_DE_NEO
10
714.05
20
338.376
30
0.0
40
1.2
1
D\U+00D9NG CHUNG
7
VN
0
TEXT
8
08_BANG_THONG_KE_DE_NEO
10
724.85
20
338.376
30
0.0
40
1.2
1
369,30
7
VN
0
TEXT
8
08_BANG_THONG_KE_DE_NEO
10
735.65
20
338.376
30
0.0
40
1.2
1
-73,82
7
VN
0
TEXT
8
08_BANG_THONG_KE_DE_NEO
10
746.45
20
338.376
30
0.0
40
1.2
1
378,30
7
VN
0
TEXT
8
08_BANG_THONG_KE_DE_NEO
10
755.45
20
338.376
30
0.0
40
1.2
1
2,75
7
VN
0
TEXT
8
08_BANG_THONG_KE_DE_NEO
10
762.65
20
338.376
30
0.0
40
1.2
1
0,40
7
VN
0
TEXT
8
08_BANG_THONG_KE_DE_NEO
10
769.85
20
338.376
30
0.0
40
1.2
1
3,0
7
VN
0
TEXT
8
08_BANG_THONG_KE_DE_NEO
10
777.95
20
338.376
30
0.0
40
1.2
1
7,7
7
VN
0
TEXT
8
08_BANG_THONG_KE_DE_NEO
10
786.05
20
338.376
30
0.0
40
1.2
1
87,3
7
VN
0
TEXT
8
08_BANG_THONG_KE_DE_NEO
10
796.85
20
338.376
30
0.0
40
1.2
1
0,56
7
VN
0
TEXT
8
08_BANG_THONG_KE_DE_NEO
10
804.05
20
338.376
30
0.0
40
1.2
1
0,81
7
VN
0
TEXT
8
08_BANG_THONG_KE_DE_NEO
10
812.15
20
338.376
30
0.0
40
1.2
1
0,84
7
VN
0
TEXT
8
08_BANG_THONG_KE_DE_NEO
10
819.35
20
338.376
30
0.0
40
1.2
1
0,66
7
VN
0
TEXT
8
08_BANG_THONG_KE_DE_NEO
10
826.55
20
338.376
30
0.0
40
1.2
1
\U+0110\U+1EA0T
7
VN
0
TEXT
8
08_BANG_THONG_KE_DE_NEO
10
837.35
20
338.376
30
0.0
40
1.2
1
-
7
VN
0
TEXT
8
08_BANG_THONG_KE_DE_NEO
10
669.95
20
335.736
30
0.0
40
1.2
1
HV-DV026
7
VN
0
TEXT
8
08_BANG_THONG_KE_DE_NEO
10
682.55
20
335.736
30
0.0
40
1.2
1
B5A-D14 + B6-D31
7
VN
0
TEXT
8
08_BANG_THONG_KE_DE_NEO
10
700.55
20
335.736
30
0.0
40
1.2
1
B\U+00C8 5A + B\U+00C8 6
7
VN
0
TEXT
8
08_BANG_THONG_KE_DE_NEO
10
714.05
20
335.736
30
0.0
40
1.2
1
D\U+00D9NG CHUNG
7
VN
0
TEXT
8
08_BANG_THONG_KE_DE_NEO
10
724.85
20
335.736
30
0.0
40
1.2
1
354,71
7
VN
0
TEXT
8
08_BANG_THONG_KE_DE_NEO
10
735.65
20
335.736
30
0.0
40
1.2
1
-75,89
7
VN
0
TEXT
8
08_BANG_THONG_KE_DE_NEO
10
746.45
20
335.736
30
0.0
40
1.2
1
378,30
7
VN
0
TEXT
8
08_BANG_THONG_KE_DE_NEO
10
755.45
20
335.736
30
0.0
40
1.2
1
2,75
7
VN
0
TEXT
8
08_BANG_THONG_KE_DE_NEO
10
762.65
20
335.736
30
0.0
40
1.2
1
0,40
7
VN
0
TEXT
8
08_BANG_THONG_KE_DE_NEO
10
769.85
20
335.736
30
0.0
40
1.2
1
3,0
7
VN
0
TEXT
8
08_BANG_THONG_KE_DE_NEO
10
777.95
20
335.736
30
0.0
40
1.2
1
7,7
7
VN
0
TEXT
8
08_BANG_THONG_KE_DE_NEO
10
786.05
20
335.736
30
0.0
40
1.2
1
87,3
7
VN
0
TEXT
8
08_BANG_THONG_KE_DE_NEO
10
796.85
20
335.736
30
0.0
40
1.2
1
0,61
7
VN
0
TEXT
8
08_BANG_THONG_KE_DE_NEO
10
804.05
20
335.736
30
0.0
40
1.2
1
0,81
7
VN
0
TEXT
8
08_BANG_THONG_KE_DE_NEO
10
812.15
20
335.736
30
0.0
40
1.2
1
0,87
7
VN
0
TEXT
8
08_BANG_THONG_KE_DE_NEO
10
819.35
20
335.736
30
0.0
40
1.2
1
0,74
7
VN
0
TEXT
8
08_BANG_THONG_KE_DE_NEO
10
826.55
20
335.736
30
0.0
40
1.2
1
\U+0110\U+1EA0T
7
VN
0
TEXT
8
08_BANG_THONG_KE_DE_NEO
10
837.35
20
335.736
30
0.0
40
1.2
1
-
7
VN
0
TEXT
8
08_BANG_THONG_KE_DE_NEO
10
669.95
20
333.096
30
0.0
40
1.2
1
HV-DV027
7
VN
0
TEXT
8
08_BANG_THONG_KE_DE_NEO
10
682.55
20
333.096
30
0.0
40
1.2
1
B5A-D15 + B6-D17
7
VN
0
TEXT
8
08_BANG_THONG_KE_DE_NEO
10
700.55
20
333.096
30
0.0
40
1.2
1
B\U+00C8 5A + B\U+00C8 6
7
VN
0
TEXT
8
08_BANG_THONG_KE_DE_NEO
10
714.05
20
333.096
30
0.0
40
1.2
1
D\U+00D9NG CHUNG
7
VN
0
TEXT
8
08_BANG_THONG_KE_DE_NEO
10
724.85
20
333.096
30
0.0
40
1.2
1
346,24
7
VN
0
TEXT
8
08_BANG_THONG_KE_DE_NEO
10
735.65
20
333.096
30
0.0
40
1.2
1
-75,68
7
VN
0
TEXT
8
08_BANG_THONG_KE_DE_NEO
10
746.45
20
333.096
30
0.0
40
1.2
1
378,30
7
VN
0
TEXT
8
08_BANG_THONG_KE_DE_NEO
10
755.45
20
333.096
30
0.0
40
1.2
1
2,75
7
VN
0
TEXT
8
08_BANG_THONG_KE_DE_NEO
10
762.65
20
333.096
30
0.0
40
1.2
1
0,40
7
VN
0
TEXT
8
08_BANG_THONG_KE_DE_NEO
10
769.85
20
333.096
30
0.0
40
1.2
1
3,0
7
VN
0
TEXT
8
08_BANG_THONG_KE_DE_NEO
10
777.95
20
333.096
30
0.0
40
1.2
1
7,7
7
VN
0
TEXT
8
08_BANG_THONG_KE_DE_NEO
10
786.05
20
333.096
30
0.0
40
1.2
1
87,3
7
VN
0
TEXT
8
08_BANG_THONG_KE_DE_NEO
10
796.85
20
333.096
30
0.0
40
1.2
1
0,56
7
VN
0
TEXT
8
08_BANG_THONG_KE_DE_NEO
10
804.05
20
333.096
30
0.0
40
1.2
1
0,81
7
VN
0
TEXT
8
08_BANG_THONG_KE_DE_NEO
10
812.15
20
333.096
30
0.0
40
1.2
1
0,83
7
VN
0
TEXT
8
08_BANG_THONG_KE_DE_NEO
10
819.35
20
333.096
30
0.0
40
1.2
1
0,65
7
VN
0
TEXT
8
08_BANG_THONG_KE_DE_NEO
10
826.55
20
333.096
30
0.0
40
1.2
1
\U+0110\U+1EA0T
7
VN
0
TEXT
8
08_BANG_THONG_KE_DE_NEO
10
837.35
20
333.096
30
0.0
40
1.2
1
-
7
VN
0
TEXT
8
08_BANG_THONG_KE_DE_NEO
10
669.95
20
330.456
30
0.0
40
1.2
1
HV-DV028
7
VN
0
TEXT
8
08_BANG_THONG_KE_DE_NEO
10
682.55
20
330.456
30
0.0
40
1.2
1
B7-D20 + B8-D31
7
VN
0
TEXT
8
08_BANG_THONG_KE_DE_NEO
10
700.55
20
330.456
30
0.0
40
1.2
1
B\U+00C8 7 + B\U+00C8 8
7
VN
0
TEXT
8
08_BANG_THONG_KE_DE_NEO
10
714.05
20
330.456
30
0.0
40
1.2
1
D\U+00D9NG CHUNG
7
VN
0
TEXT
8
08_BANG_THONG_KE_DE_NEO
10
724.85
20
330.456
30
0.0
40
1.2
1
110,63
7
VN
0
TEXT
8
08_BANG_THONG_KE_DE_NEO
10
735.65
20
330.456
30
0.0
40
1.2
1
90,49
7
VN
0
TEXT
8
08_BANG_THONG_KE_DE_NEO
10
746.45
20
330.456
30
0.0
40
1.2
1
378,30
7
VN
0
TEXT
8
08_BANG_THONG_KE_DE_NEO
10
755.45
20
330.456
30
0.0
40
1.2
1
2,50
7
VN
0
TEXT
8
08_BANG_THONG_KE_DE_NEO
10
762.65
20
330.456
30
0.0
40
1.2
1
0,40
7
VN
0
TEXT
8
08_BANG_THONG_KE_DE_NEO
10
769.85
20
330.456
30
0.0
40
1.2
1
2,5
7
VN
0
TEXT
8
08_BANG_THONG_KE_DE_NEO
10
777.95
20
330.456
30
0.0
40
1.2
1
6,4
7
VN
0
TEXT
8
08_BANG_THONG_KE_DE_NEO
10
786.05
20
330.456
30
0.0
40
1.2
1
59,1
7
VN
0
TEXT
8
08_BANG_THONG_KE_DE_NEO
10
796.85
20
330.456
30
0.0
40
1.2
1
0,84
7
VN
0
TEXT
8
08_BANG_THONG_KE_DE_NEO
10
804.05
20
330.456
30
0.0
40
1.2
1
0,59
7
VN
0
TEXT
8
08_BANG_THONG_KE_DE_NEO
10
812.15
20
330.456
30
0.0
40
1.2
1
0,90
7
VN
0
TEXT
8
08_BANG_THONG_KE_DE_NEO
10
819.35
20
330.456
30
0.0
40
1.2
1
0,89
7
VN
0
TEXT
8
08_BANG_THONG_KE_DE_NEO
10
826.55
20
330.456
30
0.0
40
1.2
1
\U+0110\U+1EA0T
7
VN
0
TEXT
8
08_BANG_THONG_KE_DE_NEO
10
837.35
20
330.456
30
0.0
40
1.2
1
-
7
VN
0
TEXT
8
08_BANG_THONG_KE_DE_NEO
10
669.95
20
327.816
30
0.0
40
1.2
1
HV-DV029
7
VN
0
TEXT
8
08_BANG_THONG_KE_DE_NEO
10
682.55
20
327.816
30
0.0
40
1.2
1
B7-D24 + B8-D32
7
VN
0
TEXT
8
08_BANG_THONG_KE_DE_NEO
10
700.55
20
327.816
30
0.0
40
1.2
1
B\U+00C8 7 + B\U+00C8 8
7
VN
0
TEXT
8
08_BANG_THONG_KE_DE_NEO
10
714.05
20
327.816
30
0.0
40
1.2
1
D\U+00D9NG CHUNG
7
VN
0
TEXT
8
08_BANG_THONG_KE_DE_NEO
10
724.85
20
327.816
30
0.0
40
1.2
1
130,63
7
VN
0
TEXT
8
08_BANG_THONG_KE_DE_NEO
10
735.65
20
327.816
30
0.0
40
1.2
1
90,49
7
VN
0
TEXT
8
08_BANG_THONG_KE_DE_NEO
10
746.45
20
327.816
30
0.0
40
1.2
1
378,30
7
VN
0
TEXT
8
08_BANG_THONG_KE_DE_NEO
10
755.45
20
327.816
30
0.0
40
1.2
1
2,50
7
VN
0
TEXT
8
08_BANG_THONG_KE_DE_NEO
10
762.65
20
327.816
30
0.0
40
1.2
1
0,40
7
VN
0
TEXT
8
08_BANG_THONG_KE_DE_NEO
10
769.85
20
327.816
30
0.0
40
1.2
1
2,5
7
VN
0
TEXT
8
08_BANG_THONG_KE_DE_NEO
10
777.95
20
327.816
30
0.0
40
1.2
1
6,4
7
VN
0
TEXT
8
08_BANG_THONG_KE_DE_NEO
10
786.05
20
327.816
30
0.0
40
1.2
1
59,1
7
VN
0
TEXT
8
08_BANG_THONG_KE_DE_NEO
10
796.85
20
327.816
30
0.0
40
1.2
1
0,73
7
VN
0
TEXT
8
08_BANG_THONG_KE_DE_NEO
10
804.05
20
327.816
30
0.0
40
1.2
1
0,59
7
VN
0
TEXT
8
08_BANG_THONG_KE_DE_NEO
10
812.15
20
327.816
30
0.0
40
1.2
1
0,79
7
VN
0
TEXT
8
08_BANG_THONG_KE_DE_NEO
10
819.35
20
327.816
30
0.0
40
1.2
1
0,65
7
VN
0
TEXT
8
08_BANG_THONG_KE_DE_NEO
10
826.55
20
327.816
30
0.0
40
1.2
1
\U+0110\U+1EA0T
7
VN
0
TEXT
8
08_BANG_THONG_KE_DE_NEO
10
837.35
20
327.816
30
0.0
40
1.2
1
-
7
VN
0
TEXT
8
08_BANG_THONG_KE_DE_NEO
10
669.95
20
325.176
30
0.0
40
1.2
1
HV-DV030
7
VN
0
TEXT
8
08_BANG_THONG_KE_DE_NEO
10
682.55
20
325.176
30
0.0
40
1.2
1
B7-D25 + B8-D29
7
VN
0
TEXT
8
08_BANG_THONG_KE_DE_NEO
10
700.55
20
325.176
30
0.0
40
1.2
1
B\U+00C8 7 + B\U+00C8 8
7
VN
0
TEXT
8
08_BANG_THONG_KE_DE_NEO
10
714.05
20
325.176
30
0.0
40
1.2
1
D\U+00D9NG CHUNG
7
VN
0
TEXT
8
08_BANG_THONG_KE_DE_NEO
10
724.85
20
325.176
30
0.0
40
1.2
1
83,63
7
VN
0
TEXT
8
08_BANG_THONG_KE_DE_NEO
10
735.65
20
325.176
30
0.0
40
1.2
1
90,49
7
VN
0
TEXT
8
08_BANG_THONG_KE_DE_NEO
10
746.45
20
325.176
30
0.0
40
1.2
1
378,30
7
VN
0
TEXT
8
08_BANG_THONG_KE_DE_NEO
10
755.45
20
325.176
30
0.0
40
1.2
1
2,50
7
VN
0
TEXT
8
08_BANG_THONG_KE_DE_NEO
10
762.65
20
325.176
30
0.0
40
1.2
1
0,40
7
VN
0
TEXT
8
08_BANG_THONG_KE_DE_NEO
10
769.85
20
325.176
30
0.0
40
1.2
1
2,5
7
VN
0
TEXT
8
08_BANG_THONG_KE_DE_NEO
10
777.95
20
325.176
30
0.0
40
1.2
1
6,4
7
VN
0
TEXT
8
08_BANG_THONG_KE_DE_NEO
10
786.05
20
325.176
30
0.0
40
1.2
1
59,1
7
VN
0
TEXT
8
08_BANG_THONG_KE_DE_NEO
10
796.85
20
325.176
30
0.0
40
1.2
1
0,83
7
VN
0
TEXT
8
08_BANG_THONG_KE_DE_NEO
10
804.05
20
325.176
30
0.0
40
1.2
1
0,59
7
VN
0
TEXT
8
08_BANG_THONG_KE_DE_NEO
10
812.15
20
325.176
30
0.0
40
1.2
1
0,89
7
VN
0
TEXT
8
08_BANG_THONG_KE_DE_NEO
10
819.35
20
325.176
30
0.0
40
1.2
1
0,87
7
VN
0
TEXT
8
08_BANG_THONG_KE_DE_NEO
10
826.55
20
325.176
30
0.0
40
1.2
1
\U+0110\U+1EA0T
7
VN
0
TEXT
8
08_BANG_THONG_KE_DE_NEO
10
837.35
20
325.176
30
0.0
40
1.2
1
-
7
VN
0
TEXT
8
08_BANG_THONG_KE_DE_NEO
10
669.95
20
322.536
30
0.0
40
1.2
1
HV-DV031
7
VN
0
TEXT
8
08_BANG_THONG_KE_DE_NEO
10
682.55
20
322.536
30
0.0
40
1.2
1
B7-D33 + B8-D30
7
VN
0
TEXT
8
08_BANG_THONG_KE_DE_NEO
10
700.55
20
322.536
30
0.0
40
1.2
1
B\U+00C8 7 + B\U+00C8 8
7
VN
0
TEXT
8
08_BANG_THONG_KE_DE_NEO
10
714.05
20
322.536
30
0.0
40
1.2
1
D\U+00D9NG CHUNG
7
VN
0
TEXT
8
08_BANG_THONG_KE_DE_NEO
10
724.85
20
322.536
30
0.0
40
1.2
1
94,38
7
VN
0
TEXT
8
08_BANG_THONG_KE_DE_NEO
10
735.65
20
322.536
30
0.0
40
1.2
1
90,49
7
VN
0
TEXT
8
08_BANG_THONG_KE_DE_NEO
10
746.45
20
322.536
30
0.0
40
1.2
1
378,30
7
VN
0
TEXT
8
08_BANG_THONG_KE_DE_NEO
10
755.45
20
322.536
30
0.0
40
1.2
1
2,50
7
VN
0
TEXT
8
08_BANG_THONG_KE_DE_NEO
10
762.65
20
322.536
30
0.0
40
1.2
1
0,40
7
VN
0
TEXT
8
08_BANG_THONG_KE_DE_NEO
10
769.85
20
322.536
30
0.0
40
1.2
1
2,5
7
VN
0
TEXT
8
08_BANG_THONG_KE_DE_NEO
10
777.95
20
322.536
30
0.0
40
1.2
1
6,4
7
VN
0
TEXT
8
08_BANG_THONG_KE_DE_NEO
10
786.05
20
322.536
30
0.0
40
1.2
1
59,1
7
VN
0
TEXT
8
08_BANG_THONG_KE_DE_NEO
10
796.85
20
322.536
30
0.0
40
1.2
1
0,86
7
VN
0
TEXT
8
08_BANG_THONG_KE_DE_NEO
10
804.05
20
322.536
30
0.0
40
1.2
1
0,59
7
VN
0
TEXT
8
08_BANG_THONG_KE_DE_NEO
10
812.15
20
322.536
30
0.0
40
1.2
1
0,91
7
VN
0
TEXT
8
08_BANG_THONG_KE_DE_NEO
10
819.35
20
322.536
30
0.0
40
1.2
1
0,92
7
VN
0
TEXT
8
08_BANG_THONG_KE_DE_NEO
10
826.55
20
322.536
30
0.0
40
1.2
1
\U+0110\U+1EA0T
7
VN
0
TEXT
8
08_BANG_THONG_KE_DE_NEO
10
837.35
20
322.536
30
0.0
40
1.2
1
-
7
VN
0
TEXT
8
08_BANG_THONG_KE_DE_NEO
10
669.95
20
319.896
30
0.0
40
1.2
1
HV-DV032
7
VN
0
TEXT
8
08_BANG_THONG_KE_DE_NEO
10
682.55
20
319.896
30
0.0
40
1.2
1
B8-D48 + B9-D16
7
VN
0
TEXT
8
08_BANG_THONG_KE_DE_NEO
10
700.55
20
319.896
30
0.0
40
1.2
1
B\U+00C8 8 + B\U+00C8 9
7
VN
0
TEXT
8
08_BANG_THONG_KE_DE_NEO
10
714.05
20
319.896
30
0.0
40
1.2
1
D\U+00D9NG CHUNG
7
VN
0
TEXT
8
08_BANG_THONG_KE_DE_NEO
10
724.85
20
319.896
30
0.0
40
1.2
1
121,79
7
VN
0
TEXT
8
08_BANG_THONG_KE_DE_NEO
10
735.65
20
319.896
30
0.0
40
1.2
1
292,95
7
VN
0
TEXT
8
08_BANG_THONG_KE_DE_NEO
10
746.45
20
319.896
30
0.0
40
1.2
1
378,30
7
VN
0
TEXT
8
08_BANG_THONG_KE_DE_NEO
10
755.45
20
319.896
30
0.0
40
1.2
1
2,50
7
VN
0
TEXT
8
08_BANG_THONG_KE_DE_NEO
10
762.65
20
319.896
30
0.0
40
1.2
1
0,40
7
VN
0
TEXT
8
08_BANG_THONG_KE_DE_NEO
10
769.85
20
319.896
30
0.0
40
1.2
1
2,5
7
VN
0
TEXT
8
08_BANG_THONG_KE_DE_NEO
10
777.95
20
319.896
30
0.0
40
1.2
1
6,4
7
VN
0
TEXT
8
08_BANG_THONG_KE_DE_NEO
10
786.05
20
319.896
30
0.0
40
1.2
1
59,1
7
VN
0
TEXT
8
08_BANG_THONG_KE_DE_NEO
10
796.85
20
319.896
30
0.0
40
1.2
1
0,73
7
VN
0
TEXT
8
08_BANG_THONG_KE_DE_NEO
10
804.05
20
319.896
30
0.0
40
1.2
1
0,59
7
VN
0
TEXT
8
08_BANG_THONG_KE_DE_NEO
10
812.15
20
319.896
30
0.0
40
1.2
1
0,86
7
VN
0
TEXT
8
08_BANG_THONG_KE_DE_NEO
10
819.35
20
319.896
30
0.0
40
1.2
1
0,82
7
VN
0
TEXT
8
08_BANG_THONG_KE_DE_NEO
10
826.55
20
319.896
30
0.0
40
1.2
1
\U+0110\U+1EA0T
7
VN
0
TEXT
8
08_BANG_THONG_KE_DE_NEO
10
837.35
20
319.896
30
0.0
40
1.2
1
-
7
VN
0
LINE
8
08_BANG_THONG_KE_DE_NEO
10
669.47
20
406.248
30
0.0
11
856.67
21
406.248
31
0.0
0
LINE
8
08_BANG_THONG_KE_DE_NEO
10
669.47
20
403.608
30
0.0
11
856.67
21
403.608
31
0.0
0
LINE
8
08_BANG_THONG_KE_DE_NEO
10
669.47
20
400.968
30
0.0
11
856.67
21
400.968
31
0.0
0
LINE
8
08_BANG_THONG_KE_DE_NEO
10
669.47
20
398.328
30
0.0
11
856.67
21
398.328
31
0.0
0
LINE
8
08_BANG_THONG_KE_DE_NEO
10
669.47
20
395.688
30
0.0
11
856.67
21
395.688
31
0.0
0
LINE
8
08_BANG_THONG_KE_DE_NEO
10
669.47
20
393.048
30
0.0
11
856.67
21
393.048
31
0.0
0
LINE
8
08_BANG_THONG_KE_DE_NEO
10
669.47
20
390.408
30
0.0
11
856.67
21
390.408
31
0.0
0
LINE
8
08_BANG_THONG_KE_DE_NEO
10
669.47
20
387.768
30
0.0
11
856.67
21
387.768
31
0.0
0
LINE
8
08_BANG_THONG_KE_DE_NEO
10
669.47
20
385.128
30
0.0
11
856.67
21
385.128
31
0.0
0
LINE
8
08_BANG_THONG_KE_DE_NEO
10
669.47
20
382.488
30
0.0
11
856.67
21
382.488
31
0.0
0
LINE
8
08_BANG_THONG_KE_DE_NEO
10
669.47
20
379.848
30
0.0
11
856.67
21
379.848
31
0.0
0
LINE
8
08_BANG_THONG_KE_DE_NEO
10
669.47
20
377.208
30
0.0
11
856.67
21
377.208
31
0.0
0
LINE
8
08_BANG_THONG_KE_DE_NEO
10
669.47
20
374.568
30
0.0
11
856.67
21
374.568
31
0.0
0
LINE
8
08_BANG_THONG_KE_DE_NEO
10
669.47
20
371.928
30
0.0
11
856.67
21
371.928
31
0.0
0
LINE
8
08_BANG_THONG_KE_DE_NEO
10
669.47
20
369.288
30
0.0
11
856.67
21
369.288
31
0.0
0
LINE
8
08_BANG_THONG_KE_DE_NEO
10
669.47
20
366.648
30
0.0
11
856.67
21
366.648
31
0.0
0
LINE
8
08_BANG_THONG_KE_DE_NEO
10
669.47
20
364.008
30
0.0
11
856.67
21
364.008
31
0.0
0
LINE
8
08_BANG_THONG_KE_DE_NEO
10
669.47
20
361.368
30
0.0
11
856.67
21
361.368
31
0.0
0
LINE
8
08_BANG_THONG_KE_DE_NEO
10
669.47
20
358.728
30
0.0
11
856.67
21
358.728
31
0.0
0
LINE
8
08_BANG_THONG_KE_DE_NEO
10
669.47
20
356.088
30
0.0
11
856.67
21
356.088
31
0.0
0
LINE
8
08_BANG_THONG_KE_DE_NEO
10
669.47
20
353.448
30
0.0
11
856.67
21
353.448
31
0.0
0
LINE
8
08_BANG_THONG_KE_DE_NEO
10
669.47
20
350.808
30
0.0
11
856.67
21
350.808
31
0.0
0
LINE
8
08_BANG_THONG_KE_DE_NEO
10
669.47
20
348.168
30
0.0
11
856.67
21
348.168
31
0.0
0
LINE
8
08_BANG_THONG_KE_DE_NEO
10
669.47
20
345.528
30
0.0
11
856.67
21
345.528
31
0.0
0
LINE
8
08_BANG_THONG_KE_DE_NEO
10
669.47
20
342.888
30
0.0
11
856.67
21
342.888
31
0.0
0
LINE
8
08_BANG_THONG_KE_DE_NEO
10
669.47
20
340.248
30
0.0
11
856.67
21
340.248
31
0.0
0
LINE
8
08_BANG_THONG_KE_DE_NEO
10
669.47
20
337.608
30
0.0
11
856.67
21
337.608
31
0.0
0
LINE
8
08_BANG_THONG_KE_DE_NEO
10
669.47
20
334.968
30
0.0
11
856.67
21
334.968
31
0.0
0
LINE
8
08_BANG_THONG_KE_DE_NEO
10
669.47
20
332.328
30
0.0
11
856.67
21
332.328
31
0.0
0
LINE
8
08_BANG_THONG_KE_DE_NEO
10
669.47
20
329.688
30
0.0
11
856.67
21
329.688
31
0.0
0
LINE
8
08_BANG_THONG_KE_DE_NEO
10
669.47
20
327.048
30
0.0
11
856.67
21
327.048
31
0.0
0
LINE
8
08_BANG_THONG_KE_DE_NEO
10
669.47
20
324.408
30
0.0
11
856.67
21
324.408
31
0.0
0
LINE
8
08_BANG_THONG_KE_DE_NEO
10
669.47
20
321.768
30
0.0
11
856.67
21
321.768
31
0.0
0
LINE
8
08_BANG_THONG_KE_DE_NEO
10
669.47
20
319.128
30
0.0
11
856.67
21
319.128
31
0.0
0
LINE
8
08_BANG_THONG_KE_DE_NEO
10
669.47
20
406.248
30
0.0
11
669.47
21
319.128
31
0.0
0
LINE
8
08_BANG_THONG_KE_DE_NEO
10
682.07
20
406.248
30
0.0
11
682.07
21
319.128
31
0.0
0
LINE
8
08_BANG_THONG_KE_DE_NEO
10
700.07
20
406.248
30
0.0
11
700.07
21
319.128
31
0.0
0
LINE
8
08_BANG_THONG_KE_DE_NEO
10
713.57
20
406.248
30
0.0
11
713.57
21
319.128
31
0.0
0
LINE
8
08_BANG_THONG_KE_DE_NEO
10
724.37
20
406.248
30
0.0
11
724.37
21
319.128
31
0.0
0
LINE
8
08_BANG_THONG_KE_DE_NEO
10
735.17
20
406.248
30
0.0
11
735.17
21
319.128
31
0.0
0
LINE
8
08_BANG_THONG_KE_DE_NEO
10
745.97
20
406.248
30
0.0
11
745.97
21
319.128
31
0.0
0
LINE
8
08_BANG_THONG_KE_DE_NEO
10
754.97
20
406.248
30
0.0
11
754.97
21
319.128
31
0.0
0
LINE
8
08_BANG_THONG_KE_DE_NEO
10
762.17
20
406.248
30
0.0
11
762.17
21
319.128
31
0.0
0
LINE
8
08_BANG_THONG_KE_DE_NEO
10
769.37
20
406.248
30
0.0
11
769.37
21
319.128
31
0.0
0
LINE
8
08_BANG_THONG_KE_DE_NEO
10
777.47
20
406.248
30
0.0
11
777.47
21
319.128
31
0.0
0
LINE
8
08_BANG_THONG_KE_DE_NEO
10
785.57
20
406.248
30
0.0
11
785.57
21
319.128
31
0.0
0
LINE
8
08_BANG_THONG_KE_DE_NEO
10
796.37
20
406.248
30
0.0
11
796.37
21
319.128
31
0.0
0
LINE
8
08_BANG_THONG_KE_DE_NEO
10
803.57
20
406.248
30
0.0
11
803.57
21
319.128
31
0.0
0
LINE
8
08_BANG_THONG_KE_DE_NEO
10
811.67
20
406.248
30
0.0
11
811.67
21
319.128
31
0.0
0
LINE
8
08_BANG_THONG_KE_DE_NEO
10
818.87
20
406.248
30
0.0
11
818.87
21
319.128
31
0.0
0
LINE
8
08_BANG_THONG_KE_DE_NEO
10
826.07
20
406.248
30
0.0
11
826.07
21
319.128
31
0.0
0
LINE
8
08_BANG_THONG_KE_DE_NEO
10
836.87
20
406.248
30
0.0
11
836.87
21
319.128
31
0.0
0
LINE
8
08_BANG_THONG_KE_DE_NEO
10
856.67
20
406.248
30
0.0
11
856.67
21
319.128
31
0.0
0
TEXT
8
09_CHI_TIET_DE_NEO
10
886.67
20
417.6
30
0.0
40
1.92
1
CHI TI\U+1EBET \U+0110\U+1EBE NEO \U+0110\U+00C1Y H\U+1ED2: \U+0110\U+1EBE BTCT + V\U+00CDT XO\U+1EAEN
7
VN
0
TEXT
8
09_CHI_TIET_DE_NEO
10
886.67
20
414
30
0.0
40
1.2
1
V\U+1EBD cho \U+0111\U+1EBF 2,75 \U+00D7 2,75 \U+00D7 0,40 m (t\U+1EF7 l\U+1EC7 ph\U+00F3ng 17,5:1). K\U+00EDch th\U+01B0\U+1EDBc B, t t\U+1EEBng \U+0111\U+1EBF: xem b\U+1EA3ng th\U+1ED1ng k\U+00EA \U+0111\U+1EBF. \U+0110\U+1EBF d\U+00F9ng chung: hai tai neo \U+0111\U+1EB7t hai b\U+00EAn t\U+00E2m \U+0111\U+1EBF, theo ph\U+01B0\U+01A1ng hai d\U+00E2y.
7
VN
0
TEXT
8
09_CHI_TIET_DE_NEO
10
886.67
20
408.96
30
0.0
40
1.44
1
M\U+1EB6T B\U+1EB0NG \U+0110\U+1EBE
7
VN
0
LINE
8
09_CHI_TIET_DE_NEO
10
886.67
20
360
30
0.0
11
934.67
21
360
31
0.0
0
LINE
8
09_CHI_TIET_DE_NEO
10
934.67
20
360
30
0.0
11
934.67
21
408
31
0.0
0
LINE
8
09_CHI_TIET_DE_NEO
10
934.67
20
408
30
0.0
11
886.67
21
408
31
0.0
0
LINE
8
09_CHI_TIET_DE_NEO
10
886.67
20
408
30
0.0
11
886.67
21
360
31
0.0
0
LINE
8
09_CHI_TIET_DE_NEO
10
890.161
20
363.491
30
0.0
11
931.179
21
363.491
31
0.0
0
LINE
8
09_CHI_TIET_DE_NEO
10
931.179
20
363.491
30
0.0
11
931.179
21
404.509
31
0.0
0
LINE
8
09_CHI_TIET_DE_NEO
10
931.179
20
404.509
30
0.0
11
890.161
21
404.509
31
0.0
0
LINE
8
09_CHI_TIET_DE_NEO
10
890.161
20
404.509
30
0.0
11
890.161
21
363.491
31
0.0
0
CIRCLE
8
09_CHI_TIET_DE_NEO
10
889.288
20
362.618
30
0.0
40
1.047
0
CIRCLE
8
09_CHI_TIET_DE_NEO
10
932.052
20
362.618
30
0.0
40
1.047
0
CIRCLE
8
09_CHI_TIET_DE_NEO
10
932.052
20
405.382
30
0.0
40
1.047
0
CIRCLE
8
09_CHI_TIET_DE_NEO
10
889.288
20
405.382
30
0.0
40
1.047
0
LINE
8
09_CHI_TIET_DE_NEO
10
908.052
20
381.382
30
0.0
11
913.288
21
381.382
31
0.0
0
LINE
8
09_CHI_TIET_DE_NEO
10
913.288
20
381.382
30
0.0
11
913.288
21
386.618
31
0.0
0
LINE
8
09_CHI_TIET_DE_NEO
10
913.288
20
386.618
30
0.0
11
908.052
21
386.618
31
0.0
0
LINE
8
09_CHI_TIET_DE_NEO
10
908.052
20
386.618
30
0.0
11
908.052
21
381.382
31
0.0
0
TEXT
8
09_CHI_TIET_DE_NEO
10
915.034
20
387.491
30
0.0
40
1.2
1
Tai neo c\U+00E1p (t\U+00E2m \U+0111\U+1EBF)
7
VN
0
TEXT
8
09_CHI_TIET_DE_NEO
10
891.906
20
364.364
30
0.0
40
1.2
1
L\U+1ED7 \U+00D8120, tim c\U+00E1ch m\U+00E9p 150 mm
7
VN
0
TEXT
8
09_CHI_TIET_DE_NEO
10
891.906
20
398.4
30
0.0
40
1.2
1
G\U+1EDD ch\U+1ED1ng tr\U+01B0\U+1EE3t quanh chu vi \U+0111\U+00E1y, s\U+00E2u 150 mm
7
VN
0
LINE
8
09_CHI_TIET_DE_NEO
10
886.67
20
357.6
30
0.0
11
934.67
21
357.6
31
0.0
0
TEXT
8
09_CHI_TIET_DE_NEO
10
908.27
20
355.2
30
0.0
40
1.44
1
B
7
VN
0
TEXT
8
09_CHI_TIET_DE_NEO
10
958.67
20
408.96
30
0.0
40
1.44
1
M\U+1EB6T C\U+1EAET \U+0110\U+1EBE
7
VN
0
LINE
8
09_CHI_TIET_DE_NEO
10
949.07
20
391.2
30
0.0
11
1016.27
21
391.2
31
0.0
0
TEXT
8
09_CHI_TIET_DE_NEO
10
1009.07
20
388.8
30
0.0
40
1.2
1
M\U+1EB7t b\U+00F9n \U+0111\U+00E1y h\U+1ED3
7
VN
0
LINE
8
09_CHI_TIET_DE_NEO
10
958.67
20
391.2
30
0.0
11
1006.67
21
391.2
31
0.0
0
LINE
8
09_CHI_TIET_DE_NEO
10
1006.67
20
391.2
30
0.0
11
1006.67
21
398.182
31
0.0
0
LINE
8
09_CHI_TIET_DE_NEO
10
1006.67
20
398.182
30
0.0
11
958.67
21
398.182
31
0.0
0
LINE
8
09_CHI_TIET_DE_NEO
10
958.67
20
398.182
30
0.0
11
958.67
21
391.2
31
0.0
0
LINE
8
09_CHI_TIET_DE_NEO
10
958.67
20
388.582
30
0.0
11
962.161
21
388.582
31
0.0
0
LINE
8
09_CHI_TIET_DE_NEO
10
962.161
20
388.582
30
0.0
11
962.161
21
391.2
31
0.0
0
LINE
8
09_CHI_TIET_DE_NEO
10
962.161
20
391.2
30
0.0
11
958.67
21
391.2
31
0.0
0
LINE
8
09_CHI_TIET_DE_NEO
10
958.67
20
391.2
30
0.0
11
958.67
21
388.582
31
0.0
0
LINE
8
09_CHI_TIET_DE_NEO
10
1003.179
20
388.582
30
0.0
11
1006.67
21
388.582
31
0.0
0
LINE
8
09_CHI_TIET_DE_NEO
10
1006.67
20
388.582
30
0.0
11
1006.67
21
391.2
31
0.0
0
LINE
8
09_CHI_TIET_DE_NEO
10
1006.67
20
391.2
30
0.0
11
1003.179
21
391.2
31
0.0
0
LINE
8
09_CHI_TIET_DE_NEO
10
1003.179
20
391.2
30
0.0
11
1003.179
21
388.582
31
0.0
0
LINE
8
09_CHI_TIET_DE_NEO
10
961.288
20
403.418
30
0.0
11
961.288
21
338.836
31
0.0
0
LINE
8
09_CHI_TIET_DE_NEO
10
959.914
20
385.964
30
0.0
11
962.663
21
384.218
31
0.0
0
LINE
8
09_CHI_TIET_DE_NEO
10
959.914
20
379.855
30
0.0
11
962.663
21
378.109
31
0.0
0
LINE
8
09_CHI_TIET_DE_NEO
10
959.914
20
373.745
30
0.0
11
962.663
21
372
31
0.0
0
LINE
8
09_CHI_TIET_DE_NEO
10
959.914
20
367.636
30
0.0
11
962.663
21
365.891
31
0.0
0
LINE
8
09_CHI_TIET_DE_NEO
10
959.914
20
361.527
30
0.0
11
962.663
21
359.782
31
0.0
0
LINE
8
09_CHI_TIET_DE_NEO
10
959.914
20
355.418
30
0.0
11
962.663
21
353.673
31
0.0
0
LINE
8
09_CHI_TIET_DE_NEO
10
959.914
20
349.309
30
0.0
11
962.663
21
347.564
31
0.0
0
LINE
8
09_CHI_TIET_DE_NEO
10
959.914
20
343.2
30
0.0
11
962.663
21
341.455
31
0.0
0
LINE
8
09_CHI_TIET_DE_NEO
10
959.194
20
398.182
30
0.0
11
963.383
21
398.182
31
0.0
0
LINE
8
09_CHI_TIET_DE_NEO
10
963.383
20
398.182
30
0.0
11
963.383
21
399.055
31
0.0
0
LINE
8
09_CHI_TIET_DE_NEO
10
963.383
20
399.055
30
0.0
11
959.194
21
399.055
31
0.0
0
LINE
8
09_CHI_TIET_DE_NEO
10
959.194
20
399.055
30
0.0
11
959.194
21
398.182
31
0.0
0
LINE
8
09_CHI_TIET_DE_NEO
10
1004.052
20
403.418
30
0.0
11
1004.052
21
338.836
31
0.0
0
LINE
8
09_CHI_TIET_DE_NEO
10
1002.677
20
385.964
30
0.0
11
1005.426
21
384.218
31
0.0
0
LINE
8
09_CHI_TIET_DE_NEO
10
1002.677
20
379.855
30
0.0
11
1005.426
21
378.109
31
0.0
0
LINE
8
09_CHI_TIET_DE_NEO
10
1002.677
20
373.745
30
0.0
11
1005.426
21
372
31
0.0
0
LINE
8
09_CHI_TIET_DE_NEO
10
1002.677
20
367.636
30
0.0
11
1005.426
21
365.891
31
0.0
0
LINE
8
09_CHI_TIET_DE_NEO
10
1002.677
20
361.527
30
0.0
11
1005.426
21
359.782
31
0.0
0
LINE
8
09_CHI_TIET_DE_NEO
10
1002.677
20
355.418
30
0.0
11
1005.426
21
353.673
31
0.0
0
LINE
8
09_CHI_TIET_DE_NEO
10
1002.677
20
349.309
30
0.0
11
1005.426
21
347.564
31
0.0
0
LINE
8
09_CHI_TIET_DE_NEO
10
1002.677
20
343.2
30
0.0
11
1005.426
21
341.455
31
0.0
0
LINE
8
09_CHI_TIET_DE_NEO
10
1001.957
20
398.182
30
0.0
11
1006.146
21
398.182
31
0.0
0
LINE
8
09_CHI_TIET_DE_NEO
10
1006.146
20
398.182
30
0.0
11
1006.146
21
399.055
31
0.0
0
LINE
8
09_CHI_TIET_DE_NEO
10
1006.146
20
399.055
30
0.0
11
1001.957
21
399.055
31
0.0
0
LINE
8
09_CHI_TIET_DE_NEO
10
1001.957
20
399.055
30
0.0
11
1001.957
21
398.182
31
0.0
0
LINE
8
09_CHI_TIET_DE_NEO
10
980.925
20
398.182
30
0.0
11
984.415
21
398.182
31
0.0
0
LINE
8
09_CHI_TIET_DE_NEO
10
984.415
20
398.182
30
0.0
11
984.415
21
400.8
31
0.0
0
LINE
8
09_CHI_TIET_DE_NEO
10
984.415
20
400.8
30
0.0
11
980.925
21
400.8
31
0.0
0
LINE
8
09_CHI_TIET_DE_NEO
10
980.925
20
400.8
30
0.0
11
980.925
21
398.182
31
0.0
0
LINE
8
09_CHI_TIET_DE_NEO
10
982.67
20
400.8
30
0.0
11
1013.87
21
406.8
31
0.0
0
TEXT
8
09_CHI_TIET_DE_NEO
10
1014.47
20
406.8
30
0.0
40
1.2
1
C\U+00E1p neo T
7
VN
0
TEXT
8
09_CHI_TIET_DE_NEO
10
986.161
20
401.4
30
0.0
40
1.2
1
Tai neo cao 150 mm
7
VN
0
TEXT
8
09_CHI_TIET_DE_NEO
10
1009.07
20
394.691
30
0.0
40
1.2
1
\U+0110\U+1EBF BTCT B25, d\U+00E0y t; l\U+01B0\U+1EDBi th\U+00E9p 2 l\U+1EDBp, 2 ph\U+01B0\U+01A1ng
7
VN
0
TEXT
8
09_CHI_TIET_DE_NEO
10
1005.852
20
365.018
30
0.0
40
1.2
1
V\U+00EDt xo\U+1EAFn \U+1ED1ng \U+00D889\U+00D75, ren \U+00D8105, ng\U+1EADp b\U+00F9n L = 3,0 m
7
VN
0
TEXT
8
09_CHI_TIET_DE_NEO
10
963.088
20
405.164
30
0.0
40
1.2
1
Kh\U+00F3a \U+0111\U+1EA7u v\U+00EDt: b\U+1EA3n m\U+00E3 + \U+0111ai \U+1ED1c; ch\U+00E8n k\U+00EDn khe l\U+1ED7
7
VN
0
TEXT
8
09_CHI_TIET_DE_NEO
10
1078.67
20
408
30
0.0
40
1.56
1
KI\U+1EC2M TRA THEO B\U+00C8 \U+2014 \U+0111\U+1EBF cho M\U+1ED8T d\U+00E2y, v\U+1EDBi d\U+00E2y \U+0111\U+00E1y ng\U+1EAFn nh\U+1EA5t c\U+1EE7a b\U+00E8 (c\U+00E1c d\U+00F2ng SV-1\U+2026SV-6 tr\U+00EAn web). C\U+1EE1 \U+0111\U+1EBF t\U+1EEBng \U+0111i\U+1EC3m: xem b\U+1EA3ng th\U+1ED1ng k\U+00EA \U+0111\U+1EBF.
7
VN
0
TEXT
8
09_CHI_TIET_DE_NEO
10
1079.15
20
402.696
30
0.0
40
1.2
1
B\U+00C8
7
VN
0
TEXT
8
09_CHI_TIET_DE_NEO
10
1087.25
20
402.696
30
0.0
40
1.2
1
B (m)
7
VN
0
TEXT
8
09_CHI_TIET_DE_NEO
10
1094.45
20
402.696
30
0.0
40
1.2
1
t (m)
7
VN
0
TEXT
8
09_CHI_TIET_DE_NEO
10
1101.65
20
402.696
30
0.0
40
1.2
1
BT (m\U+00B3)
7
VN
0
TEXT
8
09_CHI_TIET_DE_NEO
10
1109.75
20
402.696
30
0.0
40
1.2
1
C\U+1EA8U (T)
7
VN
0
TEXT
8
09_CHI_TIET_DE_NEO
10
1117.85
20
402.696
30
0.0
40
1.2
1
L\U+01AF\U+1EDAI TH\U+00C9P
7
VN
0
TEXT
8
09_CHI_TIET_DE_NEO
10
1130.45
20
402.696
30
0.0
40
1.2
1
TH\U+00C9P (kg)
7
VN
0
TEXT
8
09_CHI_TIET_DE_NEO
10
1140.35
20
402.696
30
0.0
40
1.2
1
NH\U+1ED4
7
VN
0
TEXT
8
09_CHI_TIET_DE_NEO
10
1147.55
20
402.696
30
0.0
40
1.2
1
TR\U+01AF\U+1EE2T
7
VN
0
TEXT
8
09_CHI_TIET_DE_NEO
10
1155.65
20
402.696
30
0.0
40
1.2
1
L\U+1EACT
7
VN
0
TEXT
8
09_CHI_TIET_DE_NEO
10
1162.85
20
402.696
30
0.0
40
1.2
1
1 V\U+00CDT
7
VN
0
TEXT
8
09_CHI_TIET_DE_NEO
10
1170.05
20
402.696
30
0.0
40
1.2
1
N\U+1EC0N
7
VN
0
TEXT
8
09_CHI_TIET_DE_NEO
10
1177.25
20
402.696
30
0.0
40
1.2
1
KL
7
VN
0
TEXT
8
09_CHI_TIET_DE_NEO
10
1079.15
20
400.056
30
0.0
40
1.2
1
B\U+00C8 1
7
VN
0
TEXT
8
09_CHI_TIET_DE_NEO
10
1087.25
20
400.056
30
0.0
40
1.2
1
2,50
7
VN
0
TEXT
8
09_CHI_TIET_DE_NEO
10
1094.45
20
400.056
30
0.0
40
1.2
1
0,40
7
VN
0
TEXT
8
09_CHI_TIET_DE_NEO
10
1101.65
20
400.056
30
0.0
40
1.2
1
2,5
7
VN
0
TEXT
8
09_CHI_TIET_DE_NEO
10
1109.75
20
400.056
30
0.0
40
1.2
1
6,4
7
VN
0
TEXT
8
09_CHI_TIET_DE_NEO
10
1117.85
20
400.056
30
0.0
40
1.2
1
\U+00D812 a200
7
VN
0
TEXT
8
09_CHI_TIET_DE_NEO
10
1130.45
20
400.056
30
0.0
40
1.2
1
119
7
VN
0
TEXT
8
09_CHI_TIET_DE_NEO
10
1140.35
20
400.056
30
0.0
40
1.2
1
0,23
7
VN
0
TEXT
8
09_CHI_TIET_DE_NEO
10
1147.55
20
400.056
30
0.0
40
1.2
1
0,33
7
VN
0
TEXT
8
09_CHI_TIET_DE_NEO
10
1155.65
20
400.056
30
0.0
40
1.2
1
0,39
7
VN
0
TEXT
8
09_CHI_TIET_DE_NEO
10
1162.85
20
400.056
30
0.0
40
1.2
1
0,00
7
VN
0
TEXT
8
09_CHI_TIET_DE_NEO
10
1170.05
20
400.056
30
0.0
40
1.2
1
0,15
7
VN
0
TEXT
8
09_CHI_TIET_DE_NEO
10
1177.25
20
400.056
30
0.0
40
1.2
1
\U+0110\U+1EA0T
7
VN
0
TEXT
8
09_CHI_TIET_DE_NEO
10
1079.15
20
397.416
30
0.0
40
1.2
1
B\U+00C8 2
7
VN
0
TEXT
8
09_CHI_TIET_DE_NEO
10
1087.25
20
397.416
30
0.0
40
1.2
1
2,50
7
VN
0
TEXT
8
09_CHI_TIET_DE_NEO
10
1094.45
20
397.416
30
0.0
40
1.2
1
0,40
7
VN
0
TEXT
8
09_CHI_TIET_DE_NEO
10
1101.65
20
397.416
30
0.0
40
1.2
1
2,5
7
VN
0
TEXT
8
09_CHI_TIET_DE_NEO
10
1109.75
20
397.416
30
0.0
40
1.2
1
6,4
7
VN
0
TEXT
8
09_CHI_TIET_DE_NEO
10
1117.85
20
397.416
30
0.0
40
1.2
1
\U+00D812 a200
7
VN
0
TEXT
8
09_CHI_TIET_DE_NEO
10
1130.45
20
397.416
30
0.0
40
1.2
1
119
7
VN
0
TEXT
8
09_CHI_TIET_DE_NEO
10
1140.35
20
397.416
30
0.0
40
1.2
1
0,25
7
VN
0
TEXT
8
09_CHI_TIET_DE_NEO
10
1147.55
20
397.416
30
0.0
40
1.2
1
0,30
7
VN
0
TEXT
8
09_CHI_TIET_DE_NEO
10
1155.65
20
397.416
30
0.0
40
1.2
1
0,39
7
VN
0
TEXT
8
09_CHI_TIET_DE_NEO
10
1162.85
20
397.416
30
0.0
40
1.2
1
0,00
7
VN
0
TEXT
8
09_CHI_TIET_DE_NEO
10
1170.05
20
397.416
30
0.0
40
1.2
1
0,15
7
VN
0
TEXT
8
09_CHI_TIET_DE_NEO
10
1177.25
20
397.416
30
0.0
40
1.2
1
\U+0110\U+1EA0T
7
VN
0
TEXT
8
09_CHI_TIET_DE_NEO
10
1079.15
20
394.776
30
0.0
40
1.2
1
B\U+00C8 3
7
VN
0
TEXT
8
09_CHI_TIET_DE_NEO
10
1087.25
20
394.776
30
0.0
40
1.2
1
2,50
7
VN
0
TEXT
8
09_CHI_TIET_DE_NEO
10
1094.45
20
394.776
30
0.0
40
1.2
1
0,40
7
VN
0
TEXT
8
09_CHI_TIET_DE_NEO
10
1101.65
20
394.776
30
0.0
40
1.2
1
2,5
7
VN
0
TEXT
8
09_CHI_TIET_DE_NEO
10
1109.75
20
394.776
30
0.0
40
1.2
1
6,4
7
VN
0
TEXT
8
09_CHI_TIET_DE_NEO
10
1117.85
20
394.776
30
0.0
40
1.2
1
\U+00D812 a200
7
VN
0
TEXT
8
09_CHI_TIET_DE_NEO
10
1130.45
20
394.776
30
0.0
40
1.2
1
119
7
VN
0
TEXT
8
09_CHI_TIET_DE_NEO
10
1140.35
20
394.776
30
0.0
40
1.2
1
0,35
7
VN
0
TEXT
8
09_CHI_TIET_DE_NEO
10
1147.55
20
394.776
30
0.0
40
1.2
1
0,42
7
VN
0
TEXT
8
09_CHI_TIET_DE_NEO
10
1155.65
20
394.776
30
0.0
40
1.2
1
0,54
7
VN
0
TEXT
8
09_CHI_TIET_DE_NEO
10
1162.85
20
394.776
30
0.0
40
1.2
1
0,10
7
VN
0
TEXT
8
09_CHI_TIET_DE_NEO
10
1170.05
20
394.776
30
0.0
40
1.2
1
0,15
7
VN
0
TEXT
8
09_CHI_TIET_DE_NEO
10
1177.25
20
394.776
30
0.0
40
1.2
1
\U+0110\U+1EA0T
7
VN
0
TEXT
8
09_CHI_TIET_DE_NEO
10
1079.15
20
392.136
30
0.0
40
1.2
1
B\U+00C8 3A
7
VN
0
TEXT
8
09_CHI_TIET_DE_NEO
10
1087.25
20
392.136
30
0.0
40
1.2
1
2,75
7
VN
0
TEXT
8
09_CHI_TIET_DE_NEO
10
1094.45
20
392.136
30
0.0
40
1.2
1
0,40
7
VN
0
TEXT
8
09_CHI_TIET_DE_NEO
10
1101.65
20
392.136
30
0.0
40
1.2
1
3,0
7
VN
0
TEXT
8
09_CHI_TIET_DE_NEO
10
1109.75
20
392.136
30
0.0
40
1.2
1
7,7
7
VN
0
TEXT
8
09_CHI_TIET_DE_NEO
10
1117.85
20
392.136
30
0.0
40
1.2
1
\U+00D812 a200
7
VN
0
TEXT
8
09_CHI_TIET_DE_NEO
10
1130.45
20
392.136
30
0.0
40
1.2
1
141
7
VN
0
TEXT
8
09_CHI_TIET_DE_NEO
10
1140.35
20
392.136
30
0.0
40
1.2
1
0,59
7
VN
0
TEXT
8
09_CHI_TIET_DE_NEO
10
1147.55
20
392.136
30
0.0
40
1.2
1
0,72
7
VN
0
TEXT
8
09_CHI_TIET_DE_NEO
10
1155.65
20
392.136
30
0.0
40
1.2
1
0,92
7
VN
0
TEXT
8
09_CHI_TIET_DE_NEO
10
1162.85
20
392.136
30
0.0
40
1.2
1
0,87
7
VN
0
TEXT
8
09_CHI_TIET_DE_NEO
10
1170.05
20
392.136
30
0.0
40
1.2
1
0,15
7
VN
0
TEXT
8
09_CHI_TIET_DE_NEO
10
1177.25
20
392.136
30
0.0
40
1.2
1
\U+0110\U+1EA0T
7
VN
0
TEXT
8
09_CHI_TIET_DE_NEO
10
1079.15
20
389.496
30
0.0
40
1.2
1
B\U+00C8 5A
7
VN
0
TEXT
8
09_CHI_TIET_DE_NEO
10
1087.25
20
389.496
30
0.0
40
1.2
1
2,75
7
VN
0
TEXT
8
09_CHI_TIET_DE_NEO
10
1094.45
20
389.496
30
0.0
40
1.2
1
0,40
7
VN
0
TEXT
8
09_CHI_TIET_DE_NEO
10
1101.65
20
389.496
30
0.0
40
1.2
1
3,0
7
VN
0
TEXT
8
09_CHI_TIET_DE_NEO
10
1109.75
20
389.496
30
0.0
40
1.2
1
7,7
7
VN
0
TEXT
8
09_CHI_TIET_DE_NEO
10
1117.85
20
389.496
30
0.0
40
1.2
1
\U+00D812 a200
7
VN
0
TEXT
8
09_CHI_TIET_DE_NEO
10
1130.45
20
389.496
30
0.0
40
1.2
1
141
7
VN
0
TEXT
8
09_CHI_TIET_DE_NEO
10
1140.35
20
389.496
30
0.0
40
1.2
1
0,39
7
VN
0
TEXT
8
09_CHI_TIET_DE_NEO
10
1147.55
20
389.496
30
0.0
40
1.2
1
0,86
7
VN
0
TEXT
8
09_CHI_TIET_DE_NEO
10
1155.65
20
389.496
30
0.0
40
1.2
1
0,85
7
VN
0
TEXT
8
09_CHI_TIET_DE_NEO
10
1162.85
20
389.496
30
0.0
40
1.2
1
0,69
7
VN
0
TEXT
8
09_CHI_TIET_DE_NEO
10
1170.05
20
389.496
30
0.0
40
1.2
1
0,15
7
VN
0
TEXT
8
09_CHI_TIET_DE_NEO
10
1177.25
20
389.496
30
0.0
40
1.2
1
\U+0110\U+1EA0T
7
VN
0
TEXT
8
09_CHI_TIET_DE_NEO
10
1079.15
20
386.856
30
0.0
40
1.2
1
B\U+00C8 7
7
VN
0
TEXT
8
09_CHI_TIET_DE_NEO
10
1087.25
20
386.856
30
0.0
40
1.2
1
2,50
7
VN
0
TEXT
8
09_CHI_TIET_DE_NEO
10
1094.45
20
386.856
30
0.0
40
1.2
1
0,40
7
VN
0
TEXT
8
09_CHI_TIET_DE_NEO
10
1101.65
20
386.856
30
0.0
40
1.2
1
2,5
7
VN
0
TEXT
8
09_CHI_TIET_DE_NEO
10
1109.75
20
386.856
30
0.0
40
1.2
1
6,4
7
VN
0
TEXT
8
09_CHI_TIET_DE_NEO
10
1117.85
20
386.856
30
0.0
40
1.2
1
\U+00D812 a200
7
VN
0
TEXT
8
09_CHI_TIET_DE_NEO
10
1130.45
20
386.856
30
0.0
40
1.2
1
119
7
VN
0
TEXT
8
09_CHI_TIET_DE_NEO
10
1140.35
20
386.856
30
0.0
40
1.2
1
0,35
7
VN
0
TEXT
8
09_CHI_TIET_DE_NEO
10
1147.55
20
386.856
30
0.0
40
1.2
1
0,50
7
VN
0
TEXT
8
09_CHI_TIET_DE_NEO
10
1155.65
20
386.856
30
0.0
40
1.2
1
0,60
7
VN
0
TEXT
8
09_CHI_TIET_DE_NEO
10
1162.85
20
386.856
30
0.0
40
1.2
1
0,22
7
VN
0
TEXT
8
09_CHI_TIET_DE_NEO
10
1170.05
20
386.856
30
0.0
40
1.2
1
0,15
7
VN
0
TEXT
8
09_CHI_TIET_DE_NEO
10
1177.25
20
386.856
30
0.0
40
1.2
1
\U+0110\U+1EA0T
7
VN
0
TEXT
8
09_CHI_TIET_DE_NEO
10
1079.15
20
384.216
30
0.0
40
1.2
1
B\U+00C8 6
7
VN
0
TEXT
8
09_CHI_TIET_DE_NEO
10
1087.25
20
384.216
30
0.0
40
1.2
1
2,50
7
VN
0
TEXT
8
09_CHI_TIET_DE_NEO
10
1094.45
20
384.216
30
0.0
40
1.2
1
0,40
7
VN
0
TEXT
8
09_CHI_TIET_DE_NEO
10
1101.65
20
384.216
30
0.0
40
1.2
1
2,5
7
VN
0
TEXT
8
09_CHI_TIET_DE_NEO
10
1109.75
20
384.216
30
0.0
40
1.2
1
6,4
7
VN
0
TEXT
8
09_CHI_TIET_DE_NEO
10
1117.85
20
384.216
30
0.0
40
1.2
1
\U+00D812 a200
7
VN
0
TEXT
8
09_CHI_TIET_DE_NEO
10
1130.45
20
384.216
30
0.0
40
1.2
1
119
7
VN
0
TEXT
8
09_CHI_TIET_DE_NEO
10
1140.35
20
384.216
30
0.0
40
1.2
1
0,20
7
VN
0
TEXT
8
09_CHI_TIET_DE_NEO
10
1147.55
20
384.216
30
0.0
40
1.2
1
0,44
7
VN
0
TEXT
8
09_CHI_TIET_DE_NEO
10
1155.65
20
384.216
30
0.0
40
1.2
1
0,45
7
VN
0
TEXT
8
09_CHI_TIET_DE_NEO
10
1162.85
20
384.216
30
0.0
40
1.2
1
0,00
7
VN
0
TEXT
8
09_CHI_TIET_DE_NEO
10
1170.05
20
384.216
30
0.0
40
1.2
1
0,15
7
VN
0
TEXT
8
09_CHI_TIET_DE_NEO
10
1177.25
20
384.216
30
0.0
40
1.2
1
\U+0110\U+1EA0T
7
VN
0
TEXT
8
09_CHI_TIET_DE_NEO
10
1079.15
20
381.576
30
0.0
40
1.2
1
B\U+00C8 8
7
VN
0
TEXT
8
09_CHI_TIET_DE_NEO
10
1087.25
20
381.576
30
0.0
40
1.2
1
2,50
7
VN
0
TEXT
8
09_CHI_TIET_DE_NEO
10
1094.45
20
381.576
30
0.0
40
1.2
1
0,40
7
VN
0
TEXT
8
09_CHI_TIET_DE_NEO
10
1101.65
20
381.576
30
0.0
40
1.2
1
2,5
7
VN
0
TEXT
8
09_CHI_TIET_DE_NEO
10
1109.75
20
381.576
30
0.0
40
1.2
1
6,4
7
VN
0
TEXT
8
09_CHI_TIET_DE_NEO
10
1117.85
20
381.576
30
0.0
40
1.2
1
\U+00D812 a200
7
VN
0
TEXT
8
09_CHI_TIET_DE_NEO
10
1130.45
20
381.576
30
0.0
40
1.2
1
119
7
VN
0
TEXT
8
09_CHI_TIET_DE_NEO
10
1140.35
20
381.576
30
0.0
40
1.2
1
0,46
7
VN
0
TEXT
8
09_CHI_TIET_DE_NEO
10
1147.55
20
381.576
30
0.0
40
1.2
1
0,64
7
VN
0
TEXT
8
09_CHI_TIET_DE_NEO
10
1155.65
20
381.576
30
0.0
40
1.2
1
0,78
7
VN
0
TEXT
8
09_CHI_TIET_DE_NEO
10
1162.85
20
381.576
30
0.0
40
1.2
1
0,63
7
VN
0
TEXT
8
09_CHI_TIET_DE_NEO
10
1170.05
20
381.576
30
0.0
40
1.2
1
0,15
7
VN
0
TEXT
8
09_CHI_TIET_DE_NEO
10
1177.25
20
381.576
30
0.0
40
1.2
1
\U+0110\U+1EA0T
7
VN
0
TEXT
8
09_CHI_TIET_DE_NEO
10
1079.15
20
378.936
30
0.0
40
1.2
1
B\U+00C8 9
7
VN
0
TEXT
8
09_CHI_TIET_DE_NEO
10
1087.25
20
378.936
30
0.0
40
1.2
1
2,50
7
VN
0
TEXT
8
09_CHI_TIET_DE_NEO
10
1094.45
20
378.936
30
0.0
40
1.2
1
0,40
7
VN
0
TEXT
8
09_CHI_TIET_DE_NEO
10
1101.65
20
378.936
30
0.0
40
1.2
1
2,5
7
VN
0
TEXT
8
09_CHI_TIET_DE_NEO
10
1109.75
20
378.936
30
0.0
40
1.2
1
6,4
7
VN
0
TEXT
8
09_CHI_TIET_DE_NEO
10
1117.85
20
378.936
30
0.0
40
1.2
1
\U+00D812 a200
7
VN
0
TEXT
8
09_CHI_TIET_DE_NEO
10
1130.45
20
378.936
30
0.0
40
1.2
1
119
7
VN
0
TEXT
8
09_CHI_TIET_DE_NEO
10
1140.35
20
378.936
30
0.0
40
1.2
1
0,24
7
VN
0
TEXT
8
09_CHI_TIET_DE_NEO
10
1147.55
20
378.936
30
0.0
40
1.2
1
0,34
7
VN
0
TEXT
8
09_CHI_TIET_DE_NEO
10
1155.65
20
378.936
30
0.0
40
1.2
1
0,41
7
VN
0
TEXT
8
09_CHI_TIET_DE_NEO
10
1162.85
20
378.936
30
0.0
40
1.2
1
0,00
7
VN
0
TEXT
8
09_CHI_TIET_DE_NEO
10
1170.05
20
378.936
30
0.0
40
1.2
1
0,15
7
VN
0
TEXT
8
09_CHI_TIET_DE_NEO
10
1177.25
20
378.936
30
0.0
40
1.2
1
\U+0110\U+1EA0T
7
VN
0
LINE
8
09_CHI_TIET_DE_NEO
10
1078.67
20
404.568
30
0.0
11
1187.57
21
404.568
31
0.0
0
LINE
8
09_CHI_TIET_DE_NEO
10
1078.67
20
401.928
30
0.0
11
1187.57
21
401.928
31
0.0
0
LINE
8
09_CHI_TIET_DE_NEO
10
1078.67
20
399.288
30
0.0
11
1187.57
21
399.288
31
0.0
0
LINE
8
09_CHI_TIET_DE_NEO
10
1078.67
20
396.648
30
0.0
11
1187.57
21
396.648
31
0.0
0
LINE
8
09_CHI_TIET_DE_NEO
10
1078.67
20
394.008
30
0.0
11
1187.57
21
394.008
31
0.0
0
LINE
8
09_CHI_TIET_DE_NEO
10
1078.67
20
391.368
30
0.0
11
1187.57
21
391.368
31
0.0
0
LINE
8
09_CHI_TIET_DE_NEO
10
1078.67
20
388.728
30
0.0
11
1187.57
21
388.728
31
0.0
0
LINE
8
09_CHI_TIET_DE_NEO
10
1078.67
20
386.088
30
0.0
11
1187.57
21
386.088
31
0.0
0
LINE
8
09_CHI_TIET_DE_NEO
10
1078.67
20
383.448
30
0.0
11
1187.57
21
383.448
31
0.0
0
LINE
8
09_CHI_TIET_DE_NEO
10
1078.67
20
380.808
30
0.0
11
1187.57
21
380.808
31
0.0
0
LINE
8
09_CHI_TIET_DE_NEO
10
1078.67
20
378.168
30
0.0
11
1187.57
21
378.168
31
0.0
0
LINE
8
09_CHI_TIET_DE_NEO
10
1078.67
20
404.568
30
0.0
11
1078.67
21
378.168
31
0.0
0
LINE
8
09_CHI_TIET_DE_NEO
10
1086.77
20
404.568
30
0.0
11
1086.77
21
378.168
31
0.0
0
LINE
8
09_CHI_TIET_DE_NEO
10
1093.97
20
404.568
30
0.0
11
1093.97
21
378.168
31
0.0
0
LINE
8
09_CHI_TIET_DE_NEO
10
1101.17
20
404.568
30
0.0
11
1101.17
21
378.168
31
0.0
0
LINE
8
09_CHI_TIET_DE_NEO
10
1109.27
20
404.568
30
0.0
11
1109.27
21
378.168
31
0.0
0
LINE
8
09_CHI_TIET_DE_NEO
10
1117.37
20
404.568
30
0.0
11
1117.37
21
378.168
31
0.0
0
LINE
8
09_CHI_TIET_DE_NEO
10
1129.97
20
404.568
30
0.0
11
1129.97
21
378.168
31
0.0
0
LINE
8
09_CHI_TIET_DE_NEO
10
1139.87
20
404.568
30
0.0
11
1139.87
21
378.168
31
0.0
0
LINE
8
09_CHI_TIET_DE_NEO
10
1147.07
20
404.568
30
0.0
11
1147.07
21
378.168
31
0.0
0
LINE
8
09_CHI_TIET_DE_NEO
10
1155.17
20
404.568
30
0.0
11
1155.17
21
378.168
31
0.0
0
LINE
8
09_CHI_TIET_DE_NEO
10
1162.37
20
404.568
30
0.0
11
1162.37
21
378.168
31
0.0
0
LINE
8
09_CHI_TIET_DE_NEO
10
1169.57
20
404.568
30
0.0
11
1169.57
21
378.168
31
0.0
0
LINE
8
09_CHI_TIET_DE_NEO
10
1176.77
20
404.568
30
0.0
11
1176.77
21
378.168
31
0.0
0
LINE
8
09_CHI_TIET_DE_NEO
10
1187.57
20
404.568
30
0.0
11
1187.57
21
378.168
31
0.0
0
TEXT
8
09_CHI_TIET_DE_NEO
10
886.67
20
331.636
30
0.0
40
1.2
1
GHI CH\U+00DA:
7
VN
0
TEXT
8
09_CHI_TIET_DE_NEO
10
886.67
20
328.996
30
0.0
40
1.2
1
0. \U+0110\U+1EBE D\U+00D9NG CHUNG (32 / 32 \U+0111\U+1EBF): \U+0111\U+1EB7t \U+1EDF tim khe gi\U+1EEFa hai b\U+00E8, c\U+00F3 HAI tai neo, m\U+1ED7i tai n\U+1ED1i m\U+1ED9t d\U+00E2y v\U+1EC1 m\U+1ED9t b\U+00E8. Ki\U+1EC3m tra: m\U+1ED9t d\U+00E2y c\U+0103ng c\U+1EF1c \U+0111\U+1EA1i + d\U+00E2y kia \U+1EDF l\U+1EF1c c\U+0103ng tr\U+01B0\U+1EDBc; v\U+00E0 c\U+1EA3 hai d\U+00E2y c\U+00F9ng c\U+0103ng (l\U+1EF1c ngang tri\U+1EC7t ti\U+00EAu, l\U+1EF1c nh\U+1ED5 c\U+1ED9ng l\U+1EA1i). Tai neo \U+0111\U+00F4i CH\U+01AFA thi\U+1EBFt k\U+1EBF.
7
VN
0
TEXT
8
09_CHI_TIET_DE_NEO
10
886.67
20
326.356
30
0.0
40
1.2
1
1. T\U+00EDnh theo b\U+1EA3ng t\U+00EDnh 6.DE_NEO_VIT c\U+1EE7a Ch\U+1EE7 \U+0111\U+1EA7u t\U+01B0: ch\U+1ED1ng nh\U+1ED5, tr\U+01B0\U+1EE3t, l\U+1EADt, l\U+1EF1c nh\U+1ED5 m\U+1ED9t v\U+00EDt, \U+00E1p l\U+1EF1c n\U+1EC1n, th\U+00E9p b\U+1EA3n \U+0111\U+1EBF \U+2014 \U+1EDF hai m\U+1EF1c n\U+01B0\U+1EDBc (th\U+1EA5p: d\U+00E2y tho\U+1EA3i, tr\U+01B0\U+1EE3t l\U+1EDBn nh\U+1EA5t; cao: d\U+00E2y d\U+1ED1c, nh\U+1ED5 l\U+1EDBn nh\U+1EA5t).
7
VN
0
TEXT
8
09_CHI_TIET_DE_NEO
10
886.67
20
323.716
30
0.0
40
1.2
1
2. Th\U+00F4ng s\U+1ED1: c_u b\U+00F9n = 20 kPa; \U+03B3' b\U+00F9n = 6 kN/m\U+00B3; \U+03B1 \U+0111\U+00E1y \U+0111\U+1EBF = 0.5; \U+03B1 th\U+00E2n v\U+00EDt = 0.8; h\U+1EC7 s\U+1ED1 tr\U+1ECDng l\U+01B0\U+1EE3ng \U+0111\U+1EBF 0.9; FS tr\U+01B0\U+1EE3t 1.5, l\U+1EADt 1.5, nh\U+1ED5 v\U+00EDt 2, n\U+1EC1n 2.5.
7
VN
0
TEXT
8
09_CHI_TIET_DE_NEO
10
886.67
20
321.076
30
0.0
40
1.2
1
3. c_u, \U+03B3' v\U+00E0 c\U+00E1c h\U+1EC7 s\U+1ED1 b\U+00E1m d\U+00EDnh l\U+00E0 GI\U+1EA2 \U+0110\U+1ECANH, ch\U+01B0a c\U+00F3 kh\U+1EA3o s\U+00E1t \U+0111\U+00E1y h\U+1ED3. B\U+00F9n m\U+1EB7t l\U+00F2ng h\U+1ED3 th\U+01B0\U+1EDDng ch\U+1EC9 2\U+201310 kPa: ph\U+1EA3i c\U+1EAFt c\U+00E1nh / xuy\U+00EAn t\U+0129nh tr\U+01B0\U+1EDBc khi ch\U+1ED1t k\U+00EDch th\U+01B0\U+1EDBc \U+0111\U+1EBF.
7
VN
0
TEXT
8
09_CHI_TIET_DE_NEO
10
886.67
20
318.436
30
0.0
40
1.2
1
4. \U+0110\U+1EBF m\U+1EABu 2,5 \U+00D7 2,5 \U+00D7 0,4 m ch\U+1EC9 \U+0111\U+1EA1t v\U+1EDBi l\U+1EF1c d\U+00E2y kho\U+1EA3ng 70 kN. \U+0110i\U+1EC3m c\U+00F3 l\U+1EF1c d\U+00E2y l\U+1EDBn h\U+01A1n ho\U+1EB7c d\U+00E2y d\U+1ED1c d\U+00F9ng \U+0111\U+1EBF L\U+1EDAN H\U+01A0N (c\U+1EA1nh 2,50\U+20133,25 m, n\U+1EB7ng t\U+1EDBi 10,8 t\U+1EA5n khi c\U+1EA9u).
7
VN
0
TEXT
8
09_CHI_TIET_DE_NEO
10
886.67
20
315.796
30
0.0
40
1.2
1
5. \U+0110\U+1EBF \U+0111\U+1EB7t m\U+1ED9t c\U+1EA1nh song song ph\U+01B0\U+01A1ng c\U+00E1p. Sau khi h\U+1EA1 \U+0111\U+1EBF: v\U+1EB7n 4 v\U+00EDt qua l\U+1ED7 ch\U+1EDD, ch\U+00E8n k\U+00EDn khe l\U+1ED7 \U+2013 th\U+00E2n v\U+00EDt, kh\U+00F3a \U+0111\U+1EA7u v\U+00EDt b\U+1EB1ng b\U+1EA3n m\U+00E3 v\U+00E0 \U+0111ai \U+1ED1c.
7
VN
0
TEXT
8
09_CHI_TIET_DE_NEO
10
886.67
20
313.156
30
0.0
40
1.2
1
6. CH\U+01AFA THI\U+1EBET K\U+1EBE: tai neo c\U+00E1p v\U+00E0 ch\U+1ECDc th\U+1EE7ng t\U+1EA1i tai neo, kh\U+00F3a \U+0111\U+1EA7u v\U+00EDt, m\U+00F3c c\U+1EA9u, ch\U+1ED1ng \U+0103n m\U+00F2n v\U+00EDt (c\U+1EA7n m\U+1EA1 k\U+1EBDm nh\U+00FAng n\U+00F3ng), t\U+1EA3i \U+0111\U+1ED9ng / m\U+1ECFi, hi\U+1EC7u \U+1EE9ng nh\U+00F3m v\U+00EDt.
7
VN
0
TEXT
8
09_CHI_TIET_DE_NEO
10
886.67
20
310.516
30
0.0
40
1.2
1
7. T\U+1ED5ng: 32 \U+0111\U+1EBF (32 \U+0111\U+1EBF d\U+00F9ng chung) cho 64 tuy\U+1EBFn c\U+00E1p \U+0111\U+00E1y, 92,2 m\U+00B3 b\U+00EA t\U+00F4ng, 4,4 t\U+1EA5n th\U+00E9p b\U+1EA3n, 128 v\U+00EDt (474 m).
7
VN
0
TEXT
8
09_CHI_TIET_DE_NEO
10
886.67
20
307.876
30
0.0
40
1.2
1
8. Kh\U+00F4ng c\U+00F3 \U+0111\U+1EBF n\U+00E0o ch\U+1ED3ng l\U+1EA5n nhau tr\U+00EAn m\U+1EB7t b\U+1EB1ng.
7
VN
0
TEXT
8
09_CHI_TIET_DE_NEO
10
886.67
20
305.236
30
0.0
40
1.2
1
9. Gi\U+00F3 t\U+00EDnh to\U+00E1n: V = 20,0 m/s. Gi\U+00F3 t\U+00EDnh to\U+00E1n V = 20 m/s l\U+00E0 c\U+1EA5p gi\U+00F3 v\U+1EADn h\U+00E0nh, TH\U+1EA4P H\U+01A0N gi\U+00F3 ti\U+00EAu chu\U+1EA9n TCVN 2737:2023 v\U+00F9ng II-B (V \U+2248 29,7 m/s, q0 = 0,54 kN/m\U+00B2): \U+00E1p l\U+1EF1c gi\U+00F3 ch\U+1EC9 b\U+1EB1ng 45% m\U+1EE9c ti\U+00EAu chu\U+1EA9n. C\U+00E1p, c\U+1ECDc v\U+00E0 \U+0111\U+1EBF neo \U+0111\U+1ECBnh c\U+1EE1 \U+1EDF c\U+1EA5p gi\U+00F3 n\U+00E0y CH\U+01AFA \U+0111\U+01B0\U+1EE3c ki\U+1EC3m tra v\U+1EDBi b\U+00E3o thi\U+1EBFt k\U+1EBF; nh\U+1EADp V = 30 m/s \U+1EDF Tab 2 \U+0111\U+1EC3 ki\U+1EC3m tra.
7
VN
0
ENDSEC
0
EOF
